ID,Название,Status,Вердикт,Энтропия_Шеннона,Энтропия_Перестановок,Фрактал_Размерность_GP,Асимметрия_Сдвига,Эксцесс_Хвостов,Автокорреляция_Лаг1,Херст_Хаотичность,Радиус_Облака,Коэф_Сдвига_Аномалий,Доля_Оси_X,Доля_Оси_Y,Доля_Оси_Z,Сила_Закрутки_Ротора,Индекс_Сквозных_Дыр,Коэф_Ветвления,Частота_Фурье
A000001,Number of groups of order n.,Успешно,Аномальный Сдвиг / Выброс,2.8278,2.294,0.0,7.8632,66.7229,-0.0452,0.491,23.35,18.91,0.3419,0.3388,0.3194,1896.52,0.3015,-0.5067,23.0
A000002,Kolakoski sequence: a(n) is length of n-th run; a(1) = 1; sequence consists just of 1's and 2's.,Успешно,Сложная динамическая структура,0.9998,2.2448,3.0,-0.037,-1.9986,-0.3275,0.3324,0.87,1.51,0.4019,0.3982,0.1999,3.62,100000.0,-0.4965,36.0
A000003,Number of classes of primitive positive definite binary quadratic forms of discriminant D = -4n; or equivalently the class number of the quadratic order of discriminant D = -4n.,Успешно,Сложная динамическая структура,2.7397,2.4844,0.0,0.549,-0.2547,0.3249,0.7436,3.8,3.86,0.4348,0.2844,0.2808,39.47,0.1098,-0.4902,1.0
A000004,The zero sequence.,Успешно,Сложная динамическая структура,-0.0,-0.0,1.0,0.0,-3.0,0.0,0.5,0.0,0.0,,,,0.0,100000.0,0.0,1.0
A000005,"d(n) (also called tau(n) or sigma_0(n)), the number of divisors of n.",Успешно,Сложная динамическая структура,2.6523,2.4353,0.0,0.9652,0.3486,-0.4674,0.5741,4.26,2.75,0.4741,0.2877,0.2382,60.44,0.1085,-0.7693,35.0
A000006,Integer part of square root of n-th prime.,Успешно,Строгий кристаллический тренд,4.0726,-0.0,0.0,-0.3964,-0.9271,0.9961,0.7995,6.94,4.12,0.9292,0.0379,0.0329,9.86,0.0346,-0.3269,1.0
A000007,The characteristic function of {0}: a(n) = 0^n.,Успешно,Аномальный Сдвиг / Выброс,0.0776,0.0789,1.0,10.1,100.0096,0.0,0.499,0.02,104.0,1.0,0.0,0.0,0.0,1.0,0.0,1.0
A000008,"Number of ways of making change for n cents using coins of 1, 2, 5, 10 cents.",Успешно,Строгий кристаллический тренд,5.8652,-0.0,0.0,0.9069,-0.3961,0.9999,0.7898,222.76,3.08,0.9893,0.0063,0.0044,728.02,0.0011,0.9153,1.0
A000009,Expansion of Product_{m >= 1} (1 + x^m); number of partitions of n into distinct parts; number of partitions of n into odd parts.,Успешно,Строгий кристаллический тренд,5.6867,-0.0,0.0,1.8301,2.4397,1.0,0.7566,1898.8,5.69,0.9965,0.0033,0.0002,6826.32,0.0001,1.0,1.0
A000010,Euler totient function phi(n): count numbers <= n and prime to n.,Успешно,Сложная динамическая структура,4.3967,2.182,0.0,0.8832,0.1946,0.2998,0.7512,24.04,3.3,0.5148,0.3322,0.153,1201.88,0.012,-0.8765,1.0
A000011,Number of n-bead necklaces (turning over is allowed) where complements are equivalent.,Успешно,Строгий кристаллический тренд,5.1719,-0.0,0.0,4.3238,18.8785,1.0,0.6173,366538081.37,18.99,0.9997,0.0003,0.0,126483844920536.27,0.0,1.0,1.0
A000012,The simplest sequence of positive numbers: the all 1's sequence.,Успешно,Сложная динамическая структура,-0.0,-0.0,1.0,0.0,-3.0,0.0,0.5,0.0,0.0,,,,0.0,100000.0,0.0,1.0
A000013,Definition (1): Number of n-bead binary necklaces with beads of 2 colors where the colors may be swapped but turning over is not allowed.,Успешно,Строгий кристаллический тренд,5.1316,-0.0,0.0,4.2599,18.2819,1.0,0.6175,384964798.66,18.49,0.9997,0.0003,0.0,144501867586629.38,0.0,1.0,1.0
A000014,Number of series-reduced trees with n nodes.,Успешно,Строгий кристаллический тренд,5.0219,0.3501,0.0,4.4618,20.0991,1.0,0.6103,144391353.83,19.94,0.9993,0.0007,0.0,50656497062391.77,0.0,1.0,1.0
A000015,Smallest prime power >= n.,Успешно,Строгий кристаллический тренд,4.734,-0.0,0.0,-0.0292,-1.2098,0.9976,0.8041,30.97,5.92,0.9431,0.0307,0.0262,138.99,0.0083,-0.3721,1.0
A000016,a(n) is the number of distinct (infinite) output sequences from binary n-stage shift register which feeds back the complement of the last stage.,Успешно,Строгий кристаллический тренд,4.9823,-0.0,0.0,4.0618,16.4881,1.0,0.6179,56191320.78,16.99,0.9996,0.0004,0.0,3468248792252.88,0.0,1.0,1.0
A000017,Erroneous version of A032522.,Успешно,Плоский Аттрактор (Петля/Узел),3.9321,1.3216,0.0,3.2942,9.9109,0.9984,0.5747,7837.46,11.5,0.9804,0.0179,0.0017,4084731.03,0.0,0.9927,1.0
A000018,Number of positive integers <= 2^n of form x^2 + 16*y^2.,Успешно,Строгий кристаллический тренд,5.1013,-0.0,0.0,4.1664,17.399,1.0,0.6157,521421978.32,17.73,0.9998,0.0002,0.0,164374785075121.06,0.0,1.0,1.0
A000019,Number of primitive permutation groups of degree n.,Успешно,Аномальный Сдвиг / Выброс,3.6711,2.5264,0.0,6.5922,48.4245,-0.0022,0.4868,16.1,15.25,0.3373,0.3334,0.3293,863.34,0.1054,-0.4899,5.0
A000020,Number of primitive polynomials of degree n over GF(2) (version 2).,Успешно,Плоский Аттрактор (Петля/Узел),5.0269,1.4124,0.0,5.0546,25.5609,0.7532,0.5823,325784685.15,26.03,0.8285,0.158,0.0135,1.1181599678080992e+17,0.0,-0.3694,1.0
A000021,Number of positive integers <= 2^n of form x^2 + 12 y^2.,Успешно,Строгий кристаллический тренд,5.1013,-0.0,0.0,4.1663,17.3982,1.0,0.6157,623575722.95,17.73,0.9998,0.0002,0.0,235881472301034.0,0.0,1.0,1.0
A000022,Number of centered hydrocarbons with n atoms.,Успешно,Строгий кристаллический тренд,4.83,0.3998,0.0,4.5742,20.6689,1.0,0.582,3389910192.32,20.34,0.9995,0.0005,0.0,2.3872340677892684e+16,0.0,1.0,1.0
A000023,Expansion of e.g.f. exp(-2*x)/(1-x).,Успешно,Строгий кристаллический тренд,4.4366,0.7229,0.0,4.4625,17.9591,1.0,0.4926,1.3778774666644791e+19,21.0,0.9999,0.0001,0.0,1.1467231875698146e+35,0.0,1.0,1.0
A000024,Number of positive integers <= 2^n of form x^2 + 10 y^2.,Успешно,Строгий кристаллический тренд,5.1013,-0.0,0.0,4.166,17.3958,1.0,0.6158,741885788.57,17.72,0.9998,0.0002,0.0,338806833148340.6,0.0,1.0,1.0
A000025,Coefficients of the 3rd-order mock theta function f(q).,Успешно,Плоский Аттрактор (Петля/Узел),5.8402,1.1082,0.0,0.1665,1.8451,-0.9999,0.2652,425.78,4.78,0.9852,0.0095,0.0053,6065.12,0.0005,-0.9999,29.0
A000026,Mosaic numbers or multiplicative projection of n: if n = Product (p_j^k_j) then a(n) = Product (p_j * k_j).,Успешно,Аномальный Сдвиг / Выброс,5.7286,1.8365,0.0,0.3713,-1.0752,0.782,0.7715,31.7,6.68,0.6222,0.2071,0.1707,971.68,0.0097,-0.3516,1.0
A000027,"The positive integers. Also called the natural numbers, the whole numbers or the counting numbers, but these terms are ambiguous.",Успешно,Строгий кристаллический тренд,6.2668,-0.0,0.0,0.0,-1.2004,1.0,0.8073,32.47,1.0,1.0,0.0,0.0,2.45,0.0078,0.0,1.0
A000028,"Let k = p_1^e_1 p_2^e_2 p_3^e_3 ... be the prime factorization of n. Sequence gives k such that the sum of the numbers of 1's in the binary expansions of e_1, e_2, e_3, ... is odd.",Успешно,Строгий кристаллический тренд,6.0661,-0.0,0.0,-0.0379,-1.2129,0.9993,0.8006,59.8,3.42,0.9673,0.0196,0.0131,244.75,0.0043,-0.1486,1.0
A000029,"Number of necklaces with n beads of 2 colors, allowing turning over (these are also called bracelets).",Успешно,Строгий кристаллический тренд,5.2479,-0.0,0.0,4.1947,17.6821,1.0,0.6176,202475932.71,17.98,0.9997,0.0003,0.0,42537268604885.12,0.0,1.0,1.0
A000030,Initial digit of n.,Успешно,Строгий кристаллический тренд,2.9602,0.2276,0.0,0.4012,-1.2732,0.9316,0.8137,4.37,32.0,0.7417,0.164,0.0943,4.27,0.7071,-0.0,1.0
A000031,Number of n-bead necklaces with 2 colors when turning over is not allowed; also number of output sequences from a simple n-stage cycling shift register; also number of binary irreducible polynomials whose degree divides n.,Успешно,Строгий кристаллический тренд,5.1699,-0.0,0.0,4.0618,16.488,1.0,0.6179,112383066.47,16.99,0.9996,0.0004,0.0,13844632775228.79,0.0,1.0,1.0
A000032,"Lucas numbers beginning at 2: L(n) = L(n-1) + L(n-2), L(0) = 2, L(1) = 1.",Успешно,Строгий кристаллический тренд,5.2854,0.1793,0.0,3.6298,13.1366,1.0,0.6485,11957597.68,14.51,1.0,0.0,0.0,8.66,0.0,1.0,1.0
A000033,"a(n) = A058087(n,n-2).",Успешно,Строгий кристаллический тренд,4.4594,-0.0,0.0,4.3499,16.9652,1.0,0.4921,2.954510841844589e+19,20.04,0.9999,0.0001,0.0,5.085543913456104e+35,0.0,1.0,1.0
A000034,"Period 2: repeat [1, 2]; a(n) = 1 + (n mod 2).",Успешно,Сложная динамическая структура,1.0,1.0,3.0,0.0,-2.0,-1.0,0.0,0.87,1.0,1.0,0.0,0.0,4.24,0.5773,-1.0,12.0
A000035,"Period 2: repeat [0, 1]; a(n) = n mod 2; parity of n.",Успешно,Сложная динамическая структура,0.9999,0.9999,3.0,0.019,-1.9996,-1.0,0.1469,0.87,1.0,1.0,0.0,0.0,1.41,100000.0,-1.0,51.0
A000036,"Let A(n) = #{(i,j): i^2 + j^2 <= n}, V(n) = Pi*n, P(n) = A(n) - V(n); A000099 gives values of n where |P(n)| sets a new record; sequence gives closest integer to P(A000099(n)).",Успешно,Аномальный Сдвиг / Выброс,5.5987,2.0253,0.0,0.0306,-1.3523,0.846,0.7988,65.83,6.47,0.6732,0.1639,0.1628,712.52,0.0057,-0.5035,1.0
A000037,"Numbers that are not squares (or, the nonsquares).",Успешно,Строгий кристаллический тренд,6.4919,-0.0,0.0,-0.0415,-1.1861,0.9999,0.8137,41.18,1.84,0.9909,0.0054,0.0036,15.72,0.0061,-0.1,1.0
A000038,Twice A000007.,Успешно,Аномальный Сдвиг / Выброс,0.0776,0.0789,1.0,10.1,100.0096,0.0,0.499,0.04,104.0,1.0,0.0,0.0,0.0,0.5,0.0,1.0
A000039,Coefficient of q^(2n) in the series expansion of Ramanujan's mock theta function f(q).,Успешно,Строгий кристаллический тренд,5.6147,-0.0,0.0,-1.7856,2.2544,1.0,0.7499,4406.25,5.36,0.9943,0.004,0.0017,132159.86,0.0,0.9981,1.0
A000040,The prime numbers.,Успешно,Строгий кристаллический тренд,5.858,-0.0,0.0,0.1884,-1.2275,0.9994,0.7964,121.52,2.97,0.9707,0.0174,0.0119,869.66,0.0022,-0.0784,1.0
A000041,a(n) is the number of partitions of n (the partition numbers).,Успешно,Строгий кристаллический тренд,5.6039,-0.0,0.0,2.2508,4.3395,1.0,0.7324,43340.25,7.41,0.9961,0.0038,0.0001,5648593.2,0.0,1.0,1.0
A000042,Unary representation of natural numbers.,Успешно,Строгий кристаллический тренд,4.3219,-0.0,0.0,4.0651,14.6958,1.0,0.5051,1.211681930159246e+18,17.1,1.0,0.0,0.0,1.7501484678093677e+19,0.0,1.0,1.0
A000043,Mersenne exponents: primes p such that 2^p - 1 is prime. Then 2^p - 1 is called a Mersenne prime.,Успешно,Строгий кристаллический тренд,5.6439,-0.0,0.0,2.0916,3.5515,0.9918,0.7465,22355819.81,10.36,0.8986,0.0645,0.0369,88921855427862.61,0.0,0.5868,1.0
A000044,"Dying rabbits: a(0) = 1; for 1 <= n <= 12, a(n) = Fibonacci(n); for n >= 13, a(n) = a(n-1) + a(n-2) - a(n-13).",Успешно,Строгий кристаллический тренд,5.5177,-0.0,0.0,4.1406,17.5234,1.0,0.6472,513865022.68,18.29,1.0,0.0,0.0,21928203.63,0.0,1.0,1.0
A000045,Fibonacci numbers: F(n) = F(n-1) + F(n-2) with F(0) = 0 and F(1) = 1.,Успешно,Строгий кристаллический тренд,5.3088,-0.0,0.0,3.7388,14.0236,1.0,0.6483,13423467.52,15.28,1.0,0.0,0.0,1.73,0.0,1.0,1.0
A000046,Number of primitive n-bead necklaces (turning over is allowed) where complements are equivalent.,Успешно,Строгий кристаллический тренд,5.1624,-0.0,0.0,4.387,19.4778,1.0,0.6171,698676027.45,19.49,0.9997,0.0003,0.0,456445196253826.25,0.0,1.0,1.0
A000047,Number of integers <= 2^n of form x^2 - 2y^2.,Успешно,Строгий кристаллический тренд,5.1293,-0.0,0.0,4.0331,16.2097,1.0,0.6158,288508500.57,16.73,0.9998,0.0002,0.0,53010314964516.55,0.0,1.0,1.0
A000048,"Number of n-bead necklaces with beads of 2 colors and primitive period n, when turning over is not allowed but the two colors can be interchanged.",Успешно,Строгий кристаллический тренд,5.0374,-0.0,0.0,4.1949,17.6838,1.0,0.6176,202430305.4,17.99,0.9997,0.0003,0.0,41426940955427.06,0.0,1.0,1.0
A000049,Number of positive integers <= 2^n of the form 3*x^2 + 4*y^2.,Успешно,Строгий кристаллический тренд,5.1554,-0.0,0.0,4.1663,17.3983,1.0,0.6157,623575039.0,17.73,0.9998,0.0002,0.0,235858904905447.53,0.0,1.0,1.0
A000050,Number of positive integers <= 2^n of form x^2 + y^2.,Успешно,Строгий кристаллический тренд,5.1699,-0.0,0.0,4.1004,16.8048,1.0,0.6158,616778467.49,17.23,0.9998,0.0002,0.0,234873529739443.03,0.0,1.0,1.0
A000051,a(n) = 2^n + 1.,Успешно,Строгий кристаллический тренд,5.0875,-0.0,0.0,4.0083,15.9618,1.0,0.6132,999477209.56,16.5,1.0,0.0,0.0,259198324.22,0.0,1.0,1.0
A000052,"1-digit numbers arranged in alphabetical order, then the 2-digit numbers arranged in alphabetical order, then the 3-digit numbers, etc.",Успешно,Аномальный Сдвиг / Выброс,6.0444,2.4043,0.0,-0.4043,-1.1356,0.7944,0.6834,46.83,7.57,0.6087,0.243,0.1482,2047.3,0.0085,-0.0651,2.0
A000053,Local stops on New York City 1 Train (Broadway-7 Avenue Local) subway.,Успешно,Строгий кристаллический тренд,4.858,-0.0,0.0,0.234,-1.2298,0.9993,0.7516,102.12,1.96,0.9677,0.0229,0.0094,619.19,0.0026,0.4282,1.0
A000054,Local stops on New York City A line subway.,Успешно,Строгий кристаллический тренд,4.6439,-0.0,0.0,-0.086,-1.1717,0.9995,0.7373,82.58,1.54,0.97,0.0196,0.0104,480.31,0.0031,0.1554,1.0
A000055,Number of trees with n unlabeled nodes.,Успешно,Строгий кристаллический тренд,4.9932,-0.0,0.0,4.8906,23.7361,1.0,0.5766,520513428206.94,22.92,0.9996,0.0004,0.0,4.6557073085431585e+20,0.0,1.0,1.0
A000056,"Order of the group SL(2,Z_n).",Успешно,Аномальный Сдвиг / Выброс,5.4263,1.5707,0.0,1.2743,0.8466,0.9079,0.7596,27221.2,6.01,0.8021,0.1585,0.0393,492394092.59,0.0,-0.9102,1.0
A000057,Primes that divide at least one term in every Fibonacci sequence.,Успешно,Строгий кристаллический тренд,5.7004,-0.0,0.0,0.2357,-1.0933,0.9991,0.7844,686.99,3.1,0.9614,0.0243,0.0143,33214.88,0.0004,0.0666,1.0
A000058,"Sylvester's sequence: a(n+1) = a(n)^2 - a(n) + 1, with a(0) = 2.",Skip,Слишком короткий ряд,,,,,,,,,,,,,,,,
A000059,Numbers k such that (2k)^4 + 1 is prime.,Успешно,Строгий кристаллический тренд,5.9069,-0.0,0.0,0.2766,-0.9947,0.9991,0.7901,102.4,4.82,0.9629,0.0235,0.0137,743.96,0.0024,0.0834,1.0
A000060,Number of signed trees with n nodes.,Успешно,Строгий кристаллический тренд,4.858,-0.0,0.0,4.8334,22.0707,1.0,0.5325,2.6546392161797764e+16,22.58,0.9999,0.0001,0.0,5.336314176134865e+29,0.0,1.0,1.0
A000061,"Generalized tangent numbers d(n,1).",Успешно,Сложная динамическая структура,5.4136,2.0325,0.0,0.3877,-1.0591,0.9612,0.7974,92.5,3.96,0.8121,0.0956,0.0924,4892.45,0.003,-0.5223,1.0
A000062,A Beatty sequence: a(n) = floor(n/(e-2)).,Успешно,Строгий кристаллический тренд,6.1497,-0.0,0.0,-0.0011,-1.2006,0.9999,0.8037,41.62,1.44,0.9866,0.0074,0.006,70.48,0.0061,-0.6429,1.0
A000063,Symmetrical dissections of an n-gon.,Успешно,Строгий кристаллический тренд,4.8795,-0.0,0.0,4.9005,24.3388,0.8557,0.593,599046774.84,27.04,0.8573,0.1424,0.0002,3.4324463421923206e+17,0.0,-0.0508,1.0
A000064,"Partial sums of (unordered) ways of making change for n cents using coins of 1, 2, 5, 10 cents.",Успешно,Строгий кристаллический тренд,5.6724,-0.0,0.0,1.1834,0.2336,1.0,0.7734,1948.7,3.33,0.9929,0.0069,0.0002,11990.0,0.0001,0.9999,1.0
A000065,-1 + number of partitions of n.,Успешно,Строгий кристаллический тренд,5.5433,-0.0,0.0,2.2155,4.1621,1.0,0.7312,31578.35,7.23,0.9959,0.0039,0.0002,3177909.5,0.0,1.0,1.0
A000066,Smallest number of vertices in trivalent graph with girth (shortest cycle) = n.,Skip,Слишком короткий ряд,,,,,,,,,,,,,,,,
A000067,Number of positive integers <= 2^n of form x^2 + 2 y^2.,Успешно,Строгий кристаллический тренд,5.1699,-0.0,0.0,4.1003,16.804,1.0,0.6158,705304499.35,17.23,0.9998,0.0002,0.0,308374758059015.6,0.0,1.0,1.0
A000068,Numbers k such that k^4 + 1 is prime.,Успешно,Строгий кристаллический тренд,5.8329,-0.0,0.0,0.2473,-0.9858,0.999,0.7891,187.44,4.82,0.9602,0.0253,0.0145,2500.03,0.0013,0.1389,1.0
A000069,Odious numbers: numbers with an odd number of 1's in their binary expansion.,Успешно,Строгий кристаллический тренд,6.0224,-0.0,0.0,-0.0012,-1.2017,0.9998,0.7996,54.57,1.51,0.982,0.009,0.009,151.71,0.0047,-0.5,1.0
A000070,a(n) = Sum_{k=0..n} p(k) where p(k) = number of partitions of k (A000041).,Успешно,Строгий кристаллический тренд,5.4919,-0.0,0.0,2.2457,4.3048,1.0,0.7253,112604.94,7.33,0.9956,0.0044,0.0,47690294.07,0.0,1.0,1.0
A000071,a(n) = Fibonacci(n) - 1.,Успешно,Строгий кристаллический тренд,5.2719,-0.0,0.0,3.6847,13.58,1.0,0.6484,13706151.95,14.9,1.0,0.0,0.0,2112874.0,0.0,1.0,1.0
A000072,Number of positive integers <= 2^n of form x^2 + 4 y^2.,Успешно,Строгий кристаллический тренд,5.1144,-0.0,0.0,4.1003,16.8044,1.0,0.6158,462708386.03,17.23,0.9998,0.0002,0.0,132698186322619.73,0.0,1.0,1.0
A000073,Tribonacci numbers: a(n) = a(n-1) + a(n-2) + a(n-3) for n >= 3 with a(0) = a(1) = 0 and a(2) = 1.,Успешно,Строгий кристаллический тренд,5.1427,-0.0,0.0,4.0257,16.2658,1.0,0.6261,131917151.21,16.88,1.0,0.0,0.0,4002.29,0.0,1.0,1.0
A000074,Number of odd integers <= 2^n of form x^2 + y^2.,Успешно,Строгий кристаллический тренд,5.0286,-0.0,0.0,3.967,15.6324,1.0,0.6156,161862128.16,16.25,0.9998,0.0002,0.0,15420319303145.59,0.0,1.0,1.0
A000075,Number of positive integers <= 2^n of form 2*x^2 + 3*y^2.,Успешно,Строгий кристаллический тренд,5.1699,-0.0,0.0,4.0995,16.7981,1.0,0.6158,454752932.05,17.22,0.9998,0.0002,0.0,132887288639999.45,0.0,1.0,1.0
A000076,Number of integers <= 2^n of form 4 x^2 + 4 x y + 5 y^2.,Успешно,Строгий кристаллический тренд,5.2719,-0.0,0.0,4.3599,19.1944,1.0,0.6155,3726789086.78,19.23,0.9998,0.0002,0.0,7348272315544702.0,0.0,1.0,1.0
A000077,Number of positive integers <= 2^n of form x^2 + 6 y^2.,Успешно,Строгий кристаллический тренд,5.1144,-0.0,0.0,4.0995,16.7981,1.0,0.6158,454753225.5,17.22,0.9998,0.0002,0.0,132998309717312.67,0.0,1.0,1.0
A000078,Tetranacci numbers: a(n) = a(n-1) + a(n-2) + a(n-3) + a(n-4) for n >= 4 with a(0) = a(1) = a(2) = 0 and a(3) = 1.,Успешно,Строгий кристаллический тренд,5.0702,-0.0,0.0,4.1683,17.457,1.0,0.619,305664283.02,17.8,1.0,0.0,0.0,151848.03,0.0,1.0,1.0
A000079,Powers of 2: a(n) = 2^n.,Успешно,Строгий кристаллический тренд,5.1293,-0.0,0.0,4.0761,16.5586,1.0,0.6133,1949675963.74,17.0,1.0,0.0,0.0,0.0,0.0,1.0,1.0
A000080,Number of nonisomorphic minimal triangle graphs.,Успешно,Строгий кристаллический тренд,4.4366,-0.0,0.0,3.9082,14.3064,1.0,0.5602,183970997.15,15.19,0.9991,0.0009,0.0,111078968872083.97,0.0,1.0,1.0
A000081,Number of unlabeled rooted trees with n nodes (or connected functions with a fixed point).,Успешно,Строгий кристаллический тренд,4.9375,-0.0,0.0,4.5411,20.1887,1.0,0.574,94277371351.2,19.98,0.9997,0.0003,0.0,1.053975729940807e+19,0.0,1.0,1.0
A000082,a(n) = n^2*Product_{p|n} (1 + 1/p).,Успешно,Аномальный Сдвиг / Выброс,5.5546,2.2118,0.0,0.8928,-0.1217,0.7821,0.7684,1578.8,5.37,0.6684,0.2129,0.1188,2651387.99,0.0002,-0.8107,1.0
A000083,Number of mixed Husimi trees with n nodes; or polygonal cacti with bridges.,Успешно,Строгий кристаллический тренд,4.7484,-0.0,0.0,4.7831,21.8764,1.0,0.5455,26434944620736.02,21.95,0.9998,0.0002,0.0,8.399873899277312e+23,0.0,1.0,1.0
A000084,Number of series-parallel networks with n unlabeled edges. Also called yoke-chains by Cayley and MacMahon.,Успешно,Строгий кристаллический тренд,4.7549,-0.0,0.0,4.3318,17.9087,1.0,0.559,239598800031.11,18.27,0.9998,0.0002,0.0,6.175812571186062e+19,0.0,1.0,1.0
A000085,"Number of self-inverse permutations on n letters, also known as involutions; number of standard Young tableaux with n cells.",Успешно,Строгий кристаллический тренд,4.7359,-0.0,0.0,4.7806,21.4534,1.0,0.5289,255669828090267.22,22.24,0.9994,0.0006,0.0,2.1868399298479602e+26,0.0,1.0,1.0
A000086,Number of solutions to x^2 - x + 1 == 0 (mod n).,Успешно,Аномальный Сдвиг / Выброс,0.8449,1.454,0.0,1.9853,3.0904,-0.2128,0.4374,1.26,5.27,0.3851,0.3315,0.2834,1.8,0.7071,-0.5983,35.0
A000087,Number of unrooted nonseparable planar maps with n edges and a distinguished face.,Успешно,Строгий кристаллический тренд,4.5016,0.2668,0.0,4.4033,17.86,1.0,0.5251,56265507926935.09,19.19,0.9998,0.0002,0.0,2.4724876554069906e+24,0.0,1.0,1.0
A000088,Number of simple graphs on n unlabeled nodes.,Успешно,Строгий кристаллический тренд,4.2219,-0.0,0.0,4.1295,15.0526,1.0,0.4914,2.5854380900111482e+33,19.0,1.0,0.0,0.0,1.6846394504647854e+59,0.0,1.0,1.0
A000089,Number of solutions to x^2 + 1 == 0 (mod n).,Успешно,Аномальный Сдвиг / Выброс,0.9622,1.5037,0.0,1.7923,2.4282,-0.1619,0.3642,1.46,4.67,0.3785,0.3597,0.2618,2.48,0.7071,-0.4594,26.0
A000090,Expansion of e.g.f. exp((-x^3)/3)/(1-x).,Успешно,Строгий кристаллический тренд,4.4366,-0.0,0.0,4.4625,17.9591,1.0,0.4926,7.295158500830346e+19,21.0,0.9999,0.0001,0.0,3.2144602222959365e+36,0.0,1.0,1.0
A000091,"Multiplicative with a(2^e) = 2 for k >= 1; a(3) = 2, a(3^e) = 0 for k >= 2; a(p^e) = 0 if p > 3 and p == -1 (mod 3); a(p^e) = 2 if p > 3 and p == 1 (mod 3).",Успешно,Сложная динамическая структура,1.6059,2.2298,0.0,1.2997,1.3425,-0.1537,0.4267,3.15,3.73,0.368,0.3355,0.2965,13.93,0.3333,-0.563,42.0
A000092,"Let A(n) = #{(i,j,k): i^2 + j^2 + k^2 <= n}, V(n) = (4/3)Pi*n^(3/2), P(n) = A(n) - V(n); sequence gives values of n where |P(n)| sets a new record.",Успешно,Строгий кристаллический тренд,5.585,-0.0,0.0,1.5307,1.2908,0.9887,0.7562,6158.96,13.46,0.8824,0.0634,0.0542,9022137.91,0.0,-0.0212,1.0
A000093,a(n) = floor(n^(3/2)).,Успешно,Строгий кристаллический тренд,5.858,-0.0,0.0,0.3702,-1.1275,1.0,0.7946,190.83,1.59,0.9932,0.0055,0.0012,206.05,0.0014,0.9674,1.0
A000094,Number of trees of diameter 4.,Успешно,Строгий кристаллический тренд,5.3496,-0.0,0.0,2.1797,3.985,1.0,0.7297,22848.78,7.05,0.9957,0.0041,0.0002,1785795.44,0.0,1.0,1.0
A000095,Number of fixed points of Gamma_0 (n) of type i.,Успешно,Сложная динамическая структура,1.0441,1.5037,0.0,1.8376,2.033,-0.1371,0.4073,1.92,3.5,0.3751,0.355,0.2698,4.44,0.4472,-0.4555,26.0
A000096,a(n) = n*(n+3)/2.,Успешно,Строгий кристаллический тренд,5.8826,-0.0,0.0,0.6205,-0.8785,1.0,0.7934,770.44,1.93,0.9939,0.0061,0.0,1461.12,0.0003,1.0,1.0
A000097,Number of partitions of n if there are two kinds of 1's and two kinds of 2's.,Успешно,Строгий кристаллический тренд,5.3576,-0.0,0.0,2.2484,4.309,1.0,0.7182,160933.23,7.27,0.995,0.005,0.0001,120478777.03,0.0,1.0,1.0
A000098,"Number of partitions of n if there are two kinds of 1, two kinds of 2 and two kinds of 3.",Успешно,Строгий кристаллический тренд,5.1699,-0.0,0.0,2.2162,4.1367,1.0,0.7095,117086.99,7.04,0.9942,0.0058,0.0,81315623.27,0.0,1.0,1.0
A000099,"Let A(n) = #{(i,j): i^2 + j^2 <= n}, V(n) = Pi*n, P(n) = A(n) - V(n); sequence gives values of n where |P(n)| sets a new record.",Успешно,Строгий кристаллический тренд,5.5236,-0.0,0.0,1.364,0.5048,0.9905,0.7652,11139.05,10.06,0.8909,0.063,0.0461,24129949.19,0.0,0.1167,1.0
A000100,a(n) is the number of compositions of n in which the maximal part is 3.,Успешно,Строгий кристаллический тренд,5.0378,-0.0,0.0,3.9072,15.2326,1.0,0.6259,136113636.96,16.01,0.9999,0.0001,0.0,6692773312980.54,0.0,1.0,1.0
A000101,"Record gaps between primes (upper end) (compare A002386, which gives lower ends of these gaps).",Успешно,Строгий кристаллический тренд,4.9542,-0.0,0.0,3.954,16.0508,0.9071,0.6245,171337357.59,19.89,0.834,0.1307,0.0354,1.6840586072136434e+16,0.0,0.2214,1.0
A000102,a(n) = number of compositions of n in which the maximum part size is 4.,Успешно,Строгий кристаллический тренд,4.9932,-0.0,0.0,4.1408,17.1823,1.0,0.617,914281920.27,17.55,0.9997,0.0003,0.0,810736212912982.1,0.0,1.0,1.0
A000103,Number of n-node triangulations of sphere in which every node has degree >= 4.,Успешно,Строгий кристаллический тренд,4.4183,-0.0,0.0,4.4041,17.8651,1.0,0.525,1630649441584.03,19.2,0.9998,0.0002,0.0,2.2508679010443146e+21,0.0,1.0,1.0
A000104,Number of n-celled free polyominoes without holes.,Успешно,Строгий кристаллический тренд,4.694,-0.0,0.0,4.6369,20.5547,1.0,0.5499,9230832071492.63,20.7,0.9999,0.0001,0.0,4.161295256622121e+22,0.0,1.0,1.0
A000105,Number of free polyominoes (or square animals) with n cells.,Успешно,Строгий кристаллический тренд,4.694,-0.0,0.0,4.655,20.696,1.0,0.5484,13769759720785.8,20.86,0.9999,0.0001,0.0,9.445586980532873e+22,0.0,1.0,1.0
A000106,2nd power of rooted tree enumerator; number of linear forests of 2 rooted trees.,Успешно,Строгий кристаллический тренд,4.9542,-0.0,0.0,4.4645,19.4504,1.0,0.5738,525175423326.21,19.37,0.9998,0.0002,0.0,2.7841722681143912e+20,0.0,1.0,1.0
A000107,Number of rooted trees with n nodes and a single labeled node; pointed rooted trees; vertebrates.,Успешно,Строгий кристаллический тренд,4.9542,-0.0,0.0,4.5067,19.7936,1.0,0.5713,829146039230.72,19.68,0.9999,0.0001,0.0,2.5998005595236778e+20,0.0,1.0,1.0
A000108,"Catalan numbers: C(n) = binomial(2n,n)/(n+1) = (2n)!/(n!(n+1)!).",Успешно,Строгий кристаллический тренд,4.8897,-0.0,0.0,4.8073,22.2418,1.0,0.5511,324861774030683.44,22.12,0.9999,0.0001,0.0,7.5102818867872515e+25,0.0,1.0,1.0
A000109,Number of simplicial polyhedra with n vertices; simple planar graphs with n vertices and 3n-6 edges; maximal simple planar graphs with n vertices; planar triangulations with n vertices; triangulations of the sphere with n vertices; 3-connected cubic planar graphs on 2n-4 vertices.,Успешно,Строгий кристаллический тренд,4.2433,-0.0,0.0,4.262,16.4365,1.0,0.5138,23435757517486.04,18.39,0.9999,0.0001,0.0,3.6896596761226826e+23,0.0,1.0,1.0
A000110,Bell or exponential numbers: number of ways to partition a set of n labeled elements.,Успешно,Строгий кристаллический тренд,4.6808,-0.0,0.0,4.8377,21.6044,1.0,0.5091,4.008730862217013e+18,23.57,0.9997,0.0003,0.0,2.6466428927469587e+34,0.0,1.0,1.0
A000111,"Euler or up/down numbers: e.g.f. sec(x) + tan(x). Also for n >= 2, half the number of alternating permutations on n letters (A001250).",Успешно,Строгий кристаллический тренд,4.5788,-0.0,0.0,4.8751,21.8566,1.0,0.5003,3.1946212791523987e+20,24.43,0.9999,0.0001,0.0,1.0290843716445543e+38,0.0,1.0,1.0
A000112,"Number of partially ordered sets (""posets"") with n unlabeled elements.",Успешно,Строгий кристаллический тренд,3.9698,-0.0,0.0,3.7485,12.0556,1.0,0.4893,557346225571749.7,15.76,0.9999,0.0001,0.0,9.569181431178009e+25,0.0,1.0,1.0
A000113,Number of transformation groups of order n.,Успешно,Сложная динамическая структура,4.4798,2.5296,0.0,0.9971,1.0225,0.5641,0.739,44.0,3.84,0.5012,0.2887,0.2101,2968.78,0.0057,-0.2609,1.0
A000114,Number of cusps of principal congruence subgroup Gamma^{hat}(n).,Успешно,Сложная динамическая структура,5.2965,1.9361,0.0,0.7871,-0.3757,0.8934,0.7813,569.1,3.68,0.7812,0.1705,0.0483,263162.14,0.0004,-0.9409,1.0
A000115,Denumerants: Expansion of 1/((1-x)*(1-x^2)*(1-x^5)).,Успешно,Строгий кристаллический тренд,5.9838,-0.0,0.0,0.5856,-0.9149,1.0,0.799,103.23,1.92,0.9925,0.0051,0.0024,86.67,0.0025,0.9294,1.0
A000116,Number of even sequences with period 2n (bisection of A000013).,Успешно,Строгий кристаллический тренд,4.8074,-0.0,0.0,4.5492,19.7103,1.0,0.5492,15559706653442.77,19.99,0.9999,0.0001,0.0,1.366471461790467e+23,0.0,1.0,1.0
A000117,Number of even sequences with period 2n (bisection of A000011).,Успешно,Строгий кристаллический тренд,4.8074,-0.0,0.0,4.5492,19.7103,1.0,0.5492,7779862013365.81,19.99,0.9999,0.0001,0.0,3.4180341996438898e+22,0.0,1.0,1.0
A000118,Number of ways of writing n as a sum of 4 squares; also theta series of four-dimensional cubic lattice Z^4.,Успешно,Сложная динамическая структура,4.634,2.4154,0.0,0.9592,0.6693,0.5573,0.7323,331.71,3.61,0.4902,0.3136,0.1962,173618.54,0.0009,-0.1105,1.0
A000119,Number of representations of n as a sum of distinct Fibonacci numbers.,Успешно,Сложная динамическая структура,2.9676,2.2947,0.0,0.3397,-0.5811,0.1466,0.7246,3.28,2.89,0.421,0.3307,0.2483,33.99,0.0937,-0.6942,40.0
A000120,Ones-counting sequence: number of 1's in binary expansion of n (or the binary weight of n).,Успешно,Аномальный Сдвиг / Выброс,2.2905,1.9898,0.0,-0.0648,-0.2637,0.3818,0.6893,1.81,5.15,0.4622,0.2788,0.259,10.45,0.1667,-0.5512,13.0
A000121,Number of representations of n as a sum of Fibonacci numbers (1 is allowed twice as a part).,Успешно,Сложная динамическая структура,3.4255,2.4902,0.0,-0.1825,-0.6115,0.7568,0.7792,4.24,2.46,0.6169,0.1973,0.1858,43.7,0.0851,-0.5411,1.0
A000122,Expansion of Jacobi theta function theta_3(x) = Sum_{m =-oo..oo} x^(m^2) (number of integer solutions to k^2 = n).,Успешно,Аномальный Сдвиг / Выброс,0.53,0.9498,0.0,2.6659,5.1827,-0.0559,0.5245,0.75,5.33,0.3513,0.3483,0.3004,0.78,0.4472,-0.4972,26.0
A000123,Number of binary partitions: number of partitions of 2n into powers of 2.,Успешно,Строгий кристаллический тренд,5.6724,-0.0,0.0,1.3592,0.7429,1.0,0.7678,3505.92,4.0,0.9922,0.0059,0.0019,95753.27,0.0001,0.995,1.0
A000124,"Central polygonal numbers (the Lazy Caterer's sequence): n(n+1)/2 + 1; or, maximal number of pieces formed when slicing a pancake with n cuts.",Успешно,Строгий кристаллический тренд,5.7279,-0.0,0.0,0.6381,-0.8594,1.0,0.7876,599.8,1.96,0.9929,0.0071,0.0,1112.08,0.0004,1.0,1.0
A000125,"Cake numbers: maximal number of pieces resulting from n planar cuts through a cube (or cake): C(n+1,3) + n + 1.",Успешно,Строгий кристаллический тренд,5.5236,-0.0,0.0,1.0679,-0.0748,0.9999,0.7712,6053.51,2.93,0.9906,0.0093,0.0001,156342.71,0.0,0.9999,1.0
A000126,A nonlinear binomial sum.,Успешно,Строгий кристаллический тренд,5.1699,-0.0,0.0,3.4601,11.8079,1.0,0.6487,9243792.11,13.37,1.0,0.0,0.0,43407234.21,0.0,1.0,1.0
A000127,Maximal number of regions obtained by joining n points around a circle by straight lines. Also number of regions in 4-space formed by n-1 hyperplanes.,Успешно,Строгий кристаллический тренд,5.4594,-0.0,0.0,1.4078,0.8493,0.9999,0.7578,48664.66,3.9,0.9899,0.01,0.0001,12590692.54,0.0,0.9999,1.0
A000128,A nonlinear binomial sum.,Успешно,Строгий кристаллический тренд,5.1699,-0.0,0.0,3.4601,11.808,1.0,0.6487,14956599.06,13.37,1.0,0.0,0.0,1008521295.67,0.0,1.0,1.0
A000129,"Pell numbers: a(0) = 0, a(1) = 1; for n > 1, a(n) = 2*a(n-1) + a(n-2).",Успешно,Строгий кристаллический тренд,5.0,-0.0,0.0,4.2847,18.0788,1.0,0.5901,27119925583.13,18.16,1.0,0.0,0.0,1.81,0.0,1.0,1.0
A000130,One-half the number of permutations of length n with exactly 1 rising or falling succession.,Успешно,Строгий кристаллический тренд,4.5016,-0.0,0.0,4.5735,18.9603,1.0,0.493,3.170035502439608e+20,22.0,0.9999,0.0001,0.0,5.558947141237833e+37,0.0,1.0,1.0
A000131,Number of asymmetrical dissections of n-gon.,Успешно,Строгий кристаллический тренд,4.8074,-0.0,0.0,4.5162,19.4587,1.0,0.552,77285316118671.9,19.71,0.9998,0.0002,0.0,5.833529962452107e+24,0.0,1.0,1.0
A000132,Number of ways of writing n as a sum of 5 squares.,Успешно,Сложная динамическая структура,5.3097,2.2128,0.0,0.935,0.2894,0.8015,0.7588,2066.57,4.19,0.6193,0.2319,0.1489,4576864.63,0.0001,-0.1084,1.0
A000133,Number of Boolean functions of n variables.,Skip,Слишком короткий ряд,,,,,,,,,,,,,,,,
A000134,Positive zeros of Bessel function of order 0 rounded to nearest integer.,Успешно,Строгий кристаллический тренд,5.9069,-0.0,0.0,0.0016,-1.2013,1.0,0.7957,78.92,1.27,0.9941,0.0035,0.0024,72.25,0.0032,-0.1714,1.0
A000135,Number of partitions into non-integral powers.,Успешно,Строгий кристаллический тренд,5.2479,-0.0,0.0,2.6595,6.5278,1.0,0.693,1119704.39,9.14,0.996,0.0039,0.0,6357237087.11,0.0,1.0,1.0
A000136,Number of ways of folding a strip of n labeled stamps.,Успешно,Строгий кристаллический тренд,4.858,-0.0,0.0,4.5251,19.6838,1.0,0.5588,10792341883442.79,19.79,0.9987,0.0013,0.0,8.169706144466474e+23,0.0,1.0,1.0
A000137,Series-parallel numbers.,Успешно,Строгий кристаллический тренд,4.7004,-0.0,0.0,4.2757,17.3432,1.0,0.5556,974282513799.89,17.84,0.9999,0.0001,0.0,3.354306800535899e+20,0.0,1.0,1.0
A000138,Expansion of e.g.f. exp(-x^4/4)/(1-x).,Успешно,Строгий кристаллический тренд,4.4366,-0.0,0.0,4.4625,17.9591,1.0,0.4926,7.929134023643611e+19,21.0,0.9999,0.0001,0.0,3.79742874204707e+36,0.0,1.0,1.0
A000139,a(n) = 2*(3*n)! / ((2*n+1)!*(n+1)!).,Успешно,Строгий кристаллический тренд,4.6235,0.2499,0.0,4.6132,19.7789,1.0,0.5255,7129045671832117.0,20.91,0.9999,0.0001,0.0,3.2985405722023386e+28,0.0,1.0,1.0
A000140,Kendall-Mann numbers: the most common number of inversions in a permutation on n letters is floor(n*(n-1)/4); a(n) is the number of permutations with this many inversions.,Успешно,Строгий кристаллический тренд,4.4366,-0.0,0.0,4.4619,17.9555,1.0,0.4928,4.874387502763014e+19,20.98,0.9999,0.0001,0.0,1.5381955993196972e+36,0.0,1.0,1.0
A000141,Number of ways of writing n as a sum of 6 squares.,Успешно,Сложная динамическая структура,5.3219,2.0399,0.0,0.8881,-0.1875,0.9248,0.7614,10719.96,3.99,0.7259,0.1683,0.1058,80689501.39,0.0,-0.0511,1.0
A000142,"Factorial numbers: n! = 1*2*3*4*...*n (order of symmetric group S_n, number of permutations of n letters).",Успешно,Строгий кристаллический тренд,4.4366,-0.0,0.0,4.4625,17.9591,1.0,0.4926,1.018121389863626e+20,21.0,0.9999,0.0001,0.0,6.260896464100661e+36,0.0,1.0,1.0
A000143,Number of ways of writing n as a sum of 8 squares.,Успешно,Аномальный Сдвиг / Выброс,5.2095,1.298,0.0,1.1946,0.4518,0.9863,0.7539,302471.55,6.0,0.8656,0.0872,0.0472,25339134195.12,0.0,0.3203,1.0
A000144,Number of ways of writing n as a sum of 10 squares.,Успешно,Строгий кристаллический тренд,4.9069,-0.0,0.0,1.4713,1.1672,0.997,0.7291,3185421.61,5.3,0.9313,0.0445,0.0242,1327296045832.8,0.0,0.8086,1.0
A000145,Number of ways of writing n as a sum of 12 squares.,Успешно,Строгий кристаллический тренд,4.9542,-0.0,0.0,1.7091,1.9496,0.9994,0.7214,61915650.84,5.55,0.968,0.0218,0.0102,211826283994966.34,0.0,0.9708,1.0
A000146,From von Staudt-Clausen representation of Bernoulli numbers: a(n) = Bernoulli(2n) + Sum_{(p-1)|2n} 1/p.,Успешно,Плоский Аттрактор (Петля/Узел),3.9387,1.544,0.0,-4.585,19.0301,-1.0,0.4933,1.0498579554064207e+22,22.6,1.0,0.0,0.0,1.9164702029458963e+40,0.0,-1.0,11.0
A000147,Number of trees of diameter 5.,Успешно,Строгий кристаллический тренд,5.0744,-0.0,0.0,2.6883,6.6981,1.0,0.6979,678483.91,9.31,0.9949,0.005,0.0001,2835765856.8,0.0,1.0,1.0
A000148,Number of partitions into non-integral powers.,Успешно,Строгий кристаллический тренд,5.4919,-0.0,0.0,1.02,-0.1776,0.9999,0.7709,5708.8,2.82,0.9909,0.0089,0.0002,139157.18,0.0,0.9999,1.0
A000149,a(n) = floor(e^n).,Успешно,Строгий кристаллический тренд,4.858,-0.0,0.0,4.244,17.4808,1.0,0.5767,152743831880.57,17.7,1.0,0.0,0.0,38677215473.04,0.0,1.0,1.0
A000150,"Number of dissections of an n-gon, rooted at an exterior edge, asymmetric with respect to that edge.",Успешно,Строгий кристаллический тренд,4.6808,-0.0,0.0,4.44,18.7191,1.0,0.5502,892572946139.49,19.12,0.9998,0.0002,0.0,6.923767174622481e+20,0.0,1.0,1.0
A000151,Number of oriented rooted trees with n nodes. Also rooted trees with n nodes and 2-colored non-root nodes.,Успешно,Строгий кристаллический тренд,4.9069,-0.0,0.0,4.9443,23.1396,1.0,0.5313,3.6120239911674056e+18,23.6,0.9999,0.0001,0.0,5.23763061578804e+33,0.0,1.0,1.0
A000152,Number of ways of writing n as a sum of 16 squares.,Успешно,Строгий кристаллический тренд,4.585,-0.0,0.0,2.1051,3.516,0.9998,0.6782,1669058871.33,6.29,0.9803,0.017,0.0027,5.893887305597812e+16,0.0,0.9992,1.0
A000153,"a(n) = n*a(n-1) + (n-2)*a(n-2), with a(0) = 0, a(1) = 1.",Успешно,Строгий кристаллический тренд,4.3923,-0.0,0.0,4.2329,15.9635,1.0,0.4916,1.0269442400803299e+18,19.04,0.9999,0.0001,0.0,6.886535355584226e+32,0.0,1.0,1.0
A000154,Erroneous version of A003713.,Успешно,Строгий кристаллический тренд,3.9698,-0.0,0.0,3.739,12.0097,1.0,0.489,249806015069765.38,15.33,0.9999,0.0001,0.0,3.687986303338915e+25,0.0,1.0,1.0
A000155,Nearest integer to modified Bessel function K_n(1).,Успешно,Строгий кристаллический тренд,4.4594,-0.0,0.0,4.3599,17.0228,1.0,0.4924,2.3909467594842818e+23,20.48,1.0,0.0,0.0,1.0983698827561365e+43,0.0,1.0,1.0
A000156,Number of ways of writing n as a sum of 24 squares.,Успешно,Строгий кристаллический тренд,4.3923,-0.0,0.0,2.7271,6.6426,0.9997,0.6266,935602023776.09,8.63,0.985,0.0148,0.0002,2.7784089696104113e+22,0.0,0.9997,1.0
A000157,Number of Boolean functions of n variables.,Skip,Слишком короткий ряд,,,,,,,,,,,,,,,,
A000158,Number of partitions into non-integral powers.,Успешно,Строгий кристаллический тренд,5.3576,-0.0,0.0,1.4448,0.9752,0.9999,0.7518,57930.63,4.04,0.9901,0.0098,0.0001,19343007.18,0.0,0.9999,1.0
A000159,"a(n) = A058087(n,n-3).",Успешно,Строгий кристаллический тренд,4.3923,-0.0,0.0,4.2356,15.9784,1.0,0.4917,4.755229221591216e+20,19.13,0.9999,0.0001,0.0,1.1018175690128422e+38,0.0,1.0,1.0
A000160,Number of partitions into non-integral powers.,Успешно,Строгий кристаллический тренд,5.2479,-0.0,0.0,1.7554,2.0772,0.9999,0.7344,265728.49,5.09,0.9899,0.01,0.0001,528385014.01,0.0,0.9999,1.0
A000161,Number of partitions of n into 2 squares.,Успешно,Сложная динамическая структура,1.2006,2.0614,3.0,0.7655,-0.3993,-0.0214,0.4452,0.97,3.4,0.3791,0.3361,0.2848,1.29,0.7071,-0.3759,27.0
A000162,Number of 3-dimensional polyominoes (or polycubes) with n cells.,Успешно,Строгий кристаллический тренд,4.3685,-0.0,0.0,4.2558,16.3984,1.0,0.5148,1304629275926287.8,18.31,0.9999,0.0001,0.0,4.770910288028276e+26,0.0,1.0,1.0
A000163,Series-parallel numbers.,Успешно,Строгий кристаллический тренд,4.585,-0.0,0.0,4.1183,15.9034,1.0,0.5512,3787321255590.49,16.67,0.9999,0.0001,0.0,4.94289054800754e+21,0.0,1.0,1.0
A000164,Number of partitions of n into 3 squares (allowing part zero).,Успешно,Сложная динамическая структура,1.9355,2.3831,3.0,0.4717,-0.0049,0.137,0.5965,1.54,2.97,0.3756,0.3554,0.269,5.12,0.5773,-0.2761,26.0
A000165,Double factorial of even numbers: (2n)!! = 2^n*n!.,Успешно,Строгий кристаллический тренд,4.3219,-0.0,0.0,4.1248,15.0279,1.0,0.4913,6.684313199424689e+21,18.5,1.0,0.0,0.0,9.228811085063672e+39,0.0,1.0,1.0
A000166,"Subfactorial or rencontres numbers, or derangements: number of permutations of n elements with no fixed points.",Успешно,Строгий кристаллический тренд,4.5016,0.2668,0.0,4.5735,18.9606,1.0,0.493,8.242744173643499e+20,22.0,0.9999,0.0001,0.0,3.725680887035564e+38,0.0,1.0,1.0
A000167,Nearest integer to modified Bessel function K_n(2).,Успешно,Строгий кристаллический тренд,4.2433,-0.0,0.0,4.347,16.9486,1.0,0.4928,1.0976613700422166e+17,19.95,0.9999,0.0001,0.0,9.254707380251322e+30,0.0,1.0,1.0
A000168,a(n) = 2*3^n*(2*n)!/(n!*(n+2)!).,Успешно,Строгий кристаллический тренд,4.585,-0.0,0.0,4.5268,18.6688,1.0,0.507,2.3410712508993087e+20,20.87,1.0,0.0,0.0,1.3039203150995722e+37,0.0,1.0,1.0
A000169,Number of labeled rooted trees with n nodes: n^(n-1).,Успешно,Строгий кристаллический тренд,4.3219,-0.0,0.0,4.1268,15.0385,1.0,0.4914,5.496306058072687e+23,18.62,1.0,0.0,0.0,3.640401841140757e+43,0.0,1.0,1.0
A000170,Number of ways of placing n nonattacking queens on an n X n board.,Успешно,Строгий кристаллический тренд,4.6645,0.9271,0.0,4.9352,22.5706,1.0,0.51,1.8333553719115452e+16,24.43,0.9996,0.0004,0.0,8.479845616493331e+29,0.0,1.0,1.0
A000171,Number of self-complementary graphs with n nodes.,Успешно,Аномальный Сдвиг / Выброс,2.8252,1.5147,0.0,5.2941,26.0298,-0.027,0.4952,7.5547978753683506e+22,15.0,0.3394,0.3377,0.3229,1.7238209630085043e+46,0.0,-0.4961,1.0
A000172,"The Franel number a(n) = Sum_{k = 0..n} binomial(n,k)^3.",Успешно,Строгий кристаллический тренд,4.5236,-0.0,0.0,4.3619,17.3351,1.0,0.5162,1.1912012969781517e+17,19.12,1.0,0.0,0.0,2.936496705927494e+30,0.0,1.0,1.0
A000173,Unitary-sociable numbers (smallest member of each cycle).,Успешно,Строгий кристаллический тренд,4.585,-0.0,0.0,2.1373,3.9254,0.9776,0.6793,1325952889.8,8.35,0.8438,0.0893,0.0669,5.086205821728776e+17,0.0,0.5392,1.0
A000174,Number of partitions of n into 5 squares.,Успешно,Сложная динамическая структура,3.5658,2.1855,0.0,0.3331,-0.7487,0.868,0.8048,4.87,4.31,0.6772,0.1806,0.1422,27.72,0.0481,-0.3011,1.0
A000175,Related to zeros of Bessel function.,Успешно,Строгий кристаллический тренд,3.9698,-0.0,0.0,3.7063,11.8467,0.9965,0.4959,4.735310256161477e+20,14.64,0.993,0.007,0.0,7.189908289161604e+39,0.0,0.9958,1.0
A000176,"Generalized tangent numbers d_(n,2).",Успешно,Строгий кристаллический тренд,5.1699,-0.0,0.0,1.2067,0.2718,0.9996,0.7512,104308.92,3.74,0.9751,0.015,0.0099,458702297.85,0.0,0.9145,1.0
A000177,Number of partitions of n into 6 squares.,Успешно,Сложная динамическая структура,4.1601,2.2537,0.0,0.3303,-0.8893,0.9346,0.8082,7.76,4.47,0.7591,0.1296,0.1113,46.48,0.0355,-0.3778,1.0
A000178,Superfactorials: product of first n factorials.,Успешно,Строгий кристаллический тренд,3.6645,-0.0,0.0,3.3282,9.0769,1.0,0.486,1.2112018990870071e+53,13.0,1.0,0.0,0.0,1.7682376637455454e+88,0.0,1.0,1.0
A000179,"Ménage numbers: a(0) = 1, a(1) = -1, and for n >= 2, a(n) = number of permutations s of [0, ..., n-1] such that s(i) != i and s(i) != i+1 (mod n) for all i.",Успешно,Строгий кристаллический тренд,4.6235,0.2499,0.0,4.7879,20.9637,1.0,0.4937,1.6064675926807292e+23,24.0,0.9999,0.0001,0.0,1.172734421165317e+43,0.0,1.0,1.0
A000180,Expansion of E.g.f. exp(-x)/(1-3x).,Успешно,Строгий кристаллический тренд,4.1699,-0.0,0.0,3.8781,13.0466,1.0,0.49,3.852561779767119e+21,16.67,1.0,0.0,0.0,1.737833440526511e+39,0.0,1.0,1.0
A000181,"a(n) = A058087(n,n-4).",Успешно,Строгий кристаллический тренд,4.3219,-0.0,0.0,4.1169,14.985,1.0,0.4911,2.4448744137589185e+20,18.17,0.9999,0.0001,0.0,2.7726486316959434e+37,0.0,1.0,1.0
A000182,"Tangent (or ""Zag"") numbers: e.g.f. tan(x), also (up to signs) e.g.f. tanh(x).",Успешно,Строгий кристаллический тренд,4.0875,-0.0,0.0,3.75,12.0623,1.0,0.4893,4.640276728421987e+29,15.96,1.0,0.0,0.0,7.348551763154388e+53,0.0,1.0,1.0
A000183,Number of discordant permutations of length n.,Успешно,Строгий кристаллический тренд,4.3168,-0.0,0.0,4.4639,17.9675,1.0,0.4926,1.013146310813029e+20,21.05,0.9999,0.0001,0.0,5.2492423157386656e+36,0.0,1.0,1.0
A000184,Number of genus 0 rooted maps with 3 faces with n vertices.,Успешно,Строгий кристаллический тренд,4.9069,-0.0,0.0,4.8021,22.0256,1.0,0.5438,9.807649245440225e+18,22.13,0.9999,0.0001,0.0,6.328930552500867e+34,0.0,1.0,1.0
A000185,"a(n) = A058087(n,n-5).",Успешно,Строгий кристаллический тренд,4.2479,-0.0,0.0,3.9947,13.992,1.0,0.4905,9.825419956267404e+19,17.22,0.9999,0.0001,0.0,4.226588729877098e+36,0.0,1.0,1.0
A000186,Number of 3 X n Latin rectangles in which the first row is in order.,Успешно,Строгий кристаллический тренд,4.1427,0.3228,0.0,4.0069,14.0552,1.0,0.4908,2.1304527868729496e+29,17.94,1.0,0.0,0.0,2.639138243042397e+53,0.0,1.0,1.0
A000187,"Generalized Euler numbers, c(5,n).",Успешно,Строгий кристаллический тренд,3.7004,-0.0,0.0,3.1754,8.0833,1.0,0.4844,1.7088766519594886e+35,12.0,1.0,0.0,0.0,6.65686341388795e+62,0.0,1.0,1.0
A000188,"(1) Number of solutions to x^2 == 0 (mod n). (2) Also square root of largest square dividing n. (3) Also max_{ d divides n } gcd(d, n/d).",Успешно,Аномальный Сдвиг / Выброс,1.8449,2.0284,0.0,2.2537,4.9924,0.0673,0.5206,2.39,5.39,0.3608,0.3416,0.2976,12.26,0.4472,-0.3756,20.0
A000189,Number of solutions to x^3 == 0 (mod n).,Успешно,Аномальный Сдвиг / Выброс,2.008,2.0428,0.0,2.7522,8.6249,-0.0671,0.5004,3.71,6.48,0.3542,0.3428,0.303,26.72,0.2773,-0.4738,20.0
A000190,Number of solutions to x^4 == 0 (mod n).,Успешно,Аномальный Сдвиг / Выброс,2.0873,2.0767,0.0,3.8821,19.1053,0.0371,0.5193,4.76,9.18,0.3528,0.3371,0.3101,45.02,0.2773,-0.4207,11.0
A000191,"Generalized tangent numbers d(3, n).",Успешно,Строгий кристаллический тренд,3.8074,-0.0,0.0,3.3282,9.0769,1.0,0.486,7.087703388693678e+34,12.99,1.0,0.0,0.0,5.07339075859802e+62,0.0,1.0,1.0
A000192,"Generalized Euler numbers c(6,n).",Успешно,Строгий кристаллический тренд,3.7004,-0.0,0.0,3.1754,8.0833,1.0,0.4844,1.488173662780603e+37,12.0,1.0,0.0,0.0,2.4345891321157976e+66,0.0,1.0,1.0
A000193,Nearest integer to log n.,Успешно,Строгий кристаллический тренд,1.5079,-0.0,3.0,-1.5981,2.2234,0.9727,0.7971,1.2,20.75,0.8278,0.1035,0.0686,0.41,0.1715,-0.0441,1.0
A000194,"n appears 2n times, for n >= 1; also nearest integer to square root of n.",Успешно,Строгий кристаллический тренд,3.1737,-0.0,0.0,-0.5835,-0.4581,0.9923,0.8101,3.42,9.8,0.8999,0.06,0.0402,2.2,0.0618,-0.1084,1.0
A000195,a(n) = floor(log(n)).,Успешно,Строгий кристаллический тренд,1.8459,-0.0,2.6262,-1.0046,0.6977,0.9763,0.769,1.21,20.75,0.8318,0.1017,0.0665,0.43,0.1562,-0.0513,1.0
A000196,"Integer part of square root of n. Or, number of positive squares <= n. Or, n appears 2n+1 times.",Успешно,Строгий кристаллический тренд,3.1283,-0.0,0.0,-0.5655,-0.5768,0.9921,0.8119,3.38,10.1,0.8987,0.0612,0.0401,2.0,0.0641,-0.1048,1.0
A000197,a(n) = (n!)!.,Skip,Слишком короткий ряд,,,,,,,,,,,,,,,,
A000198,Largest order of automorphism group of a tournament with n nodes.,Успешно,Строгий кристаллический тренд,4.2012,-0.0,0.0,2.8913,6.7436,0.8974,0.6645,29615041.33,27.41,0.7012,0.1698,0.1289,983459028143573.1,0.0,-0.0352,1.0
A000199,Coefficient of q^(2n-1) in the series expansion of Ramanujan's mock theta function f(q).,Успешно,Строгий кристаллический тренд,5.5739,0.2964,0.0,1.7779,2.223,1.0,0.7502,4690.69,5.25,0.9921,0.0042,0.0036,325285.25,0.0,0.9903,1.0
A000200,Number of bicentered hydrocarbons with n atoms.,Успешно,Строгий кристаллический тренд,4.7489,0.3998,0.0,4.5747,20.6725,1.0,0.5819,3371593613.97,20.34,0.9995,0.0005,0.0,2.331956655703186e+16,0.0,1.0,1.0
A000201,"Lower Wythoff sequence (a Beatty sequence): a(n) = floor(n*phi), where phi = (1+sqrt(5))/2 = A001622.",Успешно,Строгий кристаллический тренд,6.0875,-0.0,0.0,0.0006,-1.1984,0.9999,0.8016,46.24,1.23,0.9878,0.0066,0.0056,78.5,0.0055,-0.6098,1.0
A000202,"a(8i+j) = 13i + a(j), where 1<=j<=8.",Успешно,Строгий кристаллический тренд,6.0875,-0.0,0.0,0.0,-1.2012,0.9999,0.8016,46.45,1.23,0.9879,0.0065,0.0056,78.85,0.0055,-0.6098,1.0
A000203,"a(n) = sigma(n), the sum of the divisors of n. Also called sigma_1(n).",Успешно,Сложная динамическая структура,5.3896,2.3238,0.0,0.6488,-0.2098,0.5293,0.7696,59.92,3.85,0.5663,0.284,0.1497,6559.58,0.0048,-0.8352,1.0
A000204,"Lucas numbers (beginning with 1): L(n) = L(n-1) + L(n-2) with L(1) = 1, L(2) = 3.",Успешно,Строгий кристаллический тренд,5.2854,-0.0,0.0,3.6298,13.1366,1.0,0.6485,19347799.48,14.51,1.0,0.0,0.0,8.66,0.0,1.0,1.0
A000205,Number of positive integers <= 2^n of form x^2 + 3 y^2.,Успешно,Строгий кристаллический тренд,5.1144,-0.0,0.0,4.1004,16.8048,1.0,0.6158,515571812.08,17.23,0.9998,0.0002,0.0,164241085790436.53,0.0,1.0,1.0
A000206,Even sequences with period 2n.,Успешно,Строгий кристаллический тренд,4.789,-0.0,0.0,4.6415,20.591,1.0,0.5495,14512216955723.01,20.74,0.9999,0.0001,0.0,1.1291836396701668e+23,0.0,1.0,1.0
A000207,Number of inequivalent ways of dissecting a regular (n+2)-gon into n triangles by n-1 non-intersecting diagonals under rotations and reflections; also the number of (unlabeled) maximal outerplanar graphs on n+2 vertices.,Успешно,Строгий кристаллический тренд,4.8008,-0.0,0.0,4.7809,22.0273,1.0,0.5531,18973062641207.4,21.89,0.9998,0.0002,0.0,4.0657203395988575e+23,0.0,1.0,1.0
A000208,Number of even sequences with period 2n.,Успешно,Строгий кристаллический тренд,4.6235,-0.0,0.0,4.3586,17.9495,1.0,0.5484,563229294281.22,18.49,0.9999,0.0001,0.0,2.0037433134043696e+20,0.0,1.0,1.0
A000209,Nearest integer to tan n.,Успешно,Аномальный Сдвиг / Выброс,3.1703,1.5821,0.0,-7.196,55.0429,-0.0304,0.4797,21.41,18.3,0.3387,0.3385,0.3228,1595.89,0.1414,-0.5001,26.0
A000210,A Beatty sequence: floor(n*(e-1)).,Успешно,Строгий кристаллический тренд,6.0875,-0.0,0.0,-0.0005,-1.2017,0.9999,0.8018,49.12,1.17,0.9886,0.0061,0.0053,71.81,0.0052,-0.3894,1.0
A000211,"a(n) = a(n-1) + a(n-2) - 2, a(0) = 4, a(1) = 3.",Успешно,Строгий кристаллический тренд,5.0875,0.2006,0.0,3.3423,10.9235,1.0,0.6486,1206298.55,12.6,1.0,0.0,0.0,388433.26,0.0,1.0,1.0
A000212,a(n) = floor(n^2/3).,Успешно,Строгий кристаллический тренд,5.7179,-0.0,0.0,0.6482,-0.8481,1.0,0.7886,408.13,1.98,0.9923,0.0073,0.0004,532.4,0.0006,0.9989,1.0
A000213,Tribonacci numbers: a(n) = a(n-1) + a(n-2) + a(n-3) with a(0)=a(1)=a(2)=1.,Успешно,Строгий кристаллический тренд,5.0809,-0.0,0.0,3.9639,15.7252,1.0,0.6262,174937334.12,16.43,1.0,0.0,0.0,8758.14,0.0,1.0,1.0
A000214,"Number of equivalence classes of Boolean functions of n variables under action of AG(n,2).",Skip,Слишком короткий ряд,,,,,,,,,,,,,,,,
A000215,Fermat numbers: a(n) = 2^(2^n) + 1.,Skip,Слишком короткий ряд,,,,,,,,,,,,,,,,
A000216,"Take sum of squares of digits of previous term, starting with 2.",Успешно,Сложная динамическая структура,3.0641,1.7266,0.0,1.1181,0.2341,0.469,0.4309,70.36,3.01,0.4454,0.359,0.1956,5253.73,0.0412,-0.0138,8.0
A000217,"Triangular numbers: a(n) = binomial(n+1,2) = n*(n+1)/2 = 0 + 1 + 2 + ... + n.",Успешно,Строгий кристаллический тренд,5.7549,-0.0,0.0,0.6381,-0.8593,1.0,0.7887,623.18,1.96,0.993,0.007,0.0,1157.59,0.0004,1.0,1.0
A000218,Take sum of squares of digits of previous term; start with 3.,Успешно,Сложная динамическая структура,3.3217,1.8582,0.0,1.06,0.1917,0.4452,0.3915,69.02,2.99,0.4369,0.3632,0.1999,5407.1,0.0224,-0.0262,9.0
A000219,Number of plane partitions (or planar partitions) of n.,Успешно,Строгий кристаллический тренд,5.3088,-0.0,0.0,3.2859,10.6029,1.0,0.6697,44613067.46,12.54,0.9972,0.0028,0.0,9885866577554.19,0.0,1.0,1.0
A000220,Number of asymmetric trees with n nodes (also called identity trees).,Успешно,Строгий кристаллический тренд,4.7672,0.1872,0.0,4.5988,21.1311,1.0,0.5933,2221412877.29,20.7,0.9995,0.0005,0.0,9241519873920166.0,0.0,1.0,1.0
A000221,Take sum of squares of digits of previous term; start with 5.,Успешно,Сложная динамическая структура,3.257,1.7034,0.0,0.9984,-0.0904,0.4649,0.3556,70.43,2.97,0.4423,0.3597,0.198,5294.88,0.007,-0.0109,9.0
A000222,"a(n) = A058057(n,n-2).",Успешно,Строгий кристаллический тренд,4.3685,-0.0,0.0,4.3485,16.9571,1.0,0.4921,1.3445625907924756e+18,20.0,0.9999,0.0001,0.0,1.2154877013046716e+33,0.0,1.0,1.0
A000223,"Let A(n) = #{(i,j,k): i^2 + j^2 + k^2 <= n}, V(n) = (4/3)Pi*n^(3/2), P(n) = A(n) - V(n); A000092 gives values of n where |P(n)| sets a new record; sequence gives nearest integer to P(A000092(n)).",Успешно,Строгий кристаллический тренд,5.7549,-0.0,0.0,0.8503,-0.6771,0.9973,0.7851,1523.46,5.82,0.9384,0.0358,0.0258,250564.26,0.0002,0.0289,1.0
A000224,Number of squares mod n.,Успешно,Сложная динамическая структура,4.3275,2.4083,0.0,0.5965,-0.4085,0.6039,0.7663,13.38,4.38,0.5336,0.2546,0.2118,314.07,0.0237,-0.3726,1.0
A000225,"a(n) = 2^n - 1. (Sometimes called Mersenne numbers, although that name is usually reserved for A001348.)",Успешно,Строгий кристаллический тренд,5.0875,-0.0,0.0,4.0083,15.9618,1.0,0.6132,999477209.56,16.5,1.0,0.0,0.0,259198324.22,0.0,1.0,1.0
A000226,Number of n-node unlabeled connected graphs with one cycle of length 3.,Успешно,Строгий кристаллический тренд,4.8402,-0.0,0.0,4.3844,18.695,1.0,0.5736,145496510700.22,18.74,0.9998,0.0002,0.0,1.9208483587684164e+19,0.0,1.0,1.0
A000227,Nearest integer to e^n.,Успешно,Строгий кристаллический тренд,4.9542,-0.0,0.0,4.409,18.9988,1.0,0.5768,1060392067894.36,18.96,1.0,0.0,0.0,372393496233.89,0.0,1.0,1.0
A000228,"Number of hexagonal polyominoes (or hexagonal polyforms, or planar polyhexes) with n cells.",Успешно,Строгий кристаллический тренд,4.8402,-0.0,0.0,4.9099,22.8723,1.0,0.5339,1.6503902758509165e+17,23.22,1.0,0.0,0.0,7.962794798331936e+30,0.0,1.0,1.0
A000229,a(n) is the least number m such that the n-th prime is the least quadratic nonresidue modulo m.,Успешно,Аномальный Сдвиг / Выброс,4.9069,1.4263,0.0,3.2165,9.3278,0.8917,0.6326,20082894034.7,12.77,0.7687,0.1745,0.0568,3.874385517357437e+20,0.0,0.1219,1.0
A000230,"a(0)=2; for n>=1, a(n) = smallest prime p such that there is a gap of exactly 2n between p and next prime, or -1 if no such prime exists.",Успешно,Аномальный Сдвиг / Выброс,5.6439,2.4403,0.0,2.2292,4.809,0.7102,0.7347,314575.61,7.94,0.5915,0.2068,0.2017,118297201366.07,0.0,-0.5121,1.0
A000231,Number of inequivalent Boolean functions of n variables under action of complementing group.,Skip,Слишком короткий ряд,,,,,,,,,,,,,,,,
A000232,Construct a triangle as in A036262. Sequence is one less than the position of the first number larger than 2 in the n-th row (n-th difference).,Успешно,Аномальный Сдвиг / Выброс,5.1996,1.9961,0.0,0.6784,-0.8996,0.9816,0.7981,1881.78,16.04,0.8465,0.0977,0.0558,519771.31,0.0001,0.0715,1.0
A000233,"Generalized class numbers c_(n,1).",Успешно,Строгий кристаллический тренд,5.585,-0.0,0.0,0.8578,-0.5017,0.997,0.7782,3458.98,5.37,0.9402,0.0307,0.0291,1737284.17,0.0001,-0.0246,1.0
A000234,Partitions into non-integral powers (see Comments for precise definition).,Успешно,Строгий кристаллический тренд,5.1293,-0.0,0.0,2.8395,7.5858,1.0,0.6769,4875808.25,9.93,0.9959,0.004,0.0,147180430063.1,0.0,1.0,1.0
A000235,Number of n-node rooted trees of height 3.,Успешно,Строгий кристаллический тренд,5.0378,-0.0,0.0,3.4423,11.6671,1.0,0.6495,18282479.55,13.23,0.9984,0.0016,0.0,1166029910931.67,0.0,1.0,1.0
A000236,"Maximum m such that there are no two adjacent elements belonging to the same n-th power residue class modulo some prime p in the sequence 1,2,...,m (equivalently, there is no n-th power residue modulo p in the sequence 1/2,2/3,...,(m-1)/m).",Успешно,Аномальный Сдвиг / Выброс,4.3219,2.0169,0.0,2.6696,6.2605,0.3275,0.6184,1058941.23,7.88,0.4721,0.3021,0.2257,1844269478160.31,0.0,-0.6896,1.0
A000237,Number of mixed Husimi trees with n nodes; or rooted polygonal cacti with bridges.,Успешно,Строгий кристаллический тренд,4.6235,-0.0,0.0,4.4297,18.4673,1.0,0.5416,2224754188763.42,19.09,0.9998,0.0002,0.0,4.1566496929378096e+21,0.0,1.0,1.0
A000238,Number of oriented trees with n nodes.,Успешно,Строгий кристаллический тренд,4.6235,-0.0,0.0,4.5394,19.2567,1.0,0.5323,216450505481783.5,20.11,0.9998,0.0002,0.0,4.1560120920266054e+25,0.0,1.0,1.0
A000239,One-half of number of permutations of [n] with exactly one run of adjacent symbols differing by 1.,Успешно,Строгий кристаллический тренд,4.5016,-0.0,0.0,4.5746,18.9668,1.0,0.493,7.925352983165356e+21,22.04,0.9999,0.0001,0.0,3.0731128488256375e+40,0.0,1.0,1.0
A000240,Rencontres numbers: number of permutations of [n] with exactly one fixed point.,Успешно,Строгий кристаллический тренд,4.4594,0.2864,0.0,4.3499,16.9654,1.0,0.4921,3.922405675232334e+19,20.05,0.9999,0.0001,0.0,8.919159960885968e+35,0.0,1.0,1.0
A000241,Crossing number of complete graph with n nodes.,Успешно,Строгий кристаллический тренд,3.1329,-0.0,0.0,1.6004,1.3693,0.9984,0.6506,101.45,4.0,0.9572,0.0337,0.0091,648.29,0.0024,0.989,1.0
A000242,3rd power of rooted tree enumerator; number of linear forests of 3 rooted trees.,Успешно,Строгий кристаллический тренд,4.7549,-0.0,0.0,4.123,16.3418,1.0,0.5735,36617570440.09,16.77,0.9998,0.0002,0.0,1.2488141363614935e+18,0.0,1.0,1.0
A000243,"Number of trees with n nodes, 2 of which are labeled.",Успешно,Строгий кристаллический тренд,4.7004,-0.0,0.0,4.0742,15.8656,1.0,0.5706,38026006190.16,16.4,0.9999,0.0001,0.0,4.6591175778816506e+17,0.0,1.0,1.0
A000244,Powers of 3: a(n) = 3^n.,Успешно,Строгий кристаллический тренд,4.8074,-0.0,0.0,4.2932,17.7484,1.0,0.5684,790459866173.17,18.0,1.0,0.0,0.0,0.0,0.0,1.0,1.0
A000245,a(n) = 3*(2*n)!/((n+2)!*(n-1)!).,Успешно,Строгий кристаллический тренд,4.8074,-0.0,0.0,4.5369,19.6168,1.0,0.5503,18214779519720.54,19.89,0.9998,0.0002,0.0,2.4536004412207472e+23,0.0,1.0,1.0
A000246,Number of permutations in the symmetric group S_n that have odd order.,Успешно,Строгий кристаллический тренд,4.3168,-0.0,0.0,4.4611,17.9507,1.0,0.4932,1.7123353479709196e+19,20.95,1.0,0.0,0.0,2.130177357940282e+34,0.0,1.0,1.0
A000247,a(n) = 2^n - n - 2.,Успешно,Строгий кристаллический тренд,4.9069,-0.0,0.0,3.7249,13.5767,1.0,0.6129,279288759.93,14.5,1.0,0.0,0.0,2046132144.41,0.0,1.0,1.0
A000248,Expansion of e.g.f. exp(x*exp(x)).,Успешно,Строгий кристаллический тренд,4.4366,-0.0,0.0,4.4371,17.8061,1.0,0.5014,4.278233053043216e+17,20.33,0.9998,0.0002,0.0,2.0824086220708723e+32,0.0,1.0,1.0
A000249,Nearest integer to modified Bessel function K_n(5).,Успешно,Строгий кристаллический тренд,4.1069,-0.0,0.0,5.1377,24.5976,1.0,0.5093,2.5485350152975124e+16,26.43,0.9997,0.0003,0.0,1.3438118286877554e+30,0.0,1.0,1.0
A000250,Number of symmetric reflexive relations on n nodes: (1/2)*A000666.,Успешно,Строгий кристаллический тренд,4.2479,-0.0,0.0,4.0069,14.0556,1.0,0.4908,7.14676038166766e+38,18.0,1.0,0.0,0.0,3.0652818234637776e+69,0.0,1.0,1.0
A000251,Number of trees of diameter 6.,Успешно,Строгий кристаллический тренд,5.6439,-0.0,0.0,4.0127,16.421,1.0,0.6549,131979688151.18,17.45,0.999,0.001,0.0,4.336101704341285e+19,0.0,1.0,1.0
A000252,Number of invertible 2 X 2 matrices mod n.,Успешно,Аномальный Сдвиг / Выброс,5.2479,2.1032,0.0,2.4267,6.6299,0.4591,0.7025,464592.66,6.9,0.5661,0.3318,0.1022,313814489759.16,0.0,-0.8875,1.0
A000253,a(n) = 2*a(n-1) - a(n-2) + a(n-3) + 2^(n-1).,Успешно,Строгий кристаллический тренд,5.0,-0.0,0.0,3.8756,14.8185,1.0,0.6125,1034700579.24,15.54,0.9999,0.0001,0.0,438723821316708.2,0.0,1.0,1.0
A000254,"Unsigned Stirling numbers of first kind, s(n+1,2): a(n+1) = (n+1)*a(n) + n!.",Успешно,Строгий кристаллический тренд,4.4594,-0.0,0.0,4.349,16.9597,1.0,0.4921,1.7666745269644257e+19,20.01,0.9999,0.0001,0.0,1.9960811418037183e+35,0.0,1.0,1.0
A000255,"a(n) = n*a(n-1) + (n-1)*a(n-2), a(0) = 1, a(1) = 1.",Успешно,Строгий кристаллический тренд,4.3685,-0.0,0.0,4.3499,16.9651,1.0,0.4921,4.1006919066362175e+19,20.04,0.9999,0.0001,0.0,9.83268485206923e+35,0.0,1.0,1.0
A000256,Number of simple triangulations of the plane with n nodes.,Успешно,Строгий кристаллический тренд,4.4537,0.5132,0.0,4.5093,18.8181,1.0,0.5253,134686741548738.66,20.05,0.9999,0.0001,0.0,1.3074004472907677e+25,0.0,1.0,1.0
A000257,"Number of rooted bicubic maps: a(n) = (8*n-4)*a(n-1)/(n+2) for n >= 2, a(0) = a(1) = 1.",Успешно,Строгий кристаллический тренд,4.5016,-0.0,0.0,4.4555,18.2062,1.0,0.5188,1.637871329537723e+16,19.81,0.9999,0.0001,0.0,1.3563843154634625e+29,0.0,1.0,1.0
A000258,Expansion of e.g.f. exp(exp(exp(x)-1)-1).,Успешно,Строгий кристаллический тренд,4.3685,-0.0,0.0,4.3454,16.9392,1.0,0.4935,1.428514924936058e+19,19.9,0.9999,0.0001,0.0,1.358572772329014e+35,0.0,1.0,1.0
A000259,Number of certain rooted planar maps.,Успешно,Строгий кристаллический тренд,4.585,-0.0,0.0,4.4205,17.9748,1.0,0.5232,2.293464279222957e+16,19.38,0.9999,0.0001,0.0,1.7838498126464405e+29,0.0,1.0,1.0
A000260,Number of rooted simplicial 3-polytopes with n+3 nodes; or rooted 3-connected triangulations with 2n+2 faces; or rooted 3-connected trivalent maps with 2n+2 vertices.,Успешно,Строгий кристаллический тренд,4.3685,-0.0,0.0,4.2707,16.4904,1.0,0.5123,6152619835951869.0,18.51,0.9999,0.0001,0.0,1.6748586534230475e+28,0.0,1.0,1.0
A000261,"a(n) = n*a(n-1) + (n-3)*a(n-2), with a(1) = 0, a(2) = 1.",Успешно,Строгий кристаллический тренд,4.4594,-0.0,0.0,4.351,16.9715,1.0,0.4922,1.7088048653928156e+20,20.08,0.9999,0.0001,0.0,1.5128229609154306e+37,0.0,1.0,1.0
A000262,"Number of ""sets of lists"": number of partitions of {1,...,n} into any number of lists, where a list means an ordered subset.",Успешно,Строгий кристаллический тренд,4.3685,-0.0,0.0,4.3534,16.9853,1.0,0.4922,7.85615522171954e+20,20.17,0.9999,0.0001,0.0,2.615956228178605e+38,0.0,1.0,1.0
A000263,Number of partitions into non-integral powers.,Успешно,Строгий кристаллический тренд,5.1699,-0.0,0.0,1.2937,0.5181,0.9999,0.7481,63279.75,3.55,0.9889,0.0109,0.0001,27937595.69,0.0,0.9999,1.0
A000264,Number of 3-edge-connected rooted cubic maps with 2n nodes and a distinguished Hamiltonian cycle.,Успешно,Строгий кристаллический тренд,4.2971,-0.0,0.0,4.1761,15.6345,1.0,0.5077,5911720027031975.0,17.9,0.9999,0.0001,0.0,1.4375344851773211e+28,0.0,1.0,1.0
A000265,Remove all factors of 2 from n; or largest odd divisor of n; or odd part of n.,Успешно,Сложная динамическая структура,5.0066,1.5819,0.0,0.763,-0.5544,-0.0255,0.724,34.87,2.46,0.5073,0.3631,0.1296,2574.95,0.0094,-0.9394,1.0
A000266,Expansion of e.g.f. exp(-x^2/2) / (1-x).,Успешно,Строгий кристаллический тренд,4.3168,-0.0,0.0,4.4625,17.9591,1.0,0.4926,6.175218382610262e+19,21.0,0.9999,0.0001,0.0,2.30325509135885e+36,0.0,1.0,1.0
A000267,Integer part of square root of 4n+1.,Успешно,Строгий кристаллический тренд,3.8946,-0.0,0.0,-0.5427,-0.6298,0.9954,0.7998,5.81,4.75,0.9211,0.0449,0.034,8.02,0.0384,-0.179,1.0
A000268,E.g.f.: -log(1+log(1+log(1-x))).,Успешно,Строгий кристаллический тренд,4.3219,-0.0,0.0,4.1254,15.0309,1.0,0.4913,4.900926817344546e+22,18.53,1.0,0.0,0.0,4.3423643130299e+41,0.0,1.0,1.0
A000269,"Number of trees with n nodes, 3 of which are labeled.",Успешно,Строгий кристаллический тренд,4.585,-0.0,0.0,3.9384,14.6471,1.0,0.5662,270683583741.83,15.41,0.9998,0.0002,0.0,4.834079354364123e+19,0.0,1.0,1.0
A000270,"For n >= 2, a(n) = b(n+1)+b(n)+b(n-1), where the b(i) are the ménage numbers A000179; a(0)=a(1)=1.",Успешно,Строгий кристаллический тренд,4.4366,0.549,0.0,4.4637,17.9664,1.0,0.4926,3.16585282698101e+20,21.04,0.9999,0.0001,0.0,5.280073443569693e+37,0.0,1.0,1.0
A000271,Sums of ménage numbers.,Успешно,Строгий кристаллический тренд,4.2776,0.2864,0.0,4.3485,16.9574,1.0,0.4921,6.551259741946673e+17,20.0,0.9999,0.0001,0.0,2.8677910556181783e+32,0.0,1.0,1.0
A000272,Number of trees on n labeled nodes: n^(n-2) with a(0)=1.,Успешно,Строгий кристаллический тренд,4.2433,-0.0,0.0,4.3616,17.032,1.0,0.4924,1.2575146136511258e+24,20.58,1.0,0.0,0.0,2.0489617827031967e+44,0.0,1.0,1.0
A000273,Number of unlabeled simple digraphs with n nodes.,Успешно,Строгий кристаллический тренд,3.7736,-0.0,0.0,3.4744,10.0714,1.0,0.4873,9.985655203712915e+42,14.0,1.0,0.0,0.0,4.8673174457562585e+73,0.0,1.0,1.0
A000274,Number of permutations of length n with 2 consecutive ascending pairs.,Успешно,Строгий кристаллический тренд,4.4366,-0.0,0.0,4.4638,17.9667,1.0,0.4926,4.120095825387091e+20,21.05,0.9999,0.0001,0.0,8.869354868614477e+37,0.0,1.0,1.0
A000275,Coefficients of a Bessel function (reciprocal of J_0(z)); also pairs of permutations with rise/rise forbidden.,Успешно,Строгий кристаллический тренд,4.1427,-0.0,0.0,4.0068,14.0549,1.0,0.4908,9.539890929528138e+27,17.92,1.0,0.0,0.0,1.119514292361624e+51,0.0,1.0,1.0
A000276,Associated Stirling numbers.,Успешно,Строгий кристаллический тренд,4.3219,-0.0,0.0,4.1162,14.9814,1.0,0.4911,3.1147285593253754e+20,18.15,0.9999,0.0001,0.0,4.830323784507816e+37,0.0,1.0,1.0
A000277,3*n - 2*floor(sqrt(4*n+5)) + 5.,Успешно,Строгий кристаллический тренд,5.9307,-0.0,0.0,0.0661,-1.2225,0.9998,0.7972,66.85,1.17,0.9848,0.0084,0.0068,111.81,0.0039,-0.2686,1.0
A000278,a(n) = a(n-1) + a(n-2)^2 for n >= 2 with a(0) = 0 and a(1) = 1.,Успешно,Строгий кристаллический тренд,4.0588,-0.0,0.0,3.8806,13.0588,1.0,0.4901,4.064801233785734e+57,17.0,1.0,0.0,0.0,4.306711256314871e+86,0.0,1.0,1.0
A000279,"Card matching: coefficients B[n,1] of t in the reduced hit polynomial A[n,n,n](t).",Успешно,Строгий кристаллический тренд,4.4594,-0.0,0.0,4.2613,16.4323,1.0,0.5139,3.964226399528267e+18,18.38,1.0,0.0,0.0,2.579672157277873e+32,0.0,1.0,1.0
A000280,a(n) = a(n-1) + a(n-2)^3.,Успешно,Строгий кристаллический тренд,3.5466,-0.0,0.0,3.1754,8.0833,1.0,0.4844,9.305521650099971e+41,12.0,1.0,0.0,0.0,7.162128002210579e+55,0.0,1.0,1.0
A000281,Expansion of cos(x)/cos(2x).,Успешно,Строгий кристаллический тренд,3.8074,-0.0,0.0,3.3282,9.0769,1.0,0.486,2.96278478034862e+28,12.99,1.0,0.0,0.0,5.467434751606981e+50,0.0,1.0,1.0
A000282,Finite automata.,Успешно,Строгий кристаллический тренд,4.0,-0.0,0.0,3.6148,11.0665,1.0,0.4884,4.6117664742068454e+33,14.97,1.0,0.0,0.0,3.3620325640720834e+61,0.0,1.0,1.0
A000283,a(n) = a(n-1)^2 + a(n-2)^2 for n >= 2 with a(0) = 0 and a(1) = 1.,Skip,Слишком короткий ряд,,,,,,,,,,,,,,,,
A000284,"a(n) = a(n-1)^3 + a(n-2) with a(0)=0, a(1)=1.",Skip,Слишком короткий ряд,,,,,,,,,,,,,,,,
A000285,"a(0) = 1, a(1) = 4, and a(n) = a(n-1) + a(n-2) for n >= 2.",Успешно,Строгий кристаллический тренд,5.3576,-0.0,0.0,3.7388,14.0236,1.0,0.6483,61990029.26,15.28,1.0,0.0,0.0,19.18,0.0,1.0,1.0
A000286,Number of positive integers <= 2^n of form 2 x^2 + 5 y^2.,Успешно,Строгий кристаллический тренд,5.1554,-0.0,0.0,4.166,17.3958,1.0,0.6158,741885299.76,17.72,0.9998,0.0002,0.0,338927023206692.1,0.0,1.0,1.0
A000287,Number of rooted polyhedral graphs with n edges.,Успешно,Строгий кристаллический тренд,4.7004,0.2499,0.0,4.321,17.675,1.0,0.5518,457341345859.12,18.19,0.9997,0.0003,0.0,2.4989839454624675e+20,0.0,1.0,1.0
A000288,Tetranacci numbers: a(n) = a(n-1) + a(n-2) + a(n-3) + a(n-4) with a(0) = a(1) = a(2) = a(3) = 1.,Успешно,Строгий кристаллический тренд,4.9007,-0.0,0.0,3.975,15.7385,1.0,0.619,148277893.33,16.36,1.0,0.0,0.0,319483.88,0.0,1.0,1.0
A000289,A nonlinear recurrence: a(n) = a(n-1)^2 - 3*a(n-1) + 3 (for n>1).,Skip,Слишком короткий ряд,,,,,,,,,,,,,,,,
A000290,The squares: a(n) = n^2.,Успешно,Строгий кристаллический тренд,5.6724,-0.0,0.0,0.6488,-0.8476,1.0,0.7854,1088.38,1.98,0.9923,0.0077,0.0,3998.41,0.0002,1.0,1.0
A000291,Number of bipartite partitions of n white objects and 2 black ones.,Успешно,Строгий кристаллический тренд,5.3576,-0.0,0.0,2.2284,4.211,1.0,0.7191,216198.82,7.19,0.9951,0.0049,0.0001,210821627.67,0.0,1.0,1.0
A000292,"Tetrahedral (or triangular pyramidal) numbers: a(n) = C(n+2,3) = n*(n+1)*(n+2)/6.",Успешно,Строгий кристаллический тренд,5.4919,-0.0,0.0,1.0428,-0.1296,0.9999,0.7704,6064.02,2.87,0.9907,0.0093,0.0001,160118.19,0.0,1.0,1.0
A000293,"a(n) = number of solid (i.e., three-dimensional) partitions of n.",Успешно,Строгий кристаллический тренд,5.6332,-0.0,0.0,4.4023,19.9082,1.0,0.6396,7107946762406.23,20.16,0.9985,0.0015,0.0,2.296115569710502e+23,0.0,1.0,1.0
A000294,Expansion of g.f. Product_{k >= 1} (1 - x^k)^(-k*(k+1)/2).,Успешно,Строгий кристаллический тренд,5.3088,-0.0,0.0,3.9927,16.07,1.0,0.6357,42845663408.62,16.81,0.9981,0.0019,0.0,9.362535445282212e+18,0.0,1.0,1.0
A000295,"Eulerian numbers (Euler's triangle: column k=2 of A008292, column k=1 of A173018).",Успешно,Строгий кристаллический тренд,5.0286,-0.0,0.0,4.0083,15.9618,1.0,0.6132,999477204.28,16.5,1.0,0.0,0.0,7387640810.77,0.0,1.0,1.0
A000296,Set partitions without singletons: number of partitions of an n-set into blocks of size > 1. Also number of cyclically spaced (or feasible) partitions.,Успешно,Строгий кристаллический тренд,4.5788,0.2423,0.0,4.8344,21.5817,1.0,0.5098,3.427027782866525e+17,23.51,0.9997,0.0003,0.0,2.0955841465538382e+32,0.0,1.0,1.0
A000297,a(n) = (n+1)*(n+3)*(n+8)/6.,Успешно,Строгий кристаллический тренд,5.4919,-0.0,0.0,0.9943,-0.2308,0.9999,0.7715,6929.2,2.76,0.9913,0.0086,0.0,199875.12,0.0,1.0,1.0
A000298,Number of partitions into non-integral powers.,Успешно,Строгий кристаллический тренд,5.2095,-0.0,0.0,3.4183,11.501,1.0,0.6533,762836015.97,13.11,0.997,0.003,0.0,3593322402654001.5,0.0,1.0,1.0
A000299,Number of n-node rooted trees of height 4.,Успешно,Строгий кристаллический тренд,4.8522,-0.0,0.0,3.9552,15.5336,1.0,0.6161,921949337.91,16.15,0.9992,0.0008,0.0,2036498353944823.2,0.0,1.0,1.0
A000300,4th power of rooted tree enumerator: linear forests of 4 rooted trees.,Успешно,Строгий кристаллический тренд,4.8074,-0.0,0.0,4.2209,17.195,1.0,0.573,329666164648.44,17.49,0.9998,0.0002,0.0,6.634835074122821e+19,0.0,1.0,1.0
A000301,"a(n) = a(n-1)*a(n-2) with a(0) = 1, a(1) = 2; also a(n) = 2^Fibonacci(n).",Успешно,Строгий кристаллический тренд,3.6645,-0.0,0.0,3.3282,9.0769,1.0,0.486,2.108866939297117e+69,13.0,1.0,0.0,0.0,7.767225584714833e+95,0.0,1.0,2.0
A000302,Powers of 4: a(n) = 4^n.,Успешно,Строгий кристаллический тренд,4.6439,-0.0,0.0,4.2925,17.3,1.0,0.5448,28778588986483.55,18.0,1.0,0.0,0.0,0.0,0.0,1.0,1.0
A000303,Number of permutations of [n] in which the longest increasing run has length 2.,Успешно,Строгий кристаллический тренд,4.4594,-0.0,0.0,4.3434,16.9274,1.0,0.4943,2.4767065649051965e+18,19.85,0.9999,0.0001,0.0,5.195469294362338e+33,0.0,1.0,1.0
A000304,a(n) = a(n-1)*a(n-2).,Skip,Слишком короткий ряд,,,,,,,,,,,,,,,,
A000305,Number of certain rooted planar maps.,Успешно,Строгий кристаллический тренд,4.3923,-0.0,0.0,4.0897,15.1135,1.0,0.5215,151791977501767.38,16.83,0.9999,0.0001,0.0,9.125086310717203e+24,0.0,1.0,1.0
A000306,Number of trees of diameter 8.,Успешно,Строгий кристаллический тренд,5.0,-0.0,0.0,3.8289,14.4523,1.0,0.6151,47300560986.35,15.24,0.9987,0.0013,0.0,8.302205398116654e+18,0.0,1.0,1.0
A000307,Number of 4-level labeled rooted trees with n leaves.,Успешно,Строгий кристаллический тренд,4.2971,-0.0,0.0,4.2399,16.0026,1.0,0.4918,1.1868242795703191e+21,19.29,0.9999,0.0001,0.0,4.584672786137438e+38,0.0,1.0,1.0
A000308,"a(n) = a(n-1)*a(n-2)*a(n-3) with a(1)=1, a(2)=2 and a(3)=3.",Skip,Слишком короткий ряд,,,,,,,,,,,,,,,,
A000309,Number of rooted planar bridgeless cubic maps with 2n nodes.,Успешно,Строгий кристаллический тренд,4.3685,-0.0,0.0,4.317,16.7713,1.0,0.5027,5.986207312234581e+18,19.25,1.0,0.0,0.0,8.27929316927357e+33,0.0,1.0,1.0
A000310,Coefficients of iterated exponentials.,Успешно,Строгий кристаллический тренд,4.3219,-0.0,0.0,4.1269,15.0388,1.0,0.4914,4.4103908569340076e+24,18.63,1.0,0.0,0.0,2.2273412184236143e+45,0.0,1.0,1.0
A000311,Schroeder's fourth problem; also series-reduced rooted trees with n labeled leaves; also number of total partitions of n.,Успешно,Строгий кристаллический тренд,4.2219,-0.0,0.0,4.1262,15.0352,1.0,0.4914,1.9415874278541283e+21,18.58,1.0,0.0,0.0,5.969076016172981e+38,0.0,1.0,1.0
A000312,a(n) = n^n; number of labeled mappings from n points to themselves (endofunctions).,Успешно,Строгий кристаллический тренд,4.2219,-0.0,0.0,4.1268,15.0385,1.0,0.4914,2.074048548069786e+23,18.62,1.0,0.0,0.0,5.212828857039359e+42,0.0,1.0,1.0
A000313,Number of permutations of length n with 3 consecutive ascending pairs.,Успешно,Строгий кристаллический тренд,4.3168,-0.0,0.0,4.4638,17.9671,1.0,0.4926,1.3109410975939912e+20,21.05,0.9999,0.0001,0.0,8.890181669977819e+36,0.0,1.0,1.0
A000314,Number of mixed Husimi trees with n nodes; or labeled polygonal cacti with bridges.,Успешно,Строгий кристаллический тренд,4.0842,-0.0,0.0,4.1281,15.0452,1.0,0.4914,6.557783550747562e+23,18.73,1.0,0.0,0.0,3.0508184266169526e+43,0.0,1.0,1.0
A000315,Number of reduced Latin squares of order n; also number of labeled loops (quasigroups with an identity element) with a fixed identity element.,Skip,Слишком короткий ряд,,,,,,,,,,,,,,,,
A000316,"Two decks each have n kinds of cards, 2 of each kind. The first deck is laid out in order. The second deck is shuffled and laid out next to the first. A match occurs if a card from the second deck is next to a card of the same kind from the first deck. a(n) is the number of ways of achieving no matches.",Успешно,Строгий кристаллический тренд,3.9069,0.3912,0.0,3.4744,10.0714,1.0,0.4873,5.646348936556094e+27,13.98,1.0,0.0,0.0,3.724008829954383e+49,0.0,1.0,1.0
A000317,a(n+1) = a(n)^2 - a(n)*a(n-1) + a(n-1)^2.,Skip,Слишком короткий ряд,,,,,,,,,,,,,,,,
A000318,"Generalized tangent numbers d(4,n).",Успешно,Строгий кристаллический тренд,3.7004,-0.0,0.0,3.1754,8.0833,1.0,0.4844,4.595069969206838e+34,12.0,1.0,0.0,0.0,9.48487999610003e+61,0.0,1.0,1.0
A000319,"a(n) = floor(b(n)), where b(n) = tan(b(n-1)), b(0)=1.",Успешно,Аномальный Сдвиг / Выброс,2.8385,1.7886,0.0,4.5638,36.7225,0.0322,0.5645,7.94,15.9,0.3402,0.3348,0.325,200.72,0.0135,-0.479,2.0
A000320,"Generalized tangent numbers d(5,n).",Успешно,Строгий кристаллический тренд,3.7004,-0.0,0.0,3.1754,8.0833,1.0,0.4844,1.359882774136627e+37,12.0,1.0,0.0,0.0,3.40253312650689e+66,0.0,1.0,1.0
A000321,"H_n(-1/2), where H_n(x) is Hermite polynomial of degree n.",Успешно,Плоский Аттрактор (Петля/Узел),4.6067,2.3827,0.0,4.8655,21.7946,0.9303,0.502,5111380847138998.0,23.27,0.975,0.0249,0.0,4.557666266374233e+30,0.0,0.9489,3.0
A000322,Pentanacci numbers: a(n) = a(n-1) + a(n-2) + a(n-3) + a(n-4) + a(n-5) with a(0) = a(1) = a(2) = a(3) = a(4) = 1.,Успешно,Строгий кристаллический тренд,4.7976,-0.0,0.0,4.0298,16.1813,1.0,0.6159,165272299.66,16.71,1.0,0.0,0.0,2118712.84,0.0,1.0,1.0
A000323,"Let A(n) = #{(i,j): i^2 + j^2 <= n}, V(n) = Pi*n, P(n) = A(n) - V(n); A000099 gives values of n where |P(n)| sets a new record; sequence gives A(A000099(n)).",Успешно,Строгий кристаллический тренд,5.1472,-0.0,0.0,1.5064,0.8854,0.991,0.7495,26469.62,8.7,0.8896,0.0706,0.0398,150772726.94,0.0,0.2935,1.0
A000324,"A nonlinear recurrence: a(0) = 1, a(1) = 5, a(n) = a(n-1)^2 - 4*a(n-1) + 4 for n>1.",Skip,Слишком короткий ряд,,,,,,,,,,,,,,,,
A000325,a(n) = 2^n - n.,Успешно,Строгий кристаллический тренд,4.9375,-0.0,0.0,3.8691,14.7687,1.0,0.6128,263793637.74,15.5,1.0,0.0,0.0,1766493239.87,0.0,1.0,1.0
A000326,Pentagonal numbers: a(n) = n*(3*n-1)/2.,Успешно,Строгий кристаллический тренд,5.5546,-0.0,0.0,0.6535,-0.8424,0.9999,0.7809,1369.97,1.99,0.9915,0.0085,0.0,7516.35,0.0002,1.0,1.0
A000327,Number of partitions into non-integral powers.,Успешно,Строгий кристаллический тренд,5.4919,-0.0,0.0,0.9985,-0.2222,0.9999,0.7714,6066.08,2.76,0.9911,0.0087,0.0002,155219.72,0.0,0.9999,1.0
A000328,Number of points of norm <= n^2 in square lattice.,Успешно,Строгий кристаллический тренд,5.5546,-0.0,0.0,0.6509,-0.8458,0.9999,0.781,2883.62,2.0,0.9895,0.0086,0.0019,71133.75,0.0001,0.982,1.0
A000329,"Nearest integer to b(n), where b(n) = tan(b(n-1)), b(0) = 1.",Успешно,Аномальный Сдвиг / Выброс,2.9117,1.9941,0.0,4.1806,28.4989,0.0034,0.5636,10.08,12.72,0.3354,0.3336,0.331,269.71,0.0132,-0.4922,1.0
A000330,Square pyramidal numbers: a(n) = 0^2 + 1^2 + 2^2 + ... + n^2 = n*(n+1)*(2*n+1)/6.,Успешно,Строгий кристаллический тренд,5.4919,-0.0,0.0,1.0563,-0.1006,0.9999,0.7701,11704.46,2.9,0.9905,0.0094,0.0001,604884.59,0.0,0.9999,1.0
A000331,Related to zeros of Bessel function.,Успешно,Строгий кристаллический тренд,4.3923,-0.0,0.0,4.2485,16.05,0.9979,0.492,2.9058424966589524e+41,20.0,1.0,0.0,0.0,1.1138935279976876e+77,0.0,0.9976,1.0
A000332,"Binomial coefficient binomial(n,4) = n*(n-1)*(n-2)*(n-3)/24.",Успешно,Строгий кристаллический тренд,5.2776,-0.0,0.0,1.4452,0.9623,0.9999,0.7567,43432.45,4.0,0.9895,0.0104,0.0001,10568142.87,0.0,0.9999,1.0
A000333,Number of partitions into non-integral powers.,Успешно,Строгий кристаллический тренд,5.0875,-0.0,0.0,3.4567,11.7216,1.0,0.642,1190872516.48,13.17,0.997,0.003,0.0,9711878015452008.0,0.0,1.0,1.0
A000334,Number of 4-dimensional partitions of n.,Успешно,Строгий кристаллический тренд,4.9069,-0.0,0.0,3.8119,14.2224,1.0,0.6083,12890142166.11,14.99,0.9984,0.0016,0.0,8.084643615844374e+17,0.0,1.0,1.0
A000335,Euler transform of A000292.,Успешно,Строгий кристаллический тренд,5.0444,-0.0,0.0,4.002,15.8544,1.0,0.6096,113305024751.82,16.36,0.9984,0.0016,0.0,6.360945340555908e+19,0.0,1.0,1.0
A000336,"a(n) = a(n-1)*a(n-2)*a(n-3)*a(n-4); for n < 5, a(n) = n.",Skip,Слишком короткий ряд,,,,,,,,,,,,,,,,
A000337,a(n) = (n-1)*2^n + 1.,Успешно,Строгий кристаллический тренд,5.0,-0.0,0.0,3.9546,15.4328,1.0,0.6085,7658017682.61,16.02,0.9996,0.0004,0.0,7.612677734062992e+16,0.0,1.0,1.0
A000338,Expansion of x^3*(5-2*x)*(1-x^3)/(1-x)^4.,Успешно,Строгий кристаллический тренд,5.6724,-0.0,0.0,0.6243,-0.8748,1.0,0.7856,5115.71,1.94,0.9929,0.0071,0.0,86955.57,0.0001,1.0,1.0
A000339,Number of partitions into non-integral powers.,Успешно,Строгий кристаллический тренд,5.2479,-0.0,0.0,1.33,0.6199,0.9999,0.7508,69750.13,3.66,0.9891,0.0108,0.0001,31606044.86,0.0,0.9999,1.0
A000340,"a(0)=1, a(n) = 3*a(n-1) + n + 1.",Успешно,Строгий кристаллический тренд,4.6439,-0.0,0.0,4.0209,15.3574,1.0,0.5675,73141384977.29,16.0,1.0,0.0,0.0,368259792990.9,0.0,1.0,1.0
A000341,Number of ways to pair up {1..2n} so sum of each pair is prime.,Успешно,Строгий кристаллический тренд,4.8074,-0.0,0.0,4.9609,22.7492,0.9999,0.5047,2.11132236595917e+19,24.99,0.999,0.001,0.0,3.1217877296313644e+36,0.0,0.9999,1.0
A000342,Number of n-node rooted trees of height 5.,Успешно,Строгий кристаллический тренд,4.6372,-0.0,0.0,4.1186,16.7326,1.0,0.5997,3192274292.98,17.05,0.9993,0.0007,0.0,2.3513977447260936e+16,0.0,1.0,1.0
A000343,5th power of rooted tree enumerator; number of linear forests of 5 rooted trees.,Успешно,Строгий кристаллический тренд,4.8074,-0.0,0.0,4.2306,17.2689,1.0,0.5724,985325074740.18,17.56,0.9999,0.0001,0.0,2.8905931006477546e+20,0.0,1.0,1.0
A000344,"a(n) = 5*binomial(2n, n-2)/(n+3).",Успешно,Строгий кристаллический тренд,4.7004,-0.0,0.0,4.3535,17.9128,1.0,0.5489,28130715688507.26,18.45,0.9999,0.0001,0.0,4.2882290311156965e+23,0.0,1.0,1.0
A000345,Number of partitions into non-integral powers.,Успешно,Строгий кристаллический тренд,6.2095,-0.0,0.0,1.8461,2.4478,1.0,0.7723,108147175.46,5.58,0.9944,0.0056,0.0,27184469483476.45,0.0,1.0,1.0
A000346,"a(n) = 2^(2*n+1) - binomial(2*n+1, n+1).",Успешно,Строгий кристаллический тренд,4.6439,-0.0,0.0,4.2944,17.3135,1.0,0.5446,51049029027908.74,18.02,1.0,0.0,0.0,1.480208461001825e+23,0.0,1.0,1.0
A000347,Number of partitions into non-integral powers.,Успешно,Строгий кристаллический тренд,5.2095,-0.0,0.0,2.1474,3.7669,0.9999,0.7148,28010493.06,6.61,0.9898,0.0101,0.0001,7630137890345.67,0.0,0.9999,1.0
A000348,"Number of ways to pair up {1^2, 2^2, ..., (2n)^2 } so sum of each pair is prime.",Успешно,Строгий кристаллический тренд,4.8897,0.431,0.0,5.2394,25.6365,0.9994,0.5082,4.315509534070376e+17,27.52,0.9967,0.0031,0.0002,4.138708098905134e+33,0.0,0.9995,1.0
A000349,One-half the number of permutations of length n with exactly 2 rising or falling successions.,Успешно,Строгий кристаллический тренд,4.3868,-0.0,0.0,4.5735,18.9603,1.0,0.493,3.177292010206642e+20,22.0,0.9999,0.0001,0.0,5.592071457808765e+37,0.0,1.0,1.0
A000350,Numbers m such that Fibonacci(m) ends with m.,Успешно,Строгий кристаллический тренд,5.6724,-0.0,0.0,0.7683,-0.6681,0.9992,0.7795,1221.74,2.43,0.9656,0.0208,0.0135,69270.42,0.0002,0.4536,1.0
A000351,Powers of 5: a(n) = 5^n.,Успешно,Строгий кристаллический тренд,4.585,-0.0,0.0,4.3255,17.3343,1.0,0.5325,1201553520683164.2,18.4,1.0,0.0,0.0,54031519331848.57,0.0,1.0,1.0
A000352,One half of the number of permutations of [n] such that the differences have three runs with the same signs.,Успешно,Строгий кристаллический тренд,4.7004,-0.0,0.0,4.1136,16.1543,1.0,0.5679,1904812256466.37,16.67,1.0,0.0,0.0,1.7519510705280692e+19,0.0,1.0,1.0
A000353,"Primes p == 7, 19, 23 (mod 40) such that (p-1)/2 is also prime.",Успешно,Строгий кристаллический тренд,5.5236,-0.0,0.0,0.3384,-1.0783,0.9977,0.7781,3180.24,4.4,0.9415,0.0345,0.024,1226575.63,0.0001,-0.0929,1.0
A000354,Expansion of e.g.f. exp(-x)/(1-2*x).,Успешно,Строгий кристаллический тренд,4.2219,-0.0,0.0,4.1248,15.0279,1.0,0.4913,4.0542408945729195e+21,18.5,1.0,0.0,0.0,3.395089864650029e+39,0.0,1.0,1.0
A000355,"Primes p == 3, 9, 11 (mod 20) such that 2p+1 is also prime.",Успешно,Строгий кристаллический тренд,5.5546,-0.0,0.0,0.3414,-1.0815,0.9978,0.7799,1644.97,4.29,0.9436,0.0333,0.0231,312798.39,0.0002,-0.0727,1.0
A000356,Number of rooted cubic maps with 2n nodes and a distinguished Hamiltonian cycle: (2n)!(2n+1)! / (n!^2*(n+1)!(n+2)!).,Успешно,Строгий кристаллический тренд,4.1699,-0.0,0.0,3.847,12.888,1.0,0.4941,4.964410820799823e+16,15.75,1.0,0.0,0.0,5.9181475164082615e+29,0.0,1.0,1.0
A000357,Number of 5-level labeled rooted trees with n leaves.,Успешно,Строгий кристаллический тренд,4.2219,-0.0,0.0,4.1244,15.0257,1.0,0.4913,6.423716547144911e+21,18.48,1.0,0.0,0.0,8.373827749264117e+39,0.0,1.0,1.0
A000358,"Number of binary necklaces of length n with no subsequence 00, excluding the necklace ""0"".",Успешно,Строгий кристаллический тренд,5.4269,-0.0,0.0,3.9523,15.8744,1.0,0.6518,17132531.32,16.95,0.9996,0.0004,0.0,247412271727.18,0.0,1.0,1.0
A000359,Coefficients of iterated exponentials.,Успешно,Строгий кристаллический тренд,4.1699,-0.0,0.0,3.8784,13.0482,1.0,0.4901,5.198678697431662e+22,16.69,1.0,0.0,0.0,2.716568298000847e+41,0.0,1.0,1.0
A000360,Distribution of nonempty triangles inside a fractal rep-4-tile.,Успешно,Сложная динамическая структура,3.2137,2.2498,0.0,0.6204,-0.3257,0.1897,0.7317,4.03,2.62,0.4788,0.3411,0.1802,38.74,0.0967,-0.8408,1.0
A000361,"From a fractal set of positive Lebesgue measure, a self-replicating tiling with holes, the 4-reptile following the 2-reptile of Paul Levy.",Успешно,Аномальный Сдвиг / Выброс,4.504,2.5096,0.0,5.169,27.486,-0.0381,0.582,865.01,12.49,0.3993,0.3365,0.2642,2210654.42,0.0036,-0.7058,1.0
A000362,"Generalized class numbers c_(n,2).",Успешно,Строгий кристаллический тренд,4.9069,-0.0,0.0,1.4952,1.1259,0.9998,0.7268,3781216.35,3.99,0.9833,0.0136,0.0031,224087301684.8,0.0,0.9959,1.0
A000363,Number of permutations of [n] with exactly 2 increasing runs of length at least 2.,Успешно,Строгий кристаллический тренд,4.3219,-0.0,0.0,3.8892,13.6545,1.0,0.5303,89616221943466.1,15.2,1.0,0.0,0.0,1.9282632964844984e+23,0.0,1.0,1.0
A000364,"Euler (or secant or ""Zig"") numbers: e.g.f. (even powers only) sec(x) = 1/cos(x).",Успешно,Строгий кристаллический тренд,4.0588,-0.0,0.0,3.8805,13.0587,1.0,0.4901,9.458394169564418e+30,16.96,1.0,0.0,0.0,2.753223455145004e+56,0.0,1.0,1.0
A000365,Number of genus 0 rooted planar maps with 4 faces and n vertices.,Успешно,Строгий кристаллический тренд,4.3923,-0.0,0.0,3.9667,14.3473,1.0,0.5343,2333006089221262.5,15.69,0.9996,0.0004,0.0,8.901367276388762e+27,0.0,1.0,1.0
A000366,Genocchi numbers of second kind (A005439) divided by 2^(n-1).,Успешно,Строгий кристаллический тренд,4.2971,-0.0,0.0,4.2477,16.0455,1.0,0.492,9.912543382704997e+24,19.78,1.0,0.0,0.0,6.67715073751371e+45,0.0,1.0,1.0
A000367,Numerators of Bernoulli numbers B_2n.,Успешно,Плоский Аттрактор (Петля/Узел),4.3035,1.4395,0.0,4.5705,18.9487,-0.9999,0.493,5.1924756672733856e+22,21.9,0.9993,0.0006,0.0002,8.53048390249402e+42,0.0,-0.9999,11.0
A000368,Number of connected graphs with one cycle of length 4.,Успешно,Строгий кристаллический тренд,4.6235,-0.0,0.0,4.0381,15.6017,1.0,0.573,6520081404.78,16.16,0.9998,0.0002,0.0,3.182854165901941e+16,0.0,1.0,1.0
A000369,"Triangle of numbers related to triangle A049213; generalization of Stirling numbers of second kind A008277, Bessel triangle A001497.",Успешно,Аномальный Сдвиг / Выброс,4.7219,1.3613,0.0,4.4419,19.0659,0.4649,0.5936,211881138.54,19.07,0.4523,0.3356,0.2121,1.037744468476662e+17,0.0,-0.1261,1.0
A000370,Number of NPN-equivalence classes of Boolean functions of n or fewer variables.,Skip,Слишком короткий ряд,,,,,,,,,,,,,,,,
A000371,"a(n) = Sum_{k=0..n} (-1)^(n-k)*binomial(n,k)*2^(2^k).",Skip,Слишком короткий ряд,,,,,,,,,,,,,,,,
A000372,"Dedekind numbers or Dedekind's problem: number of monotone Boolean functions of n variables, number of antichains of subsets of an n-set, number of elements in a free distributive lattice on n generators, number of Sperner families.",Skip,Слишком короткий ряд,,,,,,,,,,,,,,,,
A000373,Conjectured dimension of a module associated with the free commutative Moufang loop with n generators.,Успешно,Строгий кристаллический тренд,4.4366,-0.0,0.0,4.3977,17.562,1.0,0.5102,293849605178925.75,19.63,0.9994,0.0006,0.0,2.816805640321659e+26,0.0,1.0,1.0
A000374,Number of cycles (mod n) under doubling map.,Успешно,Сложная динамическая структура,2.8817,2.5175,0.0,1.5714,2.6143,-0.0045,0.6484,3.98,4.34,0.3676,0.3359,0.2965,42.18,0.1231,-0.6109,1.0
A000375,"Topswops (1): start by shuffling n cards labeled 1..n. If top card is m, reverse order of top m cards, then repeat. a(n) is the maximal number of steps before top card is 1.",Успешно,Строгий кристаллический тренд,4.3923,-0.0,0.0,0.8848,-0.484,0.9991,0.718,114.5,2.34,0.9614,0.0235,0.0151,824.63,0.0023,0.8736,1.0
A000376,"Topswops (2): start by shuffling n cards labeled 1..n. If the top card is m, reverse the order of the top m cards. Repeat until 1 gets to the top, then stop. Suppose the whole deck is now sorted (if not, discard this case). a(n) is the maximal number of steps before 1 got to the top.",Успешно,Строгий кристаллический тренд,4.3219,-0.0,0.0,0.8241,-0.6423,0.9977,0.7167,97.61,2.63,0.938,0.0419,0.0201,1003.7,0.0028,0.777,1.0
A000377,"Expansion of f(-q^3) * f(-q^8) * chi(-q^12) / chi(-q) in powers of q where chi(), f() are Ramanujan theta functions.",Успешно,Сложная динамическая структура,1.9505,2.3954,0.0,0.4006,-0.4993,-0.1636,0.4387,1.79,3.13,0.3689,0.3464,0.2847,5.91,0.4082,-0.5449,21.0
A000378,Sums of three squares: numbers of the form x^2 + y^2 + z^2.,Успешно,Строгий кристаллический тренд,6.1699,-0.0,0.0,0.0081,-1.2133,0.9999,0.8041,35.86,1.71,0.9863,0.008,0.0057,31.31,0.0071,-0.2069,1.0
A000379,Numbers where total number of 1-bits in the exponents of their prime factorization is even; a 2-way classification of integers: complement of A000028.,Успешно,Строгий кристаллический тренд,6.0875,-0.0,0.0,0.0346,-1.2044,0.9993,0.802,53.81,3.14,0.9688,0.0188,0.0124,183.56,0.0048,-0.1277,1.0
A000380,Number of permutations of an n-sequence discordant with three given permutations (see reference) in n-3 places.,Успешно,Строгий кристаллический тренд,4.3923,-0.0,0.0,4.2355,15.9782,1.0,0.4917,6.040557206939599e+20,19.13,0.9999,0.0001,0.0,1.7863729759749526e+38,0.0,1.0,1.0
A000381,Essentially the same as A001611.,Успешно,Строгий кристаллический тренд,4.2479,-0.0,0.0,2.2866,4.3689,1.0,0.6399,1593.93,6.88,1.0,0.0,0.0,323.05,0.0001,1.0,1.0
A000382,Restricted permutations.,Успешно,Строгий кристаллический тренд,4.9542,-0.0,0.0,3.5714,12.4866,1.0,0.6261,67590644.5,13.69,1.0,0.0,0.0,15235881.01,0.0,1.0,1.0
A000383,Hexanacci numbers with a(0) = ... = a(5) = 1.,Успешно,Строгий кристаллический тренд,4.7903,-0.0,0.0,4.1859,17.562,1.0,0.6147,481410218.36,17.85,1.0,0.0,0.0,16055294.94,0.0,1.0,1.0
A000384,Hexagonal numbers: a(n) = n*(2*n-1).,Успешно,Строгий кристаллический тренд,5.6147,-0.0,0.0,0.6548,-0.8407,0.9999,0.7832,1984.67,1.99,0.9918,0.0082,0.0,14493.79,0.0001,1.0,1.0
A000385,Convolution of A000203 with itself.,Успешно,Плоский Аттрактор (Петля/Узел),6.2095,1.5695,0.0,1.0523,-0.0909,0.9878,0.7967,75197.09,5.81,0.9177,0.0683,0.014,1566971981.04,0.0,-0.8421,1.0
A000386,"a(n) = A058057(n,n-3).",Успешно,Строгий кристаллический тренд,4.3168,-0.0,0.0,4.4625,17.9591,1.0,0.4926,1.8382823086903067e+19,21.0,0.9999,0.0001,0.0,2.0418400234215056e+35,0.0,1.0,1.0
A000387,Rencontres numbers: number of permutations of [n] with exactly two fixed points.,Успешно,Строгий кристаллический тренд,4.3168,0.549,0.0,4.4625,17.9591,1.0,0.4926,1.8727296397386146e+19,21.0,0.9999,0.0001,0.0,2.1183004907104175e+35,0.0,1.0,1.0
A000388,Number of permutations of an n-sequence discordant with three given permutations (see reference) in n-2 places.,Успешно,Строгий кристаллический тренд,4.3219,-0.0,0.0,4.1168,14.9849,1.0,0.4911,6.147411028209441e+20,18.17,0.9999,0.0001,0.0,1.7555750058664637e+38,0.0,1.0,1.0
A000389,"Binomial coefficients C(n,5).",Успешно,Строгий кристаллический тренд,5.1159,-0.0,0.0,1.7422,2.009,0.9999,0.7422,234344.64,5.0,0.9889,0.011,0.0001,398446283.54,0.0,0.9999,1.0
A000390,Number of 5-dimensional partitions of n.,Успешно,Строгий кристаллический тренд,4.7549,-0.0,0.0,3.8536,14.3377,1.0,0.5905,38504027111.32,15.03,0.9985,0.0015,0.0,7.276255490946504e+18,0.0,1.0,1.0
A000391,Euler transform of A000332.,Успешно,Строгий кристаллический тренд,4.8074,-0.0,0.0,3.9394,15.054,1.0,0.5907,100540356614.54,15.63,0.9987,0.0013,0.0,4.60529290942431e+19,0.0,1.0,1.0
A000392,"Stirling numbers of second kind S(n,3).",Успешно,Строгий кристаллический тренд,4.6375,-0.0,0.0,4.2932,17.7487,1.0,0.5684,131734473161.48,18.0,1.0,0.0,0.0,1.4924017989639994e+17,0.0,1.0,1.0
A000393,Number of n-node rooted trees of height 6.,Успешно,Строгий кристаллический тренд,4.4539,-0.0,0.0,4.2127,17.414,1.0,0.5895,5613759806.16,17.6,0.9994,0.0006,0.0,7.475827353752696e+16,0.0,1.0,1.0
A000394,Numbers of form x^2 + y^2 + 7z^2.,Успешно,Строгий кристаллический тренд,5.9069,-0.0,0.0,-0.0642,-1.19,0.9998,0.7951,30.41,2.46,0.9802,0.0122,0.0076,30.42,0.0083,-0.0756,1.0
A000395,6th power of rooted tree enumerator; number of linear forests of 6 rooted trees.,Успешно,Строгий кристаллический тренд,4.6439,-0.0,0.0,3.972,15.0073,1.0,0.571,126873023421.66,15.67,1.0,0.0,0.0,2.786278572701658e+18,0.0,1.0,1.0
A000396,Perfect numbers k: k is equal to the sum of the proper divisors of k.,Skip,Слишком короткий ряд,,,,,,,,,,,,,,,,
A000397,Number of partitions into non-integral powers.,Успешно,Строгий кристаллический тренд,6.2479,-0.0,0.0,1.8122,2.3124,1.0,0.7749,148658877.33,5.46,0.9946,0.0053,0.0,46630412729234.26,0.0,1.0,1.0
A000398,Numbers of form x^2 + 2y^2 + 2yz + 4z^2.,Успешно,Строгий кристаллический тренд,5.9069,-0.0,0.0,-0.0536,-1.2054,0.9999,0.7959,27.51,1.84,0.9867,0.0081,0.0053,10.29,0.0093,-0.0943,1.0
A000399,"Unsigned Stirling numbers of first kind s(n,3).",Успешно,Строгий кристаллический тренд,4.2479,-0.0,0.0,3.9917,13.9763,1.0,0.4904,1.5253587617493248e+18,17.13,0.9999,0.0001,0.0,1.4155014058580545e+33,0.0,1.0,1.0
A000400,Powers of 6: a(n) = 6^n.,Успешно,Строгий кристаллический тренд,4.5236,-0.0,0.0,4.2948,16.9018,1.0,0.5248,1.337900334321308e+16,18.33,1.0,0.0,0.0,0.0,0.0,1.0,1.0
A000401,Numbers of form x^2 + y^2 + 2*z^2.,Успешно,Строгий кристаллический тренд,6.1699,-0.0,0.0,0.0262,-1.2071,0.9999,0.8039,32.76,1.87,0.9895,0.0064,0.004,14.73,0.0078,-0.0769,1.0
A000402,Number of permutations of [n] in which the longest increasing run has length 3.,Успешно,Строгий кристаллический тренд,4.3685,-0.0,0.0,4.3491,16.9604,1.0,0.4921,4.952758615933323e+19,20.02,0.9999,0.0001,0.0,1.4611298859646872e+36,0.0,1.0,1.0
A000403,Number of simple equifacetted 3-manifolds with n faces.,Skip,Слишком короткий ряд,,,,,,,,,,,,,,,,
A000404,Numbers that are the sum of 2 nonzero squares.,Успешно,Строгий кристаллический тренд,5.9307,-0.0,0.0,0.0373,-1.21,0.9995,0.7963,75.01,2.73,0.9737,0.0137,0.0126,372.3,0.0034,-0.4269,1.0
A000405,Number of 6-level labeled rooted trees with n leaves.,Успешно,Строгий кристаллический тренд,4.0588,-0.0,0.0,3.8768,13.0404,1.0,0.49,1.757238484931237e+20,16.59,1.0,0.0,0.0,5.0451933814220725e+36,0.0,1.0,1.0
A000406,Coefficients of iterated exponentials.,Успешно,Строгий кристаллический тренд,4.0875,-0.0,0.0,3.7483,12.0543,1.0,0.4893,1.3186920273766955e+22,15.73,1.0,0.0,0.0,1.4561894315822133e+40,0.0,1.0,1.0
A000407,a(n) = (2*n+1)! / n!.,Успешно,Строгий кристаллический тренд,4.0875,-0.0,0.0,3.7486,12.0557,1.0,0.4893,5.159569470375356e+22,15.76,1.0,0.0,0.0,1.8237422123080267e+41,0.0,1.0,1.0
A000408,Numbers that are the sum of three nonzero squares.,Успешно,Строгий кристаллический тренд,6.1085,-0.0,0.0,-0.109,-1.1249,0.9997,0.8015,40.97,2.02,0.9794,0.0124,0.0082,73.93,0.006,-0.0609,1.0
A000409,"Singular n X n (0,1)-matrices: the number of n X n (0,1)-matrices having distinct, nonzero ordered rows, but having at least two equal columns or at least one zero column.",Успешно,Строгий кристаллический тренд,3.8074,-0.0,0.0,3.3282,9.0769,1.0,0.486,2.2863237576614244e+52,13.0,1.0,0.0,0.0,1.2871906751329777e+91,0.0,1.0,1.0
A000410,"Number of singular n X n rational (0,1)-matrices.",Skip,Слишком короткий ряд,,,,,,,,,,,,,,,,
A000411,"Generalized tangent numbers d(6,n).",Успешно,Строгий кристаллический тренд,3.7004,-0.0,0.0,3.1754,8.0833,1.0,0.4844,1.4211025780230158e+39,12.0,1.0,0.0,0.0,1.79192939704471e+70,0.0,1.0,1.0
A000412,Number of bipartite partitions of n white objects and 3 black ones.,Успешно,Строгий кристаллический тренд,5.3219,-0.0,0.0,2.2607,4.3677,1.0,0.7158,556059.87,7.31,0.9949,0.0051,0.0,1519315227.7,0.0,1.0,1.0
A000413,"Let A(n) = #{(i,j,k): i^2 + j^2 + k^2 <= n}, V(n) = (4/3)*Pi*n^(3/2), P(n) = A(n) - V(n); A000092 gives values of n where |P(n)| sets a new record; sequence gives A(A000092(n)).",Успешно,Строгий кристаллический тренд,5.4263,-0.0,0.0,1.9044,2.4665,0.983,0.733,1154163.33,14.99,0.8594,0.0781,0.0625,379210976325.2,0.0,0.0778,1.0
A000414,Numbers that are the sum of 4 nonzero squares.,Успешно,Строгий кристаллический тренд,6.0444,-0.0,0.0,-0.1543,-1.1082,0.9998,0.7981,30.74,2.53,0.983,0.0115,0.0055,16.11,0.0079,0.3443,1.0
A000415,Numbers that are the sum of 2 but no fewer nonzero squares.,Успешно,Строгий кристаллический тренд,5.9069,-0.0,0.0,0.0339,-1.1995,0.9995,0.7956,77.03,2.64,0.9738,0.0139,0.0124,388.39,0.0033,-0.4064,1.0
A000416,Number of 6-dimensional partitions of n.,Успешно,Строгий кристаллический тренд,4.3923,-0.0,0.0,3.5318,11.5635,1.0,0.5726,2035973197.28,12.76,0.9986,0.0014,0.0,1.950973074259931e+16,0.0,1.0,1.0
A000417,Euler transform of A000389.,Успешно,Строгий кристаллический тренд,4.7549,-0.0,0.0,4.043,15.7408,1.0,0.5783,739194904277.05,16.23,0.9989,0.0011,0.0,2.159492771700621e+21,0.0,1.0,1.0
A000418,Number of n-node rooted trees of height 7.,Успешно,Строгий кристаллический тренд,4.3859,-0.0,0.0,4.3904,18.9421,1.0,0.5833,28182764419.79,18.88,0.9994,0.0006,0.0,1.8104962594840276e+18,0.0,1.0,1.0
A000419,Numbers that are the sum of 3 but no fewer nonzero squares.,Успешно,Строгий кристаллический тренд,5.9773,-0.0,0.0,-0.0595,-1.1734,0.9996,0.7965,59.15,2.23,0.9748,0.0152,0.0101,182.45,0.0043,-0.091,1.0
A000420,Powers of 7: a(n) = 7^n.,Успешно,Строгий кристаллический тренд,4.4594,-0.0,0.0,4.2309,16.2432,1.0,0.5185,5.791117752489365e+16,18.0,1.0,0.0,0.0,6.164669435505235e+16,0.0,1.0,1.0
A000421,"Number of isomorphism classes of connected 3-regular (trivalent, cubic) loopless multigraphs of order 2n.",Успешно,Строгий кристаллический тренд,4.3219,-0.0,0.0,4.1211,15.0081,1.0,0.4912,7.324730913622196e+18,18.33,0.9999,0.0001,0.0,2.0279099860840135e+34,0.0,1.0,1.0
A000422,Concatenation of numbers from n down to 1.,Успешно,Строгий кристаллический тренд,4.1699,-0.0,0.0,3.88,13.056,1.0,0.4901,2.1282275809173246e+25,16.84,1.0,0.0,0.0,6.804067714099765e+44,0.0,1.0,1.0
A000423,"a(n) is smallest number > a(n-1) of form a(i)*a(j), i < j < n.",Успешно,Строгий кристаллический тренд,5.6147,-0.0,0.0,1.474,1.1925,0.9994,0.7615,3872.73,5.33,0.9693,0.0171,0.0136,938319.37,0.0001,0.8395,1.0
A000424,Differences of reciprocals of unity.,Успешно,Строгий кристаллический тренд,4.0,-0.0,0.0,3.6147,11.0664,1.0,0.4884,1.125673959740116e+29,14.95,1.0,0.0,0.0,7.877553778796147e+52,0.0,1.0,1.0
A000425,Coefficients of ménage hit polynomials.,Успешно,Строгий кристаллический тренд,4.3685,0.2864,0.0,4.3499,16.9654,1.0,0.4921,2.8826274459615457e+19,20.05,0.9999,0.0001,0.0,4.814007008634375e+35,0.0,1.0,1.0
A000426,Coefficients of ménage hit polynomials.,Успешно,Строгий кристаллический тренд,4.3168,-0.0,0.0,4.4624,17.9589,1.0,0.4926,2.818264624424965e+19,21.0,0.9999,0.0001,0.0,4.818437286187894e+35,0.0,1.0,1.0
A000427,Number of 7-dimensional partitions of n.,Успешно,Строгий кристаллический тренд,4.3219,-0.0,0.0,3.549,11.5489,1.0,0.5616,4494634719.68,12.82,0.9989,0.0011,0.0,7.512869022794203e+16,0.0,1.0,1.0
A000428,Euler transform of A000579.,Успешно,Строгий кристаллический тренд,4.5236,-0.0,0.0,3.8315,13.7818,1.0,0.5663,134559637063.46,14.68,0.999,0.001,0.0,6.3646378272726974e+19,0.0,1.0,1.0
A000429,Number of n-node rooted trees of height 8.,Успешно,Строгий кристаллический тренд,4.25,-0.0,0.0,4.4628,19.5379,1.0,0.5785,40333778627.99,19.4,0.9994,0.0006,0.0,4.024155170009592e+18,0.0,1.0,1.0
A000430,Primes and squares of primes.,Успешно,Строгий кристаллический тренд,5.7549,-0.0,0.0,0.2499,-1.2209,0.9994,0.793,96.72,2.88,0.9689,0.0188,0.0123,584.03,0.0028,0.0826,1.0
A000431,Expansion of 2*x^3/((1-2*x)^2*(1-4*x)).,Успешно,Строгий кристаллический тренд,4.5788,-0.0,0.0,4.4858,19.06,1.0,0.546,53599605035472.95,19.5,1.0,0.0,0.0,7.6316420475931e+20,0.0,1.0,1.0
A000432,Series-parallel numbers.,Успешно,Строгий кристаллический тренд,5.2479,-0.0,0.0,5.3539,28.076,1.0,0.554,1.1988046554119012e+22,27.0,0.9999,0.0001,0.0,7.599143107876303e+40,0.0,1.0,1.0
A000433,n written in base where place values are positive cubes.,Успешно,Строгий кристаллический тренд,5.858,-0.0,0.0,0.3304,-0.9831,0.9786,0.809,93.31,19.09,0.8377,0.1005,0.0618,1285.23,0.0029,-0.0442,1.0
A000434,Number of permutations of [n] in which the longest increasing run has length 4.,Успешно,Строгий кристаллический тренд,4.2433,-0.0,0.0,4.3508,16.9705,1.0,0.4922,4.163652134721589e+19,20.08,0.9999,0.0001,0.0,8.809956687159227e+35,0.0,1.0,1.0
A000435,Normalized total height of all nodes in all rooted trees with n labeled nodes.,Успешно,Строгий кристаллический тренд,4.3219,-0.0,0.0,4.127,15.0394,1.0,0.4914,2.3599502387399887e+24,18.64,1.0,0.0,0.0,6.032168696152139e+44,0.0,1.0,1.0
A000436,"Generalized Euler numbers c(3,n).",Успешно,Строгий кристаллический тренд,3.7004,-0.0,0.0,3.1754,8.0833,1.0,0.4844,6.271949906031077e+29,11.99,1.0,0.0,0.0,6.919527186114959e+52,0.0,1.0,1.0
A000437,Smallest nonnegative number that is the sum of 3 squares in exactly n ways.,Успешно,Аномальный Сдвиг / Выброс,5.4263,1.3513,0.0,0.531,-1.082,0.9885,0.7746,4226.91,5.24,0.8849,0.0603,0.0548,3930253.94,0.0001,-0.3812,1.0
A000438,Number of 1-factorizations of complete graph K_{2n}.,Skip,Слишком короткий ряд,,,,,,,,,,,,,,,,
A000439,Powers of rooted tree enumerator.,Успешно,Строгий кристаллический тренд,5.4263,-0.0,0.0,1.2473,0.3956,0.9999,0.7614,77755.53,3.45,0.9912,0.0088,0.0001,28138427.94,0.0,0.9999,1.0
A000440,Number of permutations of an n-sequence discordant with three given permutations (see reference) in n-4 places.,Успешно,Строгий кристаллический тренд,4.2479,-0.0,0.0,3.9934,13.9854,1.0,0.4905,2.1951870545877307e+19,17.18,0.9999,0.0001,0.0,2.4740857617452783e+35,0.0,1.0,1.0
A000441,a(n) = Sum_{k=1..n-1} k*sigma(k)*sigma(n-k).,Успешно,Строгий кристаллический тренд,5.2854,0.3574,0.0,1.3708,0.7181,0.9911,0.7509,178296.8,6.9,0.9275,0.0589,0.0136,7234549352.93,0.0,-0.1818,1.0
A000442,a(n) = (n!)^3.,Успешно,Строгий кристаллический тренд,3.875,-0.0,0.0,3.6148,11.0667,1.0,0.4884,2.9662395886494305e+35,15.0,1.0,0.0,0.0,7.765192591969253e+63,0.0,1.0,1.0
A000443,Numbers that are the sum of 2 squares in exactly 3 ways.,Успешно,Строгий кристаллический тренд,5.4594,-0.0,0.0,-0.0777,-1.2227,0.9979,0.7833,1595.33,2.9,0.9439,0.0344,0.0216,341896.55,0.0002,-0.0795,1.0
A000444,Number of partially labeled rooted trees with n nodes (3 of which are labeled).,Успешно,Строгий кристаллический тренд,4.585,-0.0,0.0,3.9806,14.9422,1.0,0.5629,5872630317238.61,15.7,0.9997,0.0003,0.0,4.561994287113942e+22,0.0,1.0,1.0
A000445,"Latest possible occurrence of the first consecutive pair of n-th power residues, modulo any prime.",Skip,Слишком короткий ряд,,,,,,,,,,,,,,,,
A000446,Smallest number that is the sum of 2 squares (allowing zeros) in exactly n ways.,Успешно,Аномальный Сдвиг / Выброс,4.7004,2.2977,0.0,4.8,21.0399,-0.0417,0.494,9083120943452.2,12.49,0.3407,0.3407,0.3187,2.138580981863745e+26,0.0,-0.5,11.0
A000447,a(n) = 1^2 + 3^2 + 5^2 + 7^2 + ... + (2*n-1)^2 = n*(4*n^2 - 1)/3.,Успешно,Строгий кристаллический тренд,5.5236,-0.0,0.0,1.0701,-0.0704,0.9999,0.7712,48304.49,2.93,0.9905,0.0094,0.0001,10009258.85,0.0,0.9999,1.0
A000448,Smallest number that is the sum of 2 squares in at least n ways.,Успешно,Строгий кристаллический тренд,3.5,-0.0,0.0,1.0752,-0.741,0.9411,0.7549,17661223.58,24.8,0.754,0.152,0.094,67945150093685.65,0.0,-0.054,1.0
A000449,Rencontres numbers: number of permutations of [n] with exactly 3 fixed points.,Успешно,Строгий кристаллический тренд,4.3219,0.3095,0.0,4.1157,14.9787,1.0,0.4911,7.219095328930626e+18,18.14,0.9999,0.0001,0.0,2.7690202492946504e+34,0.0,1.0,1.0
A000450,"a(n) = A058057(n,n-4).",Успешно,Строгий кристаллический тренд,4.3219,-0.0,0.0,4.1169,14.9853,1.0,0.4911,2.333513391305408e+20,18.18,0.9999,0.0001,0.0,2.500529388337156e+37,0.0,1.0,1.0
A000451,Smallest number that is the sum of 3 squares in at least n ways.,Успешно,Строгий кристаллический тренд,5.1007,-0.0,0.0,0.5537,-1.0205,0.9967,0.7737,4128.07,4.67,0.9298,0.0454,0.0249,2003576.07,0.0001,0.1552,1.0
A000452,The greedy sequence of integers which avoids 3-term geometric progressions.,Успешно,Строгий кристаллический тренд,6.1898,-0.0,0.0,0.0227,-1.2196,0.9997,0.8064,42.3,2.88,0.9806,0.0119,0.0075,67.14,0.006,-0.1045,1.0
A000453,"Stirling numbers of the second kind, S(n,4).",Успешно,Строгий кристаллический тренд,4.585,-0.0,0.0,4.193,16.4232,1.0,0.544,79522935092902.2,17.25,1.0,0.0,0.0,3.9933873314467554e+23,0.0,1.0,1.0
A000454,"Unsigned Stirling numbers of first kind s(n,4).",Успешно,Строгий кристаллический тренд,4.0875,-0.0,0.0,3.7348,11.9891,1.0,0.4889,7.573472144111797e+16,15.2,0.9999,0.0001,0.0,3.360143490814018e+30,0.0,1.0,1.0
A000455,Digits of powers of 2.,Успешно,Сложная динамическая структура,3.1684,2.4912,0.0,0.2974,-1.119,-0.0251,0.5196,4.4,2.88,0.3539,0.3351,0.311,42.5,0.2773,-0.4535,24.0
A000456,Number of permutations of [n] in which the longest increasing run has length 5.,Успешно,Строгий кристаллический тренд,4.0958,-0.0,0.0,4.3513,16.9735,1.0,0.4922,1.081828887104347e+19,20.09,0.9999,0.0001,0.0,5.662620512497944e+34,0.0,1.0,1.0
A000457,Exponential generating function: (1+3*x)/(1-2*x)^(7/2).,Успешно,Строгий кристаллический тренд,4.0875,-0.0,0.0,3.7455,12.041,1.0,0.4892,1.5604684131637356e+20,15.57,1.0,0.0,0.0,4.6127828398489726e+36,0.0,1.0,1.0
A000458,a(0) = a(1) = 1; thereafter a(n) = sigma(a(n-1)) + sigma(a(n-2)).,Успешно,Строгий кристаллический тренд,4.6808,-0.0,0.0,4.5949,19.8684,1.0,0.5357,238423079028.6,20.49,0.9984,0.001,0.0005,2.804372091749857e+20,0.0,1.0,1.0
A000459,"Number of multiset permutations of {1, 1, 2, 2, ..., n, n} with no fixed points.",Успешно,Строгий кристаллический тренд,4.0588,0.3373,0.0,3.8805,13.0587,1.0,0.4901,3.4653608495499847e+31,16.97,1.0,0.0,0.0,2.4130127915412082e+57,0.0,1.0,1.0
A000460,"Eulerian numbers (Euler's triangle: column k=3 of A008292, column k=2 of A173018).",Успешно,Строгий кристаллический тренд,4.7004,-0.0,0.0,4.1138,16.1556,1.0,0.5679,2538779888930.59,16.67,1.0,0.0,0.0,2.633080358114966e+20,0.0,1.0,1.0
A000461,Concatenate n n times.,Успешно,Строгий кристаллический тренд,4.0,-0.0,0.0,3.6142,11.0642,1.0,0.4883,2.1424213719321388e+30,14.86,1.0,0.0,0.0,7.850847362549479e+54,0.0,1.0,1.0
A000462,Numbers written in base of triangular numbers.,Успешно,Аномальный Сдвиг / Выброс,5.2095,-0.0,0.0,3.7435,12.5324,0.7575,0.6094,1515889.86,32.4,0.6804,0.2365,0.0831,3103066591156.44,0.0,-0.0362,1.0
A000463,n followed by n^2.,Успешно,Плоский Аттрактор (Петля/Узел),6.0033,1.1586,0.0,1.585,1.2785,-0.339,0.6811,510.98,3.0,0.6259,0.3692,0.0049,461908.51,0.0006,-0.9998,1.0
A000464,Expansion of e.g.f. sin(x)/cos(2*x).,Успешно,Строгий кристаллический тренд,3.9069,-0.0,0.0,3.4744,10.0714,1.0,0.4873,1.2463055397810852e+33,13.99,1.0,0.0,0.0,5.804673184364008e+59,0.0,1.0,1.0
A000465,Number of bipartite partitions of n white objects and 4 black ones.,Успешно,Строгий кристаллический тренд,5.2479,-0.0,0.0,2.2641,4.3789,1.0,0.7114,1005366.39,7.28,0.9945,0.0054,0.0,5520184917.24,0.0,1.0,1.0
A000466,a(n) = 4*n^2 - 1.,Успешно,Строгий кристаллический тренд,5.4594,-0.0,0.0,0.6502,-0.8464,0.9999,0.777,3209.32,1.98,0.9911,0.0089,0.0,47167.79,0.0001,1.0,1.0
A000467,Number of permutations of [n] in which the longest increasing run has length 6.,Успешно,Строгий кристаллический тренд,4.0188,-0.0,0.0,4.4651,17.9747,1.0,0.4926,4.340854269389446e+19,21.1,0.9999,0.0001,0.0,8.201579424974473e+35,0.0,1.0,1.0
A000468,Powers of ten written in base 8.,Успешно,Строгий кристаллический тренд,4.3219,-0.0,0.0,4.1025,14.906,0.9999,0.4944,1.1083250026617863e+20,17.78,0.9989,0.0011,0.0,6.945137215615566e+37,0.0,0.9998,1.0
A000469,1 together with products of 2 or more distinct primes.,Успешно,Строгий кристаллический тренд,5.9069,-0.0,0.0,-0.0934,-1.1389,0.9992,0.7937,63.51,3.01,0.9669,0.0185,0.0146,363.36,0.0038,-0.2827,1.0
A000470,Number of permutations of an n-sequence discordant with three given permutations (see reference) in n-5 places.,Успешно,Строгий кристаллический тренд,4.2479,-0.0,0.0,3.9946,13.9916,1.0,0.4905,2.9261035287902555e+20,17.22,0.9999,0.0001,0.0,3.8032458215448586e+37,0.0,1.0,1.0
A000471,a(n) = floor(sinh(n)).,Успешно,Строгий кристаллический тренд,4.9069,-0.0,0.0,4.3273,18.2397,1.0,0.5768,201132805391.0,18.33,1.0,0.0,0.0,51481530298.33,0.0,1.0,1.0
A000472,a(n) = a(n-1)^2 + (a(n-2) + 1)*(a(n-1) - a(n-2)^2).,Skip,Слишком короткий ряд,,,,,,,,,,,,,,,,
A000473,Number of genus 0 rooted maps with 5 faces and n vertices.,Успешно,Строгий кристаллический тренд,4.3219,-0.0,0.0,3.8916,13.6689,1.0,0.5301,2.7537337161384036e+16,15.22,0.9995,0.0005,0.0,1.6117924245297433e+30,0.0,1.0,1.0
A000474,Number of nonisomorphic 1-factorizations of complete graph K_{2n}.,Skip,Слишком короткий ряд,,,,,,,,,,,,,,,,
A000475,Rencontres numbers: number of permutations of [n] with exactly 4 fixed points.,Успешно,Строгий кристаллический тренд,4.3219,0.3095,0.0,4.1169,14.985,1.0,0.4911,4.151147788669976e+19,18.17,0.9999,0.0001,0.0,7.990124451362964e+35,0.0,1.0,1.0
A000476,Number of permutations of an n-sequence discordant with three given permutations (see reference) in n-1 places.,Успешно,Строгий кристаллический тренд,4.2479,-0.0,0.0,3.9947,13.9921,1.0,0.4905,4.060056757578052e+20,17.22,0.9999,0.0001,0.0,7.210801094732933e+37,0.0,1.0,1.0
A000477,a(n) = Sum_{k=1..n-1} k^2*sigma(k)*sigma(n-k).,Успешно,Строгий кристаллический тренд,5.1293,-0.0,0.0,1.6093,1.4549,0.9931,0.734,2158365.2,6.74,0.9352,0.0504,0.0144,876597052933.07,0.0,0.279,1.0
A000478,Number of ways of placing n labeled balls into 3 indistinguishable boxes with at least 2 balls in each box.,Успешно,Строгий кристаллический тренд,4.7004,-0.0,0.0,4.1137,16.1549,1.0,0.5679,11426883543494.85,16.67,1.0,0.0,0.0,2.790200719780181e+21,0.0,1.0,1.0
A000479,"Number of 1-factorizations of K_{n,n}.",Skip,Слишком короткий ряд,,,,,,,,,,,,,,,,
A000480,a(n) = floor(cos(n)).,Успешно,Сложная динамическая структура,1.0843,1.3168,3.0,0.2104,-1.3687,0.3747,0.3565,0.88,3.04,0.4097,0.3942,0.1961,0.79,0.4472,0.0383,13.0
A000481,"Stirling numbers of the second kind, S(n,5).",Успешно,Строгий кристаллический тренд,4.5236,-0.0,0.0,4.2221,16.4235,1.0,0.532,6440726507781923.0,17.61,1.0,0.0,0.0,6.688927679562228e+27,0.0,1.0,1.0
A000482,"Unsigned Stirling numbers of first kind s(n,5).",Успешно,Строгий кристаллический тренд,4.3219,-0.0,0.0,4.1184,14.9932,1.0,0.4912,1.1000623082867326e+22,18.23,0.9999,0.0001,0.0,4.444352949923634e+40,0.0,1.0,1.0
A000483,"Associated Stirling numbers: second-order reciprocal Stirling numbers (Fekete) a(n) = [[n, 3]]. The number of 3-orbit permutations of an n-set with at least 2 elements in each orbit.",Успешно,Строгий кристаллический тренд,4.3219,-0.0,0.0,4.1187,14.9952,1.0,0.4912,1.9373240463669928e+23,18.24,0.9999,0.0001,0.0,1.3190387930336023e+43,0.0,1.0,1.0
A000484,a(n) = round(cos(n)).,Успешно,Сложная динамическая структура,1.5843,1.7723,0.0,-0.0221,-1.5257,0.5311,0.3533,1.43,1.57,0.4885,0.4619,0.0496,1.71,100000.0,0.4953,13.0
A000485,Number of partially labeled trees with n nodes (4 of which are labeled).,Успешно,Строгий кристаллический тренд,4.4594,-0.0,0.0,3.7913,13.3804,1.0,0.5607,1725774989555.83,14.39,0.9996,0.0004,0.0,4.801393355707012e+21,0.0,1.0,1.0
A000486,One half of the number of permutations of [n] such that the differences have 4 runs with the same signs.,Успешно,Строгий кристаллический тренд,4.3923,-0.0,0.0,3.8784,13.7875,1.0,0.541,16920551056874.48,15.01,1.0,0.0,0.0,2.9211737447355262e+22,0.0,1.0,1.0
A000487,Number of permutations of length n with exactly two valleys.,Успешно,Строгий кристаллический тренд,4.3219,-0.0,0.0,3.959,14.0749,1.0,0.5226,1.7191650201767388e+16,15.84,1.0,0.0,0.0,2.030633242736122e+28,0.0,1.0,1.0
A000488,"Generalized tangent numbers d_(n,3).",Успешно,Строгий кристаллический тренд,4.6439,-0.0,0.0,1.7336,1.9633,0.9998,0.7007,119590414.87,4.85,0.9834,0.0158,0.0008,236092128224659.28,0.0,0.9997,1.0
A000489,"Card matching: Coefficients B[n,3] of t^3 in the reduced hit polynomial A[n,n,n](t).",Успешно,Строгий кристаллический тренд,4.2479,-0.0,0.0,3.9298,13.6392,1.0,0.507,1.0587203091905211e+18,16.0,0.9999,0.0001,0.0,4.762878685617754e+32,0.0,1.0,1.0
A000490,"Generalized Euler numbers c(4,n).",Успешно,Строгий кристаллический тренд,3.8074,-0.0,0.0,3.3282,9.0769,1.0,0.486,2.8120494174082244e+36,13.0,1.0,0.0,0.0,3.077878719309822e+65,0.0,1.0,1.0
A000491,Number of bipartite partitions of n white objects and 5 black ones.,Успешно,Строгий кристаллический тренд,5.1293,-0.0,0.0,2.2396,4.248,1.0,0.7059,1269582.26,7.12,0.9941,0.0059,0.0,10171906177.79,0.0,1.0,1.0
A000492,Number of permutations of an n-sequence discordant with three given permutations (see reference) in n-6 places.,Успешно,Строгий кристаллический тренд,4.1699,-0.0,0.0,3.8686,12.9992,1.0,0.4898,1.4453151237631364e+20,16.26,0.9999,0.0001,0.0,8.684907744794833e+36,0.0,1.0,1.0
A000493,a(n) = floor(sin(n)).,Успешно,Сложная динамическая структура,0.9996,1.2182,3.0,-0.0476,-1.9977,0.3734,0.399,0.87,3.19,0.4102,0.3903,0.1995,0.77,1.0,0.0,13.0
A000494,Nearest integer to sin(n).,Успешно,Сложная динамическая структура,1.5845,1.7652,0.0,-0.0199,-1.5233,0.5279,0.3366,1.43,1.56,0.487,0.4594,0.0536,1.7,0.4082,0.5002,15.0
A000495,Nearest integer to sinh(n).,Успешно,Строгий кристаллический тренд,4.9069,-0.0,0.0,4.3273,18.2397,1.0,0.5768,201132805391.09,18.33,1.0,0.0,0.0,64837848511.67,0.0,1.0,1.0
A000496,Restricted permutations.,Успешно,Строгий кристаллический тренд,5.1144,-0.0,0.0,3.9012,15.1849,1.0,0.6263,437931761.82,15.97,1.0,0.0,0.0,380477243.93,0.0,1.0,1.0
A000497,"S2(j,2j+2) where S2(n,k) is a 2-associated Stirling number of the second kind.",Успешно,Строгий кристаллический тренд,4.0,-0.0,0.0,3.611,11.0492,1.0,0.4882,4.1820386747260266e+20,14.62,1.0,0.0,0.0,2.485949023913182e+37,0.0,1.0,1.0
A000498,"Eulerian numbers (Euler's triangle: column k=4 of A008292, column k=3 of A173018).",Успешно,Строгий кристаллический тренд,4.5236,-0.0,0.0,4.0934,15.5621,1.0,0.5428,489296080443654.2,16.52,0.9999,0.0001,0.0,9.414981945070746e+25,0.0,1.0,1.0
A000499,a(n) = Sum_{k=1..n-1} k^3*sigma(k)*sigma(n-k).,Успешно,Строгий кристаллический тренд,5.0,-0.0,0.0,1.9277,2.8545,0.9936,0.7145,26334717.1,7.84,0.9369,0.0494,0.0138,129905062223611.52,0.0,0.5026,1.0
A000500,Number of permutations of an n-sequence discordant with three given permutations (see reference) in n-7 places.,Успешно,Строгий кристаллический тренд,4.1699,-0.0,0.0,3.8697,13.0046,1.0,0.4898,1.345659249628812e+21,16.3,0.9999,0.0001,0.0,6.443762787000471e+38,0.0,1.0,1.0
A000501,a(n) = floor(cosh(n)).,Успешно,Строгий кристаллический тренд,4.8402,-0.0,0.0,4.3273,18.2397,1.0,0.5768,201132805391.0,18.33,1.0,0.0,0.0,51481530298.48,0.0,1.0,1.0
A000502,Number of genus 0 rooted maps with 6 faces and n vertices.,Успешно,Строгий кристаллический тренд,4.3219,-0.0,0.0,3.9203,13.8422,1.0,0.5271,1.1187256505799247e+18,15.47,0.9995,0.0005,0.0,2.9675923562695194e+33,0.0,1.0,1.0
A000503,a(n) = floor(tan(n)).,Успешно,Аномальный Сдвиг / Выброс,3.2585,1.583,0.0,-7.8212,66.0831,-0.027,0.4792,18.36,20.68,0.3384,0.3372,0.3244,1313.56,0.0434,-0.4989,41.0
A000504,"S2(j,2j+3) where S2(n,k) is a 2-associated Stirling number of the second kind.",Успешно,Строгий кристаллический тренд,4.0875,-0.0,0.0,3.7471,12.0489,1.0,0.4892,1.2116710812493693e+24,15.66,1.0,0.0,0.0,1.3029031826138792e+44,0.0,1.0,1.0
A000505,"Eulerian numbers (Euler's triangle: column k=5 of A008292, column k=4 of A173018).",Успешно,Строгий кристаллический тренд,4.2479,-0.0,0.0,3.7858,12.814,1.0,0.5281,1288954659784227.2,14.51,0.9997,0.0003,0.0,1.8873976371474902e+27,0.0,1.0,1.0
A000506,One half of the number of permutations of [n] such that the differences have 5 runs with the same signs.,Успешно,Строгий кристаллический тренд,4.1699,-0.0,0.0,3.6544,11.8308,1.0,0.5282,96722739897801.9,13.62,0.9999,0.0001,0.0,2.6654228645131015e+24,0.0,1.0,1.0
A000507,Number of permutations of [n] with exactly 3 increasing runs of length at least 2.,Успешно,Строгий кристаллический тренд,4.1699,-0.0,0.0,3.7606,12.4241,1.0,0.514,5.279222121913019e+16,14.59,1.0,0.0,0.0,5.433253237020356e+29,0.0,1.0,1.0
A000508,"Generalized class numbers c_(n,3).",Успешно,Строгий кристаллический тренд,4.3923,-0.0,0.0,1.9306,2.7245,0.9997,0.673,3350919326.28,5.43,0.9817,0.0179,0.0003,2.8105323680269043e+17,0.0,0.9996,1.0
A000509,"Size of second largest n-arc in PG(2,q), where q runs through the primes and prime powers >= 7.",Skip,Слишком короткий ряд,,,,,,,,,,,,,,,,
A000510,"Maximal number of points in PG(2,q) with at most 3 on a line (next term is 21 or 22).",Skip,Слишком короткий ряд,,,,,,,,,,,,,,,,
A000511,"Number of n-step spiral self-avoiding walks on hexagonal lattice, where at each step one may continue in same direction or make turn of 2*Pi/3 counterclockwise.",Успешно,Строгий кристаллический тренд,6.5641,-0.0,0.0,2.8235,7.605,1.0,0.7496,22451649.84,10.73,0.998,0.002,0.0,661051433534.91,0.0,1.0,1.0
A000512,"Number of equivalence classes of n X n matrices over {0,1} with rows and columns summing to 3, where equivalence is defined by row and column permutations.",Успешно,Строгий кристаллический тренд,4.6645,-0.0,0.0,4.9846,22.9103,1.0,0.4979,9.768262487152882e+21,25.66,0.9999,0.0001,0.0,6.537466496843008e+40,0.0,1.0,1.0
A000513,"Number of equivalence classes of n X n matrices over {0,1} with rows and columns summing to 4, where equivalence is defined by row and column permutations. Also number of isomorphism classes of bicolored quartic bipartite graphs, where isomorphism cannot exchange the colors.",Успешно,Строгий кристаллический тренд,4.1524,-0.0,0.0,4.3642,17.0467,1.0,0.4925,2.3325527155499934e+28,20.9,1.0,0.0,0.0,7.753059200583353e+51,0.0,1.0,1.0
A000514,"Eulerian numbers (Euler's triangle: column k=6 of A008292, column k=5 of A173018).",Успешно,Строгий кристаллический тренд,4.2479,-0.0,0.0,3.8581,13.2337,1.0,0.5192,4.038217564937787e+17,15.18,0.9997,0.0003,0.0,1.9585892274570702e+32,0.0,1.0,1.0
A000515,"a(n) = (2n)!(2n+1)!/n!^4, or equally (2n+1)*binomial(2n,n)^2.",Успешно,Строгий кристаллический тренд,4.2479,-0.0,0.0,3.9817,13.9235,1.0,0.4925,3.366638007303946e+20,16.87,1.0,0.0,0.0,2.1535540476250173e+35,0.0,1.0,1.0
A000516,"Number of equivalence classes of n X n matrices over {0,1} with rows and columns summing to 5, where equivalence is defined by row and column permutations. Isomorphism classes of bicolored 5-regular bipartite graphs, where isomorphism cannot exchange the colors.",Успешно,Строгий кристаллический тренд,3.8219,-0.0,0.0,4.1295,15.0526,1.0,0.4914,2.0551885534915706e+33,18.99,1.0,0.0,0.0,1.4395786358582634e+60,0.0,1.0,1.0
A000517,Number of permutations of length n with exactly three valleys.,Успешно,Строгий кристаллический тренд,4.1699,-0.0,0.0,3.7887,12.5775,1.0,0.509,4.357169623098676e+18,14.9,0.9999,0.0001,0.0,4.6410984529106624e+33,0.0,1.0,1.0
A000518,"Generalized tangent numbers d_(n,4).",Успешно,Строгий кристаллический тренд,4.2479,-0.0,0.0,2.1043,3.4536,0.9996,0.6521,136613113140.82,6.0,0.9813,0.0184,0.0003,5.677530991141835e+20,0.0,0.9996,1.0
A000519,Number of equivalence classes of nonzero regular 0-1 matrices of order n.,Успешно,Строгий кристаллический тренд,4.1699,-0.0,0.0,3.8806,13.0588,1.0,0.4901,8.363007956512054e+39,17.0,1.0,0.0,0.0,3.6354849735194784e+68,0.0,1.0,1.0
A000520,Nearest integer to log_10(n).,Успешно,Строгий кристаллический тренд,1.103,-0.0,2.6087,-1.0464,0.0821,0.9626,0.8232,0.85,43.0,0.7952,0.127,0.0778,0.11,0.2887,-0.0241,1.0
A000521,Coefficients of modular function j as power series in q = e^(2 Pi i t). Another name is the elliptic modular invariant J(tau).,Успешно,Строгий кристаллический тренд,4.0875,-0.0,0.0,3.5233,10.8757,0.9999,0.5279,1.7776562784008262e+19,12.77,0.9976,0.0024,0.0,2.8447025973684075e+36,0.0,0.9999,1.0
A000522,Total number of ordered k-tuples (k=0..n) of distinct elements from an n-element set: a(n) = Sum_{k=0..n} n!/k!.,Успешно,Строгий кристаллический тренд,4.585,-0.0,0.0,4.5735,18.9606,1.0,0.493,6.090609910818558e+21,22.0,0.9999,0.0001,0.0,2.03415284045986e+40,0.0,1.0,1.0
A000523,a(n) = floor(log_2(n)).,Успешно,Строгий кристаллический тренд,2.1002,-0.0,3.0,-1.3531,1.6266,0.9854,0.7929,1.67,17.33,0.8675,0.0787,0.0538,0.73,0.1078,-0.0562,1.0
A000524,"Number of rooted trees with n nodes, 2 of which are labeled.",Успешно,Строгий кристаллический тренд,4.585,-0.0,0.0,3.9348,14.6222,1.0,0.5665,98922046811.08,15.39,0.9999,0.0001,0.0,5.17627300608722e+18,0.0,1.0,1.0
A000525,Number of partially labeled rooted trees with n nodes (4 of which are labeled).,Успешно,Строгий кристаллический тренд,4.3923,-0.0,0.0,3.73,12.8368,1.0,0.556,11577975289811.02,13.98,0.9994,0.0006,0.0,3.0539060406633384e+23,0.0,1.0,1.0
A000526,Number of partially labeled trees with n nodes (5 of which are labeled).,Успешно,Строгий кристаллический тренд,4.2479,-0.0,0.0,3.5262,11.2657,1.0,0.5519,3026041876499.38,12.67,0.9992,0.0008,0.0,2.482483544013036e+22,0.0,1.0,1.0
A000527,Series-parallel numbers.,Успешно,Строгий кристаллический тренд,5.1293,-0.0,0.0,5.145,25.7345,1.0,0.5517,1.8117721695868334e+22,25.08,0.9998,0.0002,0.0,2.900108330211432e+41,0.0,1.0,1.0
A000528,"Number of types of Latin squares of order n. Equivalently, number of nonisomorphic 1-factorizations of K_{n,n}.",Skip,Слишком короткий ряд,,,,,,,,,,,,,,,,
A000529,Powers of rooted tree enumerator.,Успешно,Строгий кристаллический тренд,5.6439,-0.0,0.0,1.4982,1.1587,1.0,0.7625,1535052.28,4.26,0.9924,0.0076,0.0,8983630898.85,0.0,1.0,1.0
A000530,"Let p(n, s, x) be predicate that number of occurrences of s's in x >= 2*n - the length of the longest sequence of s's in x. Then a(n)=#{x in {0,1}* | x ends in 0 and p(n,0,x) and (there is no prefix y of x such that p(n,0,y) or p(n,1,y))}.",Skip,Слишком короткий ряд,,,,,,,,,,,,,,,,
A000531,From area of cyclic polygon of 2n + 1 sides.,Успешно,Строгий кристаллический тренд,4.7004,-0.0,0.0,4.4071,18.3026,1.0,0.5438,1065381227448725.4,18.89,0.9999,0.0001,0.0,3.738717822071453e+26,0.0,1.0,1.0
A000532,Number of Hamiltonian paths from NW to SW corners in an n X n grid.,Успешно,Строгий кристаллический тренд,3.875,-0.0,0.0,3.6148,11.0667,1.0,0.4884,2.422947812223161e+34,15.0,1.0,0.0,0.0,1.0846556615731658e+60,0.0,1.0,1.0
A000533,"a(0)=1; a(n) = 10^n + 1, n >= 1.",Успешно,Строгий кристаллический тренд,4.0875,-0.0,0.0,3.6904,11.7657,1.0,0.5004,1275528836415930.8,14.4,1.0,0.0,0.0,953626561117490.1,0.0,1.0,1.0
A000534,Numbers that are not the sum of 4 nonzero squares.,Успешно,Строгий кристаллический тренд,5.4263,-0.0,0.0,3.7965,14.7235,0.9922,0.6518,1889628.65,18.0,0.9281,0.0491,0.0228,978502601575.82,0.0,0.8472,1.0
A000535,"Card matching: coefficients B[n,2] of t^2 in the reduced hit polynomial A[n,n,n](t).",Успешно,Строгий кристаллический тренд,4.3219,-0.0,0.0,4.0407,14.5553,1.0,0.5102,9.630249920075392e+17,16.75,1.0,0.0,0.0,2.1120117161944064e+32,0.0,1.0,1.0
A000536,Number of 3-line Latin rectangles.,Успешно,Строгий кристаллический тренд,4.9069,-0.0,0.0,5.1929,24.9894,1.0,0.4949,1.089474100176107e+38,28.18,1.0,0.0,0.0,2.179232533060347e+72,0.0,1.0,1.0
A000537,Sum of first n cubes; or n-th triangular number squared.,Успешно,Строгий кристаллический тренд,5.2854,-0.0,0.0,1.3801,0.7647,0.9999,0.751,196399.28,3.8,0.9889,0.011,0.0001,252977008.16,0.0,0.9999,1.0
A000538,Sum of fourth powers: 0^4 + 1^4 + ... + n^4.,Успешно,Строгий кристаллический тренд,5.1293,-0.0,0.0,1.6496,1.6642,0.9999,0.7326,3141941.88,4.65,0.9877,0.0122,0.0001,90184702988.78,0.0,0.9999,1.0
A000539,Sum of 5th powers: 0^5 + 1^5 + 2^5 + ... + n^5.,Успешно,Строгий кристаллический тренд,5.0,-0.0,0.0,1.8825,2.5683,0.9999,0.7156,47252180.54,5.46,0.9868,0.013,0.0001,27118972059463.74,0.0,0.9999,1.0
A000540,Sum of 6th powers: 0^6 + 1^6 + 2^6 + ... + n^6.,Успешно,Строгий кристаллический тренд,4.8074,-0.0,0.0,2.0851,3.4395,0.9998,0.6941,448807144.36,6.17,0.9855,0.0144,0.0002,3411261051713381.0,0.0,0.9998,1.0
A000541,Sum of 7th powers: 1^7 + 2^7 + ... + n^7.,Успешно,Строгий кристаллический тренд,4.7004,-0.0,0.0,2.2665,4.2882,0.9998,0.6775,5421590353.28,6.85,0.985,0.0148,0.0002,6.086625827687493e+17,0.0,0.9998,1.0
A000542,Sum of 8th powers: 1^8 + 2^8 + ... + n^8.,Успешно,Строгий кристаллический тренд,4.585,-0.0,0.0,2.4266,5.078,0.9998,0.6597,54558020455.31,7.46,0.9846,0.0152,0.0002,7.384736782528312e+19,0.0,0.9998,1.0
A000543,Number of inequivalent ways to color vertices of a cube using at most n colors.,Успешно,Строгий кристаллический тренд,4.6439,-0.0,0.0,2.2927,4.4074,0.9998,0.6723,1100752552.92,6.93,0.9843,0.0155,0.0002,2.7572290589207464e+16,0.0,0.9998,1.0
A000544,Number of permutations of length n by rises.,Успешно,Строгий кристаллический тренд,4.4594,-0.0,0.0,4.3531,16.9835,1.0,0.4922,2.1654448199170747e+23,20.16,0.9999,0.0001,0.0,1.8679127153789063e+43,0.0,1.0,1.0
A000545,Number of ways of n-coloring a dodecahedron.,Успешно,Строгий кристаллический тренд,4.3923,-0.0,0.0,2.7772,6.9281,0.9997,0.6236,23644790482201.77,8.86,0.9859,0.0139,0.0002,1.7017289150181155e+25,0.0,0.9997,1.0
A000546,First occurrence of n consecutive numbers that take same number of steps to reach 1 in 3x+1 problem.,Успешно,Аномальный Сдвиг / Выброс,5.2095,2.289,0.0,4.7637,23.5643,0.5916,0.6116,928689.99,20.8,0.6727,0.2407,0.0866,745338340965.72,0.0,0.0471,1.0
A000547,Number of steps to reach 1 in sequence A000546.,Успешно,Сложная динамическая структура,5.6645,2.558,0.0,-0.1079,-1.4219,0.6908,0.7774,118.13,2.88,0.5806,0.2174,0.202,18251.44,0.0027,-0.552,1.0
A000548,Squares that are not the sum of 2 nonzero squares.,Успешно,Строгий кристаллический тренд,5.3576,-0.0,0.0,0.7644,-0.7436,0.9982,0.7733,2016.82,4.59,0.9469,0.0331,0.02,344857.11,0.0001,0.3685,1.0
A000549,Numbers that are the sum of 2 squares but not sum of 3 nonzero squares.,Успешно,Строгий кристаллический тренд,5.7279,-0.0,0.0,1.947,2.7966,0.9962,0.7471,3020.25,9.1,0.93,0.0364,0.0336,1539707.04,0.0001,0.4668,1.0
A000550,Number of trees of diameter 7.,Успешно,Строгий кристаллический тренд,5.6439,-0.0,0.0,4.3231,19.1627,1.0,0.6411,16356114292150.98,19.56,0.9988,0.0012,0.0,9.52088324620043e+23,0.0,1.0,1.0
A000551,Number of labeled rooted trees of height 2 with n nodes.,Успешно,Строгий кристаллический тренд,4.2479,-0.0,0.0,3.969,13.8548,1.0,0.497,6.417730478784562e+16,16.61,0.9998,0.0002,0.0,4.275040074501893e+30,0.0,1.0,1.0
A000552,Number of labeled rooted trees of height 3 with n nodes.,Успешно,Строгий кристаллический тренд,4.0,-0.0,0.0,3.6039,11.0164,1.0,0.488,3.83841904865443e+18,14.36,0.9999,0.0001,0.0,5.526869075002906e+33,0.0,1.0,1.0
A000553,Number of labeled rooted trees of height 4 with n nodes.,Успешно,Строгий кристаллический тренд,3.9069,-0.0,0.0,3.4685,10.0455,1.0,0.4871,1.7686214065893405e+20,13.56,1.0,0.0,0.0,6.3056065654252e+36,0.0,1.0,1.0
A000554,Number of labeled trees of diameter 3 with n nodes.,Успешно,Строгий кристаллический тренд,4.8074,-0.0,0.0,3.7291,13.4966,1.0,0.6041,32385223860.59,14.37,0.9993,0.0007,0.0,2.304068085687779e+18,0.0,1.0,1.0
A000555,Number of labeled trees of diameter 4 with n nodes.,Успешно,Строгий кристаллический тренд,4.585,-0.0,0.0,4.5587,18.8694,1.0,0.4987,7.167105424276035e+24,21.55,0.9999,0.0001,0.0,3.3167524749743826e+46,0.0,1.0,1.0
A000556,Expansion of exp(-x) / (1 - exp(x) + exp(-x)).,Успешно,Строгий кристаллический тренд,4.2219,-0.0,0.0,4.1251,15.0297,1.0,0.4913,7.948845562746003e+21,18.52,1.0,0.0,0.0,1.208537489623709e+40,0.0,1.0,1.0
A000557,Expansion of e.g.f. 1/(1 - 2*sinh(x)).,Успешно,Строгий кристаллический тренд,4.3219,-0.0,0.0,4.1251,15.0297,1.0,0.4913,1.286150229184682e+22,18.52,1.0,0.0,0.0,3.163992224512728e+40,0.0,1.0,1.0
A000558,Generalized Stirling numbers of second kind.,Успешно,Строгий кристаллический тренд,4.4594,-0.0,0.0,4.3193,16.785,1.0,0.5021,1.9865853840655025e+18,19.29,0.9998,0.0002,0.0,4.3920072453065116e+33,0.0,1.0,1.0
A000559,Generalized Stirling numbers of second kind.,Успешно,Строгий кристаллический тренд,4.3219,-0.0,0.0,4.096,14.8699,1.0,0.4967,4.4776374860822973e+18,17.64,0.9999,0.0001,0.0,1.5397467300777263e+34,0.0,1.0,1.0
A000560,Number of symmetric ways of folding a strip of n labeled stamps.,Успешно,Строгий кристаллический тренд,4.7549,-0.0,0.0,4.3082,17.7339,1.0,0.561,201942936030.64,18.1,0.9984,0.0015,0.0001,3.024296607947107e+20,0.0,1.0,1.0
A000561,Number of discordant permutations.,Успешно,Строгий кристаллический тренд,5.3923,-0.0,0.0,1.0323,-0.1524,0.9999,0.7664,136254.26,2.84,0.9902,0.0098,0.0001,91934751.53,0.0,0.9999,1.0
A000562,Number of discordant permutations.,Успешно,Строгий кристаллический тренд,5.1699,-0.0,0.0,1.3442,0.6591,0.9999,0.7466,2155011.59,3.69,0.9884,0.0115,0.0001,34201421400.71,0.0,0.9999,1.0
A000563,Number of discordant permutations.,Успешно,Строгий кристаллический тренд,4.858,-0.0,0.0,1.5929,1.4582,0.9998,0.7203,15076164.85,4.42,0.9859,0.0139,0.0002,2782057186112.12,0.0,0.9998,1.0
A000564,Number of discordant permutations.,Успешно,Строгий кристаллический тренд,4.6439,-0.0,0.0,1.8008,2.2236,0.9998,0.6977,88743368.03,5.07,0.9843,0.0155,0.0002,135968576943353.69,0.0,0.9998,1.0
A000565,Number of discordant permutations.,Успешно,Строгий кристаллический тренд,4.585,-0.0,0.0,1.9879,2.993,0.9998,0.6838,718808155.7,5.73,0.9843,0.0155,0.0002,1.0196515232607744e+16,0.0,0.9998,1.0
A000566,Heptagonal numbers (or 7-gonal numbers): n*(5*n-3)/2.,Успешно,Строгий кристаллический тренд,5.6147,-0.0,0.0,0.656,-0.8394,0.9999,0.7832,2475.87,1.99,0.9918,0.0082,0.0,22574.76,0.0001,1.0,1.0
A000567,Octagonal numbers: n*(3*n-2). Also called star numbers.,Успешно,Строгий кристаллический тренд,5.6147,-0.0,0.0,0.6568,-0.8385,0.9999,0.7832,2967.07,1.99,0.9918,0.0082,0.0,32438.99,0.0001,1.0,1.0
A000568,Number of outcomes of unlabeled n-team round-robin tournaments.,Успешно,Строгий кристаллический тренд,4.0842,-0.0,0.0,4.1295,15.0526,1.0,0.4914,2.5820624528783702e+33,19.0,1.0,0.0,0.0,1.6739557504947682e+59,0.0,1.0,1.0
A000569,Number of graphical partitions of 2n.,Успешно,Строгий кристаллический тренд,5.1699,-0.0,0.0,2.5268,5.7591,1.0,0.6947,433049.54,8.44,0.995,0.0049,0.0,1140088002.51,0.0,1.0,1.0
A000570,Number of tournaments on n nodes determined by their score vectors.,Успешно,Строгий кристаллический тренд,5.1554,-0.0,0.0,3.6697,13.3996,1.0,0.6408,15621972.57,14.64,1.0,0.0,0.0,11773225.04,0.0,1.0,1.0
A000571,Number of different score sequences that are possible in an n-team round-robin tournament.,Успешно,Строгий кристаллический тренд,4.9003,-0.0,0.0,4.9489,23.7348,1.0,0.5537,106375281805493.81,23.33,0.9998,0.0002,0.0,1.4153165314022753e+25,0.0,1.0,1.0
A000572,A Beatty sequence: [ n(e+1) ].,Успешно,Строгий кристаллический тренд,5.8826,-0.0,0.0,-0.0,-1.2013,1.0,0.7947,91.75,1.07,0.9938,0.0033,0.0029,143.81,0.0028,-0.3902,1.0
A000573,Number of 4 X n normalized Latin rectangles.,Успешно,Строгий кристаллический тренд,3.8074,-0.0,0.0,3.3282,9.0769,1.0,0.486,3.919439239807881e+36,13.0,1.0,0.0,0.0,7.793491407020282e+65,0.0,1.0,1.0
A000574,Coefficient of x^5 in expansion of (1 + x + x^2)^n.,Успешно,Строгий кристаллический тренд,5.2479,-0.0,0.0,1.5138,1.2033,0.9999,0.744,356478.83,4.25,0.9898,0.0101,0.0001,847270157.24,0.0,0.9999,1.0
A000575,Tenth column of quintinomial coefficients.,Успешно,Строгий кристаллический тренд,4.9069,-0.0,0.0,2.1526,3.7786,0.9999,0.6966,69779453.28,6.54,0.9889,0.011,0.0001,62396616134477.81,0.0,0.9999,1.0
A000576,a(n) is the number of (n-2) X n normalized Latin rectangles.,Skip,Слишком короткий ряд,,,,,,,,,,,,,,,,
A000577,"Number of triangular polyominoes (or triangular polyforms, or polyiamonds) with n cells (turning over is allowed, holes are allowed, must be connected along edges).",Успешно,Строгий кристаллический тренд,4.9003,-0.0,0.0,4.6874,21.525,1.0,0.5703,1481113179310.9,21.14,0.9999,0.0001,0.0,1.373920282312903e+21,0.0,1.0,1.0
A000578,The cubes: a(n) = n^3.,Успешно,Строгий кристаллический тренд,5.4594,-0.0,0.0,1.0705,-0.07,0.9999,0.7684,31574.89,2.93,0.9901,0.0098,0.0001,4678901.99,0.0,0.9999,1.0
A000579,"Figurate numbers or binomial coefficients C(n,6).",Успешно,Строгий кристаллический тренд,4.9342,-0.0,0.0,2.0085,3.1133,0.9999,0.7272,909295.48,6.0,0.9883,0.0116,0.0001,7788436533.01,0.0,0.9999,1.0
A000580,"a(n) = binomial coefficient C(n,7).",Успешно,Строгий кристаллический тренд,4.9542,-0.0,0.0,1.934,2.794,0.9999,0.71,2916598.06,5.68,0.988,0.0119,0.0001,100314427424.87,0.0,0.9999,1.0
A000581,"a(n) = binomial coefficient C(n,8).",Успешно,Строгий кристаллический тренд,5.0444,-0.0,0.0,2.1098,3.5825,0.9999,0.707,20238461.85,6.4,0.9889,0.011,0.0001,4692142394586.96,0.0,0.9999,1.0
A000582,"a(n) = binomial coefficient C(n,9).",Успешно,Строгий кристаллический тренд,4.9542,-0.0,0.0,2.2443,4.2198,0.9999,0.695,52373883.9,6.92,0.9887,0.0112,0.0001,36764721822563.59,0.0,0.9999,1.0
A000583,Fourth powers: a(n) = n^4.,Успешно,Строгий кристаллический тренд,5.2479,-0.0,0.0,1.3975,0.8153,0.9999,0.7484,666610.18,3.84,0.9884,0.0115,0.0001,3128875757.22,0.0,0.9999,1.0
A000584,Fifth powers: a(n) = n^5.,Успешно,Строгий кристаллический тренд,5.0444,-0.0,0.0,1.6697,1.7334,0.9999,0.7275,10680124.51,4.7,0.9868,0.0131,0.0001,1197235743504.73,0.0,0.9999,1.0
A000585,"Number of equivalence classes of Boolean functions of n variables under GL(n,2).",Skip,Слишком короткий ряд,,,,,,,,,,,,,,,,
A000586,Number of partitions of n into distinct primes.,Успешно,Плоский Аттрактор (Петля/Узел),5.3175,1.3783,0.0,1.1301,0.1464,0.9989,0.7984,36.63,3.23,0.9662,0.0201,0.0137,79.05,0.0063,-0.0002,1.0
A000587,Rao Uppuluri-Carpenter numbers (or complementary Bell numbers): e.g.f. = exp(1 - exp(x)).,Успешно,Плоский Аттрактор (Петля/Узел),4.5661,2.163,0.0,-4.8672,22.0843,0.997,0.5203,1693764290879931.8,23.27,0.9895,0.0105,0.0,1.9011542732850038e+29,0.0,0.9967,1.0
A000588,"a(n) = 7*binomial(2n,n-3)/(n+4).",Успешно,Строгий кристаллический тренд,4.6375,-0.0,0.0,4.5481,19.7023,1.0,0.5493,29558574386616.95,19.98,0.9999,0.0001,0.0,2.826255706442271e+23,0.0,1.0,1.0
A000589,"a(n) = 11*binomial(2n,n-5)/(n+6).",Успешно,Строгий кристаллический тренд,4.585,-0.0,0.0,4.1814,16.3425,1.0,0.5451,109350248838006.69,17.16,0.9999,0.0001,0.0,3.59649736944771e+24,0.0,1.0,1.0
A000590,"a(n) = 13*binomial(2n,n-6)/(n+7).",Успешно,Строгий кристаллический тренд,4.585,-0.0,0.0,4.1914,16.4118,1.0,0.5441,337457584923371.4,17.24,0.9999,0.0001,0.0,6.703268970917542e+25,0.0,1.0,1.0
A000591,Number of n-state 2-input 1-output automata with one initial and one terminal state.,Успешно,Строгий кристаллический тренд,3.7004,-0.0,0.0,3.175,8.0816,1.0,0.4844,2.1465239387548017e+22,11.89,1.0,0.0,0.0,9.30148971038051e+39,0.0,1.0,1.0
A000592,Number of nonnegative solutions of x^2 + y^2 = z in first n shells.,Успешно,Строгий кристаллический тренд,6.0224,-0.0,0.0,0.0827,-1.2055,0.9998,0.7996,58.88,1.88,0.9841,0.0091,0.0068,102.85,0.0044,-0.2005,1.0
A000593,Sum of odd divisors of n.,Успешно,Сложная динамическая структура,4.6888,2.0356,0.0,1.063,0.6276,-0.0217,0.7113,42.49,3.33,0.4812,0.346,0.1729,3728.2,0.0069,-0.8844,1.0
A000594,"Ramanujan's tau function (or Ramanujan numbers, or tau numbers).",Успешно,Аномальный Сдвиг / Выброс,4.9069,2.2885,0.0,2.1241,10.6087,-0.1754,0.4809,25071257.15,7.31,0.4506,0.3803,0.1691,1600296873498842.0,0.0,-0.4677,11.0
A000595,Number of binary relations on n unlabeled points.,Успешно,Строгий кристаллический тренд,3.9069,-0.0,0.0,3.4744,10.0714,1.0,0.4873,1.6360475442552813e+47,14.0,1.0,0.0,0.0,3.2663362221269795e+81,0.0,1.0,1.0
A000596,"Central factorial numbers: A008955(n,2).",Успешно,Строгий кристаллический тренд,5.0,-0.0,0.0,1.807,2.2675,0.9999,0.7189,22258381.38,5.2,0.9875,0.0123,0.0001,5469598699204.45,0.0,0.9999,1.0
A000597,"Central factorial numbers: A008955(n,3).",Успешно,Строгий кристаллический тренд,4.6439,-0.0,0.0,2.2898,4.4029,0.9998,0.6724,10835829694.52,6.95,0.9861,0.0137,0.0002,2.3647253202776397e+18,0.0,0.9998,1.0
A000598,Number of rooted ternary trees with n nodes; number of n-carbon alkyl radicals C(n)H(2n+1) ignoring stereoisomers.,Успешно,Строгий кристаллический тренд,4.9003,-0.0,0.0,4.5478,20.3481,1.0,0.5785,65128627002.61,20.08,0.9997,0.0003,0.0,5.129265858335107e+18,0.0,1.0,1.0
A000599,Number of secondary alcohols (alkanols or alkyl alcohols C_n H_{2n+1} OH) with n carbon atoms.,Успешно,Строгий кристаллический тренд,4.7889,-0.0,0.0,4.467,19.5756,1.0,0.5784,9884958254.86,19.44,0.9997,0.0003,0.0,1.2237429678508266e+17,0.0,1.0,1.0
A000600,Number of tertiary alcohols (alkanols or alkyl alcohols C_n H_{2n+1} OH) with n carbon atoms.,Успешно,Строгий кристаллический тренд,4.6875,-0.0,0.0,4.4706,19.6053,1.0,0.5781,5770034559.97,19.46,0.9997,0.0003,0.0,3.759556574185588e+16,0.0,1.0,1.0
A000601,Expansion of 1/((1-x)^2*(1-x^2)*(1-x^3)).,Успешно,Строгий кристаллический тренд,5.6439,-0.0,0.0,0.9862,-0.2458,1.0,0.7778,1621.69,2.75,0.9923,0.0076,0.0001,8740.23,0.0002,1.0,1.0
A000602,Number of n-node unrooted quartic trees; number of n-carbon alkanes C(n)H(2n+2) ignoring stereoisomers.,Успешно,Строгий кристаллический тренд,4.802,-0.0,0.0,4.4936,19.8939,1.0,0.582,2670355060.98,19.69,0.9995,0.0005,0.0,1.5461043939079052e+16,0.0,1.0,1.0
A000603,Number of nonnegative solutions to x^2 + y^2 <= n^2.,Успешно,Строгий кристаллический тренд,5.7004,-0.0,0.0,0.637,-0.8594,1.0,0.7867,909.11,2.02,0.9912,0.0073,0.0015,5130.62,0.0003,0.9858,1.0
A000604,Number of nonnegative solutions to x^2 + y^2 + z^2 <= n^2.,Успешно,Строгий кристаллический тренд,5.4263,-0.0,0.0,1.049,-0.1173,0.9999,0.7676,16286.79,2.9,0.9895,0.0098,0.0007,1377002.03,0.0,0.9992,1.0
A000605,Number of points of norm <= n in cubic lattice.,Успешно,Строгий кристаллический тренд,5.2479,-0.0,0.0,1.0728,-0.0659,0.9999,0.7591,83827.99,2.94,0.9877,0.0114,0.0008,48455372.82,0.0,0.9991,1.0
A000606,Number of nonnegative solutions to x^2 + y^2 + z^2 <= n.,Успешно,Строгий кристаллический тренд,5.5522,-0.0,0.0,0.2899,-1.138,0.9991,0.7929,128.26,2.85,0.962,0.0243,0.0136,1323.69,0.002,0.1344,1.0
A000607,Number of partitions of n into prime parts.,Успешно,Строгий кристаллический тренд,5.887,0.1147,0.0,1.7043,1.9418,1.0,0.7715,1052.17,5.23,0.9965,0.0032,0.0003,1723.99,0.0002,0.9999,1.0
A000608,Number of connected partially ordered sets with n unlabeled elements.,Успешно,Строгий кристаллический тренд,3.8078,-0.0,0.0,3.7486,12.0557,1.0,0.4893,548684527733171.6,15.76,0.9999,0.0001,0.0,9.124596220684734e+25,0.0,1.0,1.0
A000609,Number of threshold functions of n or fewer variables.,Skip,Слишком короткий ряд,,,,,,,,,,,,,,,,
A000610,Number of self-complementary Boolean functions of n variables: see Comments for precise definition.,Skip,Слишком короткий ряд,,,,,,,,,,,,,,,,
A000611,Number of normalized Latin squares of order n containing no 2 X 2 Latin subsquare.,Skip,Слишком короткий ряд,,,,,,,,,,,,,,,,
A000612,"Number of P-equivalence classes of switching functions of n or fewer variables, divided by 2.",Skip,Слишком короткий ряд,,,,,,,,,,,,,,,,
A000613,Number of Boolean functions of n variables.,Skip,Слишком короткий ряд,,,,,,,,,,,,,,,,
A000614,"Number of complemented types of Boolean functions of n variables under action of AG(n,2).",Skip,Слишком короткий ряд,,,,,,,,,,,,,,,,
A000615,Threshold functions of exactly n variables.,Skip,Слишком короткий ряд,,,,,,,,,,,,,,,,
A000616,"a(-1)=1 by convention; for n >= 0, a(n) = number of irreducible Boolean functions of n variables.",Skip,Слишком короткий ряд,,,,,,,,,,,,,,,,
A000617,Number of NP-equivalence classes of threshold functions of n or fewer variables.,Skip,Слишком короткий ряд,,,,,,,,,,,,,,,,
A000618,"Number of nondegenerate Boolean functions of n variables: For n > 0, a(n) = A000616(n) - A000616(n-1).",Skip,Слишком короткий ряд,,,,,,,,,,,,,,,,
A000619,NP-equivalence classes of threshold functions of exactly n variables.,Skip,Слишком короткий ряд,,,,,,,,,,,,,,,,
A000620,Number of monosubstituted alkanes C(n-1)H(2n-1)-X with n-1 carbon atoms that are stereoisomers.,Успешно,Строгий кристаллический тренд,4.75,-0.0,0.0,4.6863,21.393,1.0,0.5656,1863633200901.2,21.1,0.9998,0.0002,0.0,3.3751662607626336e+21,0.0,1.0,1.0
A000621,Number of monosubstituted alkanes C(n-1)H(2n-1)-X with n-1 carbon atoms that are not stereoisomers.,Успешно,Строгий кристаллический тренд,5.2031,-0.0,0.0,3.8337,14.7585,1.0,0.6412,28735291.53,15.8,1.0,0.0,0.0,1414776776.1,0.0,1.0,1.0
A000622,Number of monosubstituted alkanes C(n)H(2n+1)-X of the form shown in the Comments lines that are stereoisomers.,Успешно,Строгий кристаллический тренд,4.8008,-0.0,0.0,4.6032,20.5799,1.0,0.5655,951753054689.41,20.42,0.9998,0.0002,0.0,8.592347058553211e+20,0.0,1.0,1.0
A000623,Number of monosubstituted alkanes C(n)H(2n+1)-X of the form shown in the Comments lines that are stereoisomers.,Успешно,Строгий кристаллический тренд,4.5153,-0.0,0.0,4.6916,21.4373,1.0,0.5652,1081494740229.07,21.14,0.9998,0.0002,0.0,9.222567994314454e+20,0.0,1.0,1.0
A000624,Number of monosubstituted alkanes C(n)H(2n+1)-X of the form shown in the Comments lines that are not stereoisomers.,Успешно,Строгий кристаллический тренд,5.1928,-0.0,0.0,3.8894,15.2323,1.0,0.6411,32237437.2,16.21,1.0,0.0,0.0,151523486268.29,0.0,1.0,1.0
A000625,Number of n-node steric rooted ternary trees; number of n carbon alkyl radicals C(n)H(2n+1) taking stereoisomers into account.,Успешно,Строгий кристаллический тренд,4.8514,-0.0,0.0,4.6863,21.393,1.0,0.5656,1863633671835.99,21.1,0.9998,0.0002,0.0,3.375490084374553e+21,0.0,1.0,1.0
A000626,Number of stereoisomeric paraffins with n carbon atoms.,Успешно,Строгий кристаллический тренд,4.7391,-0.0,0.0,4.9765,24.3924,1.0,0.5673,11878628778000.15,23.58,0.9997,0.0003,0.0,1.917937655953654e+23,0.0,1.0,1.0
A000627,Number of non-stereoisomeric paraffins with n carbon atoms.,Успешно,Строгий кристаллический тренд,5.2791,-0.0,0.0,3.9443,15.707,1.0,0.641,65520937.27,16.62,1.0,0.0,0.0,261097927366.8,0.0,1.0,1.0
A000628,Number of n-node unrooted steric quartic trees; number of n-carbon alkanes C(n)H(2n+2) taking stereoisomers into account.,Успешно,Строгий кристаллический тренд,5.0803,-0.0,0.0,5.207,26.8595,1.0,0.5669,103766627932386.22,25.65,0.9998,0.0002,0.0,1.3891438620214027e+25,0.0,1.0,1.0
A000629,Number of necklaces of partitions of n+1 labeled beads.,Успешно,Строгий кристаллический тренд,4.3923,-0.0,0.0,4.2403,16.0046,1.0,0.4918,5.333071632371388e+20,19.31,0.9999,0.0001,0.0,1.0116730676365224e+38,0.0,1.0,1.0
A000630,Number of ways to represent n using the binary operator a * b = 2^a + b.,Успешно,Строгий кристаллический тренд,5.1144,-0.0,0.0,3.9588,15.6482,1.0,0.6233,221994526.1,16.33,1.0,0.0,0.0,219970933791.27,0.0,1.0,1.0
A000631,Number of ethylene derivatives with n carbon atoms.,Успешно,Строгий кристаллический тренд,4.8402,-0.0,0.0,4.3056,18.0679,1.0,0.578,19978955371.83,18.18,0.9997,0.0003,0.0,4.7763924603010336e+17,0.0,1.0,1.0
A000632,Number of esters with n carbon atoms up to structural isomerism.,Успешно,Строгий кристаллический тренд,4.858,-0.0,0.0,4.2193,17.2891,1.0,0.5781,11918725959.11,17.53,0.9997,0.0003,0.0,1.8231525784733984e+17,0.0,1.0,1.0
A000633,Number of acyclic quaternary ammonium ions with n carbon atoms.,Успешно,Строгий кристаллический тренд,4.8897,-0.0,0.0,4.4007,18.9321,1.0,0.5772,141513595741.49,18.91,0.9998,0.0002,0.0,1.6310824721754128e+19,0.0,1.0,1.0
A000634,Number of glycols with n carbon atoms.,Успешно,Строгий кристаллический тренд,4.858,-0.0,0.0,4.2723,17.7018,1.0,0.5751,115629759194.29,17.9,0.9999,0.0001,0.0,4.609158328236726e+18,0.0,1.0,1.0
A000635,Number of paraffins C_n H_{2n} X Y with n carbon atoms.,Успешно,Строгий кристаллический тренд,4.858,-0.0,0.0,4.2692,17.6779,1.0,0.5753,31023481505.16,17.88,0.9999,0.0001,0.0,4.3106550676680896e+17,0.0,1.0,1.0
A000636,Number of paraffins C_n H_{2n} X_2 with n carbon atoms.,Успешно,Строгий кристаллический тренд,4.9069,-0.0,0.0,4.3526,18.4419,1.0,0.5754,119652159137.46,18.51,0.9999,0.0001,0.0,6.733372562768377e+18,0.0,1.0,1.0
A000637,Number of fixed-point-free permutation groups of degree n.,Успешно,Строгий кристаллический тренд,4.2971,0.2975,0.0,4.1493,15.4873,0.8965,0.5097,9378853.38,17.85,0.9478,0.0507,0.0015,25172108437515.14,0.0,0.5914,1.0
A000638,Number of permutation groups of degree n; also number of conjugacy classes of subgroups of symmetric group S_n; also number of molecular species of degree n.,Успешно,Строгий кристаллический тренд,4.2971,-0.0,0.0,4.0652,14.9821,0.9665,0.5234,11685952.43,16.81,0.958,0.0405,0.0014,28718714799045.77,0.0,0.8962,1.0
A000639,Number of alkyl benzenes with n carbon atoms: C(n)H(2n-6).,Успешно,Строгий кристаллический тренд,4.6872,-0.0,0.0,4.6291,21.1369,1.0,0.5784,21573888117.25,20.74,0.9998,0.0002,0.0,4.931658842585972e+17,0.0,1.0,1.0
A000640,Number of paraffins C_n H_{2n-1} XYZ with n carbon atoms.,Успешно,Строгий кристаллический тренд,4.7549,-0.0,0.0,4.1482,16.5299,1.0,0.5719,88298533148.43,16.94,0.9999,0.0001,0.0,3.682281173004888e+18,0.0,1.0,1.0
A000641,Number of paraffins C_n H_{2n-1} X_3 with n carbon atoms.,Успешно,Строгий кристаллический тренд,4.8074,-0.0,0.0,4.229,17.2566,1.0,0.5725,46132126003.0,17.55,0.9999,0.0001,0.0,5.00844885670463e+17,0.0,1.0,1.0
A000642,a(n) = number of isomeric hydrocarbons of the acetylene series with carbon content n.,Успешно,Строгий кристаллический тренд,4.9375,-0.0,0.0,4.4656,19.5638,1.0,0.5785,19213225765.03,19.43,0.9997,0.0003,0.0,4.8185679813581216e+17,0.0,1.0,1.0
A000643,a(n) = a(n-1) + 2^a(n-2).,Skip,Слишком короткий ряд,,,,,,,,,,,,,,,,
A000644,Number of loops of length 4n on square grid that turn at each step and return to start in original direction.,Успешно,Строгий кристаллический тренд,3.7736,-0.0,0.0,3.3789,9.6279,1.0,0.5054,729368033.75,12.16,0.9998,0.0002,0.0,483450046936803.94,0.0,1.0,1.0
A000645,Number of alkyls X^{II} C_n H_{2n+1} Y with n carbon atoms.,Успешно,Строгий кристаллический тренд,4.8074,-0.0,0.0,4.1833,16.9068,1.0,0.5753,24421217916.37,17.23,0.9999,0.0001,0.0,2.7504393169268352e+17,0.0,1.0,1.0
A000646,Number of alkyls Y^{II} C_n H_{2n+2} with n carbon atoms.,Успешно,Строгий кристаллический тренд,4.9069,-0.0,0.0,4.3016,18.0369,1.0,0.5782,15254310524.98,18.16,0.9997,0.0003,0.0,3.108143722424493e+17,0.0,1.0,1.0
A000647,Alkyl naphthalenes C_{n+10} H_{2n+8} with n+10 carbon atoms.,Успешно,Строгий кристаллический тренд,4.7549,-0.0,0.0,4.0673,15.9252,1.0,0.5769,48977507284.45,16.4,0.9999,0.0001,0.0,1.1612242433670318e+18,0.0,1.0,1.0
A000648,Number of alkyls C_{n+15} H_{2n+10} (Anthr.) with n carbon atoms.,Успешно,Строгий кристаллический тренд,4.7004,-0.0,0.0,3.9928,15.2701,1.0,0.5758,79583227812.97,15.86,1.0,0.0,0.0,4.1677044760345856e+17,0.0,1.0,1.0
A000649,Number of alkyls C_{n+15} H_{2n+10} (Phenan) with n carbon atoms.,Успешно,Строгий кристаллический тренд,4.7004,-0.0,0.0,3.9929,15.2709,1.0,0.5758,158838737305.69,15.86,1.0,0.0,0.0,1.8074992430307638e+18,0.0,1.0,1.0
A000650,Number of alkyls S C_{n+4} H_{2n+4} with n carbon atoms.,Успешно,Строгий кристаллический тренд,4.858,-0.0,0.0,4.2216,17.3071,1.0,0.578,23905651552.58,17.55,0.9997,0.0003,0.0,6.803046080250427e+17,0.0,1.0,1.0
A000651,Running time of Takeuchi function.,Успешно,Строгий кристаллический тренд,4.4594,-0.0,0.0,4.296,16.6446,1.0,0.5075,1184674659076907.2,18.88,0.9997,0.0003,0.0,2.567411714914349e+27,0.0,1.0,1.0
A000652,Invertible Boolean functions of n variables.,Skip,Слишком короткий ряд,,,,,,,,,,,,,,,,
A000653,Invertible Boolean functions of n variables.,Skip,Слишком короткий ряд,,,,,,,,,,,,,,,,
A000654,Invertible Boolean functions of n variables.,Skip,Слишком короткий ряд,,,,,,,,,,,,,,,,
A000655,"a(n) = number of letters in a(n-1), a(1) = 1 (in English).",Успешно,Аномальный Сдвиг / Выброс,0.2901,0.1977,1.0,-6.4163,50.345,0.4286,0.5396,0.11,31.6,0.699,0.2571,0.0439,0.51,0.3015,0.2947,18.0
A000656,"Invertible Boolean functions of n variables with S(n) acting on the domain and GL(n,2) acting on the range.",Skip,Слишком короткий ряд,,,,,,,,,,,,,,,,
A000657,Median Euler numbers (the middle numbers of Arnold's shuttle triangle).,Успешно,Строгий кристаллический тренд,3.9698,-0.0,0.0,3.75,12.0623,1.0,0.4893,1.5774390531450894e+28,15.96,1.0,0.0,0.0,9.982604649504619e+50,0.0,1.0,1.0
A000658,"Strehl's sequence ""C_n^(3)"".",Успешно,Строгий кристаллический тренд,4.1699,-0.0,0.0,3.8772,13.0421,1.0,0.49,3.563301019615895e+24,16.61,1.0,0.0,0.0,2.452050264733083e+44,0.0,1.0,1.0
A000659,a(n) = 2^a(n-1) + a(n-2).,Skip,Слишком короткий ряд,,,,,,,,,,,,,,,,
A000660,"Boustrophedon transform of 1,1,2,3,4,5,...",Успешно,Строгий кристаллический тренд,4.585,-0.0,0.0,4.5539,18.8392,1.0,0.5002,7.685032276569619e+17,21.43,0.9998,0.0002,0.0,7.747268859957689e+32,0.0,1.0,1.0
A000661,Shifts 2 places left under boustrophedon transform.,Успешно,Строгий кристаллический тренд,4.3868,0.2668,0.0,4.5479,18.8021,1.0,0.5019,2643230293475478.0,21.29,0.9997,0.0003,0.0,1.1625167190533349e+28,0.0,1.0,1.0
A000662,Number of relations with 3 arguments on n nodes.,Skip,Слишком короткий ряд,,,,,,,,,,,,,,,,
A000663,"Number of binary relations on an infinite set, each with exactly n ordered pairs, up to isomorphism.",Успешно,Строгий кристаллический тренд,4.585,-0.0,0.0,4.5292,18.6837,1.0,0.5065,3.6006944548830167e+18,20.91,0.9998,0.0002,0.0,1.5174625248774704e+34,0.0,1.0,1.0
A000664,Number of graphs with n edges.,Успешно,Строгий кристаллический тренд,4.9375,-0.0,0.0,5.1883,25.5083,1.0,0.5265,6.316798369234265e+16,26.01,0.9995,0.0005,0.0,1.4127394718148274e+31,0.0,1.0,1.0
A000665,"Number of 3-uniform hypergraphs on n unlabeled nodes, or equivalently number of relations with 3 arguments on n nodes.",Успешно,Строгий кристаллический тренд,3.3347,-0.0,0.0,3.1754,8.0833,1.0,0.4844,5.814424121663679e+56,12.0,1.0,0.0,0.0,1.2871693309351655e+86,0.0,1.0,1.0
A000666,Number of symmetric relations on n nodes.,Успешно,Строгий кристаллический тренд,4.1699,-0.0,0.0,3.8806,13.0588,1.0,0.4901,3.7696558480447776e+30,17.0,1.0,0.0,0.0,1.029809117608026e+54,0.0,1.0,1.0
A000667,Boustrophedon transform of all-1's sequence.,Успешно,Строгий кристаллический тренд,4.585,-0.0,0.0,4.5539,18.8392,1.0,0.5002,4.3206478836171654e+17,21.43,0.9998,0.0002,0.0,2.4488094072943243e+32,0.0,1.0,1.0
A000668,Mersenne primes (primes of the form 2^n - 1).,Skip,Слишком короткий ряд,,,,,,,,,,,,,,,,
A000669,Number of series-reduced planted trees with n leaves. Also the number of essentially series series-parallel networks with n edges; also the number of essentially parallel series-parallel networks with n edges.,Успешно,Строгий кристаллический тренд,4.7359,-0.0,0.0,4.425,18.7606,1.0,0.5592,389766747882.35,18.98,0.9998,0.0002,0.0,1.5470569926388947e+20,0.0,1.0,1.0
A000670,Fubini numbers: number of preferential arrangements of n labeled elements; or number of weak orders on n labeled elements; or number of ordered partitions of [n].,Успешно,Строгий кристаллический тренд,4.3685,-0.0,0.0,4.3567,17.0043,1.0,0.4923,7.697182329764553e+21,20.31,0.9999,0.0001,0.0,1.8942585361873789e+40,0.0,1.0,1.0
A000671,"Number of boron trees with n nodes, i.e. n-node rooted trees with degree <= 3 at root and out-degree <= 2 elsewhere.",Успешно,Строгий кристаллический тренд,5.0286,-0.0,0.0,4.4031,19.2174,1.0,0.5922,6300978557.51,19.11,0.9997,0.0003,0.0,5.038122794193384e+16,0.0,1.0,1.0
A000672,Number of 3-valent trees (= boron trees or binary trees) with n nodes.,Успешно,Строгий кристаллический тренд,4.8921,-0.0,0.0,4.4906,20.1131,1.0,0.5954,1076333761.47,19.86,0.9994,0.0006,0.0,2491763894188866.0,0.0,1.0,1.0
A000673,"Number of bicentered 3-valent (or boron, or binary) trees with n nodes.",Успешно,Строгий кристаллический тренд,4.8502,0.3816,0.0,4.4908,20.1144,1.0,0.5954,537240883.73,19.86,0.9994,0.0006,0.0,618556645469093.5,0.0,1.0,1.0
A000674,"Boustrophedon transform of 1, 2, 2, 2, 2, ...",Успешно,Строгий кристаллический тренд,4.5236,-0.0,0.0,4.4415,17.8325,1.0,0.5002,5.5304630397213064e+16,20.43,0.9998,0.0002,0.0,4.417725195064243e+30,0.0,1.0,1.0
A000675,"Number of centered 3-valent (or boron, or binary) trees with n nodes.",Успешно,Строгий кристаллический тренд,4.8474,0.3816,0.0,4.4905,20.1118,1.0,0.5954,539092878.4,19.86,0.9994,0.0006,0.0,627352810388641.9,0.0,1.0,1.0
A000676,Number of centered trees with n nodes.,Успешно,Строгий кристаллический тренд,4.9007,0.3905,0.0,4.7339,22.1434,1.0,0.5768,36452997054.95,21.59,0.9996,0.0004,0.0,2.505833153274164e+18,0.0,1.0,1.0
A000677,Number of bicentered trees with n nodes.,Успешно,Строгий кристаллический тренд,4.8576,0.3905,0.0,4.7343,22.1469,1.0,0.5768,36211343699.8,21.59,0.9996,0.0004,0.0,2.4475104721773696e+18,0.0,1.0,1.0
A000678,Number of carbon (rooted) trees with n carbon atoms = unordered 4-tuples of ternary trees.,Успешно,Строгий кристаллический тренд,4.8897,-0.0,0.0,4.3848,18.8038,1.0,0.5782,10604237689.15,18.8,0.9997,0.0003,0.0,1.4708519053905674e+17,0.0,1.0,1.0
A000679,Number of groups of order 2^n.,Skip,Слишком короткий ряд,,,,,,,,,,,,,,,,
A000680,a(n) = (2n)!/2^n.,Успешно,Строгий кристаллический тренд,3.9698,-0.0,0.0,3.75,12.0624,1.0,0.4893,4.995805493422048e+29,15.97,1.0,0.0,0.0,6.563582934671131e+53,0.0,1.0,1.0
A000681,Number of n X n matrices with nonnegative entries and every row and column sum 2.,Успешно,Строгий кристаллический тренд,4.1427,-0.0,0.0,4.0069,14.0552,1.0,0.4908,1.0024748068603193e+30,17.94,1.0,0.0,0.0,6.371218918272483e+54,0.0,1.0,1.0
A000682,Semi-meanders: number of ways a semi-infinite directed curve can cross a straight line n times.,Успешно,Строгий кристаллический тренд,4.789,-0.0,0.0,4.4875,19.3898,1.0,0.5615,377874435389.95,19.49,0.9984,0.0015,0.0001,1.1166633629343166e+21,0.0,1.0,1.0
A000683,"Number of colorings of labeled graphs on n nodes using exactly 2 colors, divided by 4.",Успешно,Строгий кристаллический тренд,4.2479,-0.0,0.0,4.0069,14.0555,1.0,0.4908,7.680306427342453e+30,17.98,1.0,0.0,0.0,8.827929115118426e+55,0.0,1.0,1.0
A000684,Number of colored labeled n-node graphs with 2 interchangeable colors.,Успешно,Строгий кристаллический тренд,4.0875,-0.0,0.0,3.75,12.0624,1.0,0.4893,1.7256048812874497e+25,15.97,1.0,0.0,0.0,1.62198239049084e+45,0.0,1.0,1.0
A000685,"Number of 3-colored labeled graphs on n nodes, divided by 3.",Успешно,Строгий кристаллический тренд,3.8074,-0.0,0.0,3.3282,9.0769,1.0,0.486,2.60280400467348e+24,12.99,1.0,0.0,0.0,7.400528684258048e+42,0.0,1.0,1.0
A000686,"Number of 4-colored labeled graphs on n nodes, divided by 4.",Успешно,Строгий кристаллический тренд,4.0,-0.0,0.0,3.6148,11.0667,1.0,0.4884,1.4812764119302633e+36,15.0,1.0,0.0,0.0,4.7482195544313845e+64,0.0,1.0,1.0
A000687,"Boustrophedon transform (first version) of Fibonacci numbers 0,1,1,2,3,5,...",Успешно,Строгий кристаллический тренд,4.4366,-0.0,0.0,4.4415,17.8325,1.0,0.5002,2.427668120523102e+16,20.43,0.9998,0.0002,0.0,8.512445298559984e+29,0.0,1.0,1.0
A000688,Number of Abelian groups of order n; number of factorizations of n into prime powers.,Успешно,Аномальный Сдвиг / Выброс,1.6897,2.1206,0.0,3.0584,11.5948,-0.1086,0.4377,2.13,7.26,0.3609,0.3506,0.2885,11.48,100000.0,-0.4776,27.0
A000689,Final decimal digit of 2^n.,Успешно,Сложная динамическая структура,2.0713,1.9987,0.0,-0.0025,-1.3465,0.0368,0.2828,3.85,1.35,0.5443,0.3884,0.0673,45.41,0.1429,0.0021,20.0
A000690,Landau's approximation to population of x^2 + y^2 <= 2^n.,Успешно,Строгий кристаллический тренд,5.0875,-0.0,0.0,3.9668,15.6306,1.0,0.6156,162505858.11,16.24,0.9998,0.0002,0.0,15595077047635.13,0.0,1.0,1.0
A000691,Ramanujan's approximation to population of x^2 + y^2 <= 2^n.,Успешно,Строгий кристаллический тренд,5.0875,-0.0,0.0,3.9646,15.6136,1.0,0.6157,166472472.98,16.23,0.9998,0.0002,0.0,18238298467189.35,0.0,1.0,1.0
A000692,An approximation to population of x^2 + y^2 <= 2^n.,Успешно,Строгий кристаллический тренд,5.0875,-0.0,0.0,3.9646,15.6136,1.0,0.6157,166791061.35,16.23,0.9998,0.0002,0.0,18140116511397.32,0.0,1.0,1.0
A000693,Related to population of numbers of form x^2 + y^2.,Успешно,Строгий кристаллический тренд,5.0875,-0.0,0.0,3.966,15.6242,1.0,0.6157,218265133.16,16.24,0.9998,0.0002,0.0,29626898157029.36,0.0,1.0,1.0
A000694,Related to population of numbers of form x^2 + y^2.,Успешно,Строгий кристаллический тренд,5.0444,-0.0,0.0,3.8962,15.0276,1.0,0.6156,113848439.26,15.74,0.9998,0.0002,0.0,8376103703405.1,0.0,1.0,1.0
A000695,Moser-de Bruijn sequence: sums of distinct powers of 4.,Успешно,Строгий кристаллический тренд,5.7004,-0.0,0.0,0.3756,-1.603,0.9777,0.8095,756.79,27.11,0.8361,0.1015,0.0625,69740.59,0.0005,-0.0611,1.0
A000696,"Numbers k such that (1,k) is ""good"".",Успешно,Строгий кристаллический тренд,5.4594,-0.0,0.0,1.2528,0.372,0.9634,0.7281,2596.2,23.88,0.7955,0.1271,0.0774,2130727.48,0.0001,-0.0179,1.0
A000697,"Boustrophedon transform of 1, 1, 4, 9, 16, ...",Успешно,Строгий кристаллический тренд,4.4594,-0.0,0.0,4.326,16.8251,1.0,0.5002,9804438765303948.0,19.43,0.9997,0.0003,0.0,1.5365417019089012e+29,0.0,1.0,1.0
A000698,"A problem of configurations: a(0) = 1; for n>0, a(n) = (2n-1)!! - Sum_{k=1..n-1} (2k-1)!! a(n-k). Also the number of shellings of an n-cube, divided by 2^n n!.",Успешно,Строгий кристаллический тренд,4.2219,-0.0,0.0,4.1246,15.0267,1.0,0.4913,8.105798229740689e+20,18.49,1.0,0.0,0.0,1.4477772860852199e+38,0.0,1.0,1.0
A000699,Number of irreducible chord diagrams with 2n nodes.,Успешно,Строгий кристаллический тренд,4.3168,-0.0,0.0,4.4733,18.023,1.0,0.4928,1.7633137791566298e+25,21.49,1.0,0.0,0.0,4.923614973185178e+46,0.0,1.0,1.0
A000700,Expansion of Product_{k>=0} (1 + x^(2k+1)); number of partitions of n into distinct odd parts; number of self-conjugate partitions; number of symmetric Ferrers graphs with n nodes.,Успешно,Строгий кристаллический тренд,5.5413,0.2208,0.0,1.4838,1.1786,0.9999,0.7808,130.27,4.65,0.9881,0.0075,0.0044,357.1,0.0016,0.9633,1.0
A000701,One half of number of non-self-conjugate partitions; also half of number of asymmetric Ferrers graphs with n nodes.,Успешно,Строгий кристаллический тренд,5.5331,-0.0,0.0,2.2341,4.2552,1.0,0.7318,18497.85,7.34,0.996,0.0038,0.0001,1057976.23,0.0,1.0,1.0
A000702,a(n) is the number of conjugacy classes in the alternating group A_n.,Успешно,Строгий кристаллический тренд,5.5433,-0.0,0.0,2.1989,4.0833,1.0,0.7319,18794.27,7.18,0.9961,0.0038,0.0002,1059405.63,0.0,1.0,1.0
A000703,Chromatic number (or Heawood number) of nonorientable surface with n crosscaps.,Успешно,Строгий кристаллический тренд,4.1382,-0.0,0.0,-0.5756,-0.5506,0.9959,0.7971,7.02,7.3,0.927,0.0419,0.0311,15.28,0.0314,-0.1342,1.0
A000704,Number of degree-n even permutations of order dividing 2.,Успешно,Строгий кристаллический тренд,4.5216,-0.0,0.0,4.7898,21.5219,1.0,0.528,129238401978736.97,22.34,0.9989,0.001,0.0001,9.565364154443292e+25,0.0,1.0,1.0
A000705,n-th superior highly composite number A002201(n) is product of first n terms of this sequence.,Успешно,Аномальный Сдвиг / Выброс,5.1015,1.9741,0.0,0.7348,-0.8891,0.6954,0.7491,99.36,5.28,0.5579,0.251,0.1911,7831.37,0.003,-0.2714,1.0
A000706,Expansion of modular function 1/E_3 (cf. A013973).,Skip,Слишком короткий ряд,,,,,,,,,,,,,,,,
A000707,"Number of permutations of [1,2,...,n] with n-1 inversions.",Успешно,Строгий кристаллический тренд,4.6808,-0.0,0.0,4.4711,18.9508,1.0,0.5474,13550725321751.41,19.38,0.9999,0.0001,0.0,4.9531533843094215e+22,0.0,1.0,1.0
A000708,"a(n) = E(n+1) - 2*E(n), where E(i) is the Euler number A000111(i).",Успешно,Строгий кристаллический тренд,4.5016,-0.0,0.0,4.5569,18.8583,1.0,0.4993,1.1888121538508388e+18,21.5,0.9998,0.0002,0.0,1.5899939599505982e+33,0.0,1.0,1.0
A000709,Related to population of numbers of form x^2 + y^2.,Успешно,Строгий кристаллический тренд,5.1293,-0.0,0.0,4.0333,16.2112,1.0,0.6157,418084713.13,16.73,0.9998,0.0002,0.0,109495351691115.22,0.0,1.0,1.0
A000710,"Number of partitions of n, with two kinds of 1, 2, 3 and 4.",Успешно,Строгий кристаллический тренд,5.3219,-0.0,0.0,2.36,4.8711,1.0,0.711,442812.27,7.74,0.9947,0.0053,0.0,1063970632.64,0.0,1.0,1.0
A000711,"Number of partitions of n, with three kinds of 1,2,3 and 4 and two kinds of 5,6,7,...",Успешно,Строгий кристаллический тренд,5.1699,-0.0,0.0,2.7289,6.9145,1.0,0.6845,9904461.26,9.38,0.9947,0.0053,0.0,729472956750.05,0.0,1.0,1.0
A000712,a(n) = number of partitions of n into parts of 2 kinds.,Успешно,Строгий кристаллический тренд,5.2854,-0.0,0.0,2.5936,6.1469,1.0,0.6981,1144668.59,8.83,0.9954,0.0046,0.0,7328241404.37,0.0,1.0,1.0
A000713,"EULER transform of 3, 2, 2, 2, 2, 2, 2, 2, ...",Успешно,Строгий кристаллический тренд,5.2479,-0.0,0.0,2.6355,6.3807,1.0,0.6941,3548335.82,8.99,0.9951,0.0049,0.0,78080829484.15,0.0,1.0,1.0
A000714,"Number of partitions of n, with three kinds of 1 and 2 and two kinds of 3,4,5,....",Успешно,Строгий кристаллический тренд,5.2095,-0.0,0.0,2.6679,6.5621,1.0,0.6903,5944743.76,9.12,0.9949,0.0051,0.0,239146689043.18,0.0,1.0,1.0
A000715,"Number of partitions of n, with three kinds of 1,2 and 3 and two kinds of 4,5,6,....",Успешно,Строгий кристаллический тренд,5.1699,-0.0,0.0,2.6902,6.6862,1.0,0.6865,7257560.52,9.2,0.9947,0.0053,0.0,382621571874.52,0.0,1.0,1.0
A000716,Number of partitions of n into parts of 3 kinds.,Успешно,Строгий кристаллический тренд,5.2854,-0.0,0.0,2.9373,8.2237,1.0,0.6817,46571673.19,10.54,0.9955,0.0045,0.0,14531757444162.45,0.0,1.0,1.0
A000717,Number of graphs with n nodes and floor(n(n-1)/4) edges.,Успешно,Строгий кристаллический тренд,3.9058,-0.0,0.0,3.8806,13.0588,1.0,0.4901,1.344385745822077e+28,17.0,1.0,0.0,0.0,1.6760901140598688e+49,0.0,1.0,1.0
A000718,"Boustrophedon transform of triangular numbers 1,1,3,6,10,...",Успешно,Строгий кристаллический тренд,4.4594,-0.0,0.0,4.326,16.8251,1.0,0.5002,6955752439357787.0,19.43,0.9997,0.0003,0.0,7.733696204328459e+28,0.0,1.0,1.0
A000719,Number of disconnected graphs with n nodes.,Успешно,Строгий кристаллический тренд,4.2219,-0.0,0.0,4.1295,15.0526,1.0,0.4914,1.8760961451281308e+29,19.0,1.0,0.0,0.0,3.174284781033317e+51,0.0,1.0,1.0
A000720,"pi(n), the number of primes <= n. Sometimes called PrimePi(n) to distinguish it from the number 3.14159...",Успешно,Строгий кристаллический тренд,4.2718,-0.0,0.0,-0.205,-0.992,0.997,0.8049,8.24,3.67,0.9365,0.0349,0.0286,11.0,0.0288,-0.3025,1.0
A000721,Number of NP-equivalence classes of balanced Boolean functions of n variables.,Слишком короткий ряд,Skip,,,,,,,,,,,,,,,,
A000722,Number of invertible Boolean functions of n variables: a(n) = (2^n)!.,Слишком короткий ряд,Skip,,,,,,,,,,,,,,,,
A000723,Invertible Boolean functions of n variables.,Слишком короткий ряд,Skip,,,,,,,,,,,,,,,,
A000724,Invertible Boolean functions of n variables.,Слишком короткий ряд,Skip,,,,,,,,,,,,,,,,
A000725,Invertible Boolean functions of n variables.,Слишком короткий ряд,Skip,,,,,,,,,,,,,,,,
A000726,Number of partitions of n in which no parts are multiples of 3.,Строгий кристаллический тренд,Успешно,5.594,-0.0,0.0,1.9809,3.074,1.0,0.7449,6596.77,6.3,0.9956,0.0037,0.0007,154045.65,0.0,0.9998,1.0
A000727,Expansion of Product_{k >= 1} (1 - x^k)^4.,Сложная динамическая структура,Успешно,4.3793,2.524,0.0,0.3055,0.6217,-0.0324,0.4051,31.78,4.49,0.3533,0.3317,0.3149,1098.65,0.0164,-0.453,5.0
A000728,Expansion of Product_{n>=1} (1-x^n)^5.,Сложная динамическая структура,Успешно,4.7359,2.5158,0.0,-0.3709,-0.1015,0.1025,0.5092,72.01,4.04,0.361,0.3388,0.3002,5787.79,0.008,-0.3802,4.0
A000729,Expansion of Product_{k >= 1} (1 - x^k)^6.,Аномальный Сдвиг / Выброс,Успешно,4.5997,2.5571,0.0,-0.2093,1.7737,-0.2,0.4448,254.22,4.76,0.3896,0.3161,0.2943,78352.33,0.0018,-0.6312,32.0
A000730,Expansion of Product_{n>=1} (1 - x^n)^7.,Сложная динамическая структура,Успешно,5.2463,2.5465,0.0,0.0494,1.6922,0.1301,0.4766,403.77,3.67,0.3668,0.3299,0.3034,202140.89,0.0011,-0.3977,4.0
A000731,Expansion of Product (1 - x^k)^8 in powers of x.,Аномальный Сдвиг / Выброс,Успешно,4.1923,2.5431,0.0,0.1217,2.7668,0.0078,0.4284,1634.27,5.45,0.3684,0.3276,0.304,4302176.38,0.0002,-0.3873,5.0
A000732,"Boustrophedon transform of 1 & primes: 1,2,3,5,7,...",Строгий кристаллический тренд,Успешно,4.4594,-0.0,0.0,4.326,16.8251,1.0,0.5002,6766958916173256.0,19.43,0.9997,0.0003,0.0,7.319576311567572e+28,0.0,1.0,1.0
A000733,"Boustrophedon transform of partition numbers 1, 1, 1, 2, 3, 5, 7, ...",Строгий кристаллический тренд,Успешно,4.4594,-0.0,0.0,4.326,16.8251,1.0,0.5002,3106453948494987.0,19.43,0.9997,0.0003,0.0,1.5425125302484302e+28,0.0,1.0,1.0
A000734,"Boustrophedon transform of 1,1,2,4,8,16,32,...",Строгий кристаллический тренд,Успешно,4.4594,-0.0,0.0,4.326,16.8251,1.0,0.5002,5793839049278923.0,19.43,0.9997,0.0003,0.0,5.365766169926133e+28,0.0,1.0,1.0
A000735,Expansion of Product_{k>=1} (1 - x^k)^12.,Аномальный Сдвиг / Выброс,Успешно,5.3923,2.3999,0.0,0.1376,2.5487,-0.0412,0.4719,28335.09,5.44,0.3851,0.3243,0.2906,1407363253.84,0.0,-0.3543,5.0
A000736,"Boustrophedon transform of Catalan numbers 1, 1, 1, 2, 5, 14, ...",Строгий кристаллический тренд,Успешно,4.4594,-0.0,0.0,4.326,16.8251,1.0,0.5002,4717746866022374.0,19.43,0.9997,0.0003,0.0,3.5576973638629202e+28,0.0,1.0,1.0
A000737,"Boustrophedon transform of natural numbers, cf. A000027.",Строгий кристаллический тренд,Успешно,4.4594,-0.0,0.0,4.326,16.8251,1.0,0.5002,5936118243666168.0,19.43,0.9997,0.0003,0.0,5.632535795621404e+28,0.0,1.0,1.0
A000738,"Boustrophedon transform (first version) of Fibonacci numbers 0,1,1,2,3,...",Строгий кристаллический тренд,Успешно,4.585,-0.0,0.0,4.5539,18.8392,1.0,0.5002,4.949136350746155e+17,21.43,0.9998,0.0002,0.0,3.21303956472675e+32,0.0,1.0,1.0
A000739,Expansion of Product_{k>=1} (1 - x^k)^16.,Аномальный Сдвиг / Выброс,Успешно,4.9542,2.4351,0.0,0.5797,2.2304,0.2066,0.5137,159055.89,5.98,0.4039,0.3164,0.2797,44029779210.05,0.0,-0.4058,5.0
A000740,"Number of 2n-bead balanced binary necklaces of fundamental period 2n, equivalent to reversed complement; also Dirichlet convolution of b_n=2^(n-1) with mu(n); also number of components of Mandelbrot set corresponding to Julia sets with an attractive n-cycle.",Строгий кристаллический тренд,Успешно,4.9375,-0.0,0.0,3.8691,14.7686,1.0,0.6128,263790366.45,15.5,1.0,0.0,0.0,3039873644832.99,0.0,1.0,1.0
A000741,Number of compositions of n into 3 ordered relatively prime parts.,Успешно,Сложная динамическая структура,5.7545,1.8657,0.0,0.7226,-0.6563,0.922,0.7888,604.28,3.79,0.8059,0.1541,0.04,262524.59,0.0005,-0.9447,1.0
A000742,Number of compositions of n into 4 ordered relatively prime parts.,Успешно,Плоский Аттрактор (Петля/Узел),5.5236,1.3851,0.0,1.0574,-0.0116,0.987,0.771,6533.64,6.26,0.9172,0.0688,0.0141,11491765.96,0.0,-0.6991,1.0
A000743,Number of compositions of n into 5 ordered relatively prime parts.,Успешно,Строгий кристаллический тренд,5.3219,-0.0,0.0,1.3067,0.5422,0.9979,0.755,43856.63,5.38,0.9616,0.0289,0.0095,203856331.46,0.0,0.4483,1.0
A000744,"Boustrophedon transform (second version) of Fibonacci numbers 1,1,2,3,...",Успешно,Строгий кристаллический тренд,4.4594,-0.0,0.0,4.326,16.8251,1.0,0.5002,4461414432833241.5,19.43,0.9997,0.0003,0.0,3.1815885404312986e+28,0.0,1.0,1.0
A000745,Boustrophedon transform of squares.,Успешно,Строгий кристаллический тренд,4.585,-0.0,0.0,4.5539,18.8392,1.0,0.5002,3.5341992700427336e+18,21.43,0.9998,0.0002,0.0,1.6384730480000584e+34,0.0,1.0,1.0
A000746,Boustrophedon transform of triangular numbers.,Успешно,Строгий кристаллический тренд,4.4594,-0.0,0.0,4.326,16.8251,1.0,0.5002,1.241186465033046e+16,19.43,0.9997,0.0003,0.0,2.4624812719110695e+29,0.0,1.0,1.0
A000747,Boustrophedon transform of primes.,Успешно,Строгий кристаллический тренд,4.585,-0.0,0.0,4.5539,18.8392,1.0,0.5002,1.9489823294776658e+18,21.43,0.9998,0.0002,0.0,4.982795232207294e+33,0.0,1.0,1.0
A000748,Expansion of bracket function.,Успешно,Плоский Аттрактор (Петля/Узел),4.8398,2.2516,0.0,-4.619,25.0815,-0.8824,0.4781,84558486.2,20.69,0.82,0.18,0.0,9346390674674460.0,0.0,-0.7465,15.0
A000749,"a(n) = 4*a(n-1) - 6*a(n-2) + 4*a(n-3), n > 3, with a(0)=a(1)=a(2)=0, a(3)=1.",Успешно,Строгий кристаллический тренд,4.9476,-0.0,0.0,4.0082,15.9614,1.0,0.6132,249871288.9,16.5,1.0,0.0,0.0,992237979755.05,0.0,1.0,1.0
A000750,Expansion of bracket function.,Успешно,Плоский Аттрактор (Петля/Узел),4.7484,1.8405,0.0,0.2106,5.8346,-0.7877,0.3531,25900605.19,7.99,0.7214,0.2786,0.0,837523801202650.6,0.0,-0.9102,14.0
A000751,Boustrophedon transform of partition numbers.,Успешно,Строгий кристаллический тренд,4.4594,-0.0,0.0,4.326,16.8251,1.0,0.5002,4381663186693651.0,19.43,0.9997,0.0003,0.0,3.0688585225277395e+28,0.0,1.0,1.0
A000752,Boustrophedon transform of powers of 2.,Успешно,Строгий кристаллический тренд,4.585,-0.0,0.0,4.5539,18.8392,1.0,0.5002,2.0784378915383421e+18,21.43,0.9998,0.0002,0.0,5.66671459167523e+33,0.0,1.0,1.0
A000753,Boustrophedon transform of Catalan numbers.,Успешно,Строгий кристаллический тренд,4.4594,-0.0,0.0,4.326,16.8251,1.0,0.5002,1.0956478882570614e+16,19.43,0.9997,0.0003,0.0,1.918854842953077e+29,0.0,1.0,1.0
A000754,Boustrophedon transform of odd numbers.,Успешно,Строгий кристаллический тренд,4.4594,-0.0,0.0,4.326,16.8251,1.0,0.5002,9563178324384300.0,19.43,0.9997,0.0003,0.0,1.461851919196323e+29,0.0,1.0,1.0
A000755,No-3-in-line problem on n X n grid: total number of ways of placing 2n points on n X n grid so no 3 are in a line. No symmetries are taken into account.,Успешно,Аномальный Сдвиг / Выброс,4.2479,1.2896,0.0,2.6247,5.9269,0.9746,0.6142,53360.12,7.35,0.8636,0.0833,0.053,1028360521.97,0.0,0.7614,1.0
A000756,"Boustrophedon transform of sequence 1,1,0,0,0,0,...",Успешно,Строгий кристаллический тренд,4.6439,-0.0,0.0,4.6635,19.8455,1.0,0.5003,3.379743297465784e+18,22.43,0.9998,0.0002,0.0,1.3670805498153128e+34,0.0,1.0,1.0
A000757,Number of cyclic permutations of [n] with no i -> i+1 (mod n).,Успешно,Строгий кристаллический тренд,4.1524,0.2864,0.0,4.347,16.9486,1.0,0.4928,8.086342569285464e+16,19.95,0.9999,0.0001,0.0,5.026368793536619e+30,0.0,1.0,1.0
A000758,Related to cumulative height of rooted plane trees.,Skip,Слишком короткий ряд,,,,,,,,,,,,,,,,
A000759,Number of n-step self-avoiding walks on cubic lattice ending at point with x=0.,Успешно,Строгий кристаллический тренд,4.5236,-0.0,0.0,4.1745,16.1067,1.0,0.5359,11235908745524.35,17.19,0.9996,0.0004,0.0,2.539040286139665e+23,0.0,1.0,1.0
A000760,Number of n-step self-avoiding walks on cubic lattice ending at point with x=1.,Успешно,Строгий кристаллический тренд,4.4594,-0.0,0.0,4.0708,15.2202,1.0,0.5352,11668214331556.43,16.43,0.9999,0.0001,0.0,5.848393809583066e+22,0.0,1.0,1.0
A000761,Number of n-step self-avoiding walks on cubic lattice ending at point with x=2.,Успешно,Строгий кристаллический тренд,4.3923,-0.0,0.0,3.9629,14.3236,1.0,0.5346,11534476218710.49,15.66,1.0,0.0,0.0,1.0391557816936533e+22,0.0,1.0,1.0
A000762,Number of n-step self-avoiding walks on cubic lattice ending at point with x=3.,Успешно,Строгий кристаллический тренд,4.3219,-0.0,0.0,3.8542,13.4412,1.0,0.5336,10746268553590.16,14.91,1.0,0.0,0.0,1.1473643378735663e+22,0.0,1.0,1.0
A000763,Number of interval orders constructed from n intervals of generic lengths.,Успешно,Строгий кристаллический тренд,4.0875,-0.0,0.0,3.7488,12.0567,1.0,0.4893,9.594790726627454e+21,15.78,1.0,0.0,0.0,6.080174958557299e+39,0.0,1.0,1.0
A000764,Boustrophedon transform of Bell numbers.,Успешно,Строгий кристаллический тренд,4.585,-0.0,0.0,4.5539,18.8397,1.0,0.5002,4.048233374518511e+18,21.43,0.9998,0.0002,0.0,2.115598859800473e+34,0.0,1.0,1.0
A000765,Number of n-step self-avoiding walks on f.c.c. lattice ending at point with x = 0.,Успешно,Строгий кристаллический тренд,4.0,-0.0,0.0,3.554,10.7759,1.0,0.499,22880841904779.95,13.46,1.0,0.0,0.0,4.883719743831498e+22,0.0,1.0,1.0
A000766,Number of n-step self-avoiding walks on f.c.c. lattice ending at point with x = 1.,Успешно,Строгий кристаллический тренд,3.9069,-0.0,0.0,3.4155,9.8021,1.0,0.4964,24171095094700.15,12.57,1.0,0.0,0.0,4.9631665340806414e+22,0.0,1.0,1.0
A000767,Number of n-step self-avoiding walks on f.c.c. lattice ending at point with x = 2.,Успешно,Строгий кристаллический тренд,3.8074,-0.0,0.0,3.2716,8.831,1.0,0.4931,24549344311551.61,11.67,1.0,0.0,0.0,2.811188256335918e+22,0.0,1.0,1.0
A000768,Number of n-step self-avoiding walks on f.c.c. lattice ending at point with x = 3.,Успешно,Строгий кристаллический тренд,3.7004,-0.0,0.0,3.1218,7.8629,1.0,0.4889,23724730263241.72,10.79,1.0,0.0,0.0,1.603414942137816e+22,0.0,1.0,1.0
A000769,No-3-in-line problem: number of inequivalent ways of placing 2n points on an n X n grid so that no 3 are in a line.,Успешно,Строгий кристаллический тренд,4.2219,0.9864,0.0,3.5854,11.911,0.9572,0.5634,16684.72,13.74,0.9044,0.0743,0.0213,87854452.71,0.0,0.805,1.0
A000770,"Stirling numbers of the second kind, S(n,6).",Успешно,Строгий кристаллический тренд,4.3923,-0.0,0.0,4.0773,15.0373,1.0,0.523,2.4899752039970064e+16,16.7,0.9999,0.0001,0.0,1.90718002720633e+29,0.0,1.0,1.0
A000771,"Stirling numbers of second kind, S(n,7).",Успешно,Строгий кристаллический тренд,4.3219,-0.0,0.0,4.0073,14.361,1.0,0.5159,1.8502841001628016e+17,16.35,0.9999,0.0001,0.0,1.351318497117948e+31,0.0,1.0,1.0
A000772,E.g.f. exp(tan(x) + sec(x) - 1).,Успешно,Строгий кристаллический тренд,4.4366,-0.0,0.0,4.4535,17.9054,1.0,0.4963,3.779136112105131e+18,20.73,0.9999,0.0001,0.0,1.2541938157123511e+34,0.0,1.0,1.0
A000773,Number of numbers == 0 (mod 3) in range 2^n to 2^(n+1) with odd number of 1's in binary expansion.,Успешно,Строгий кристаллический тренд,4.9363,-0.0,0.0,4.0736,16.5291,1.0,0.6132,642704580.64,16.94,0.998,0.0019,0.0001,4147941987130502.0,0.0,0.9999,1.0
A000774,a(n) = n!*(1 + Sum_{i=1..n} 1/i).,Успешно,Строгий кристаллический тренд,4.4594,-0.0,0.0,4.3489,16.9592,1.0,0.4921,2.2513077926326313e+19,20.01,0.9999,0.0001,0.0,3.2750994809935713e+35,0.0,1.0,1.0
A000775,a(n) = n! * (n + 1 + 2*Sum_{k=1...n} 1/k).,Успешно,Строгий кристаллический тренд,4.4594,-0.0,0.0,4.3497,16.964,1.0,0.4921,1.4195549884375032e+20,20.04,0.9999,0.0001,0.0,1.203496443453385e+37,0.0,1.0,1.0
A000776,a(n) = n! * (1 + 2*Sum_{k=1..n} 1/k).,Успешно,Строгий кристаллический тренд,4.4594,-0.0,0.0,4.3489,16.9594,1.0,0.4921,4.0179823102629904e+19,20.01,0.9999,0.0001,0.0,1.0385323008518773e+36,0.0,1.0,1.0
A000777,a(n) = (n+2)*Catalan(n) - 1.,Успешно,Строгий кристаллический тренд,4.7549,-0.0,0.0,4.4697,18.94,1.0,0.5475,49326046670094.72,19.36,0.9999,0.0001,0.0,7.838301757967702e+23,0.0,1.0,1.0
A000778,a(n) = Catalan(n) + Catalan(n+1) - 1.,Успешно,Строгий кристаллический тренд,4.7549,-0.0,0.0,4.4414,18.7296,1.0,0.55,8537882433193.89,19.13,0.9998,0.0002,0.0,5.9492117006460465e+22,0.0,1.0,1.0
A000779,"a(n) = 2*(2n-1)!!-(n-1)!*2^(n-1), where (2n-1)!! is A001147(n).",Успешно,Строгий кристаллический тренд,4.1699,-0.0,0.0,3.8754,13.0331,1.0,0.49,4.641206878840516e+19,16.52,1.0,0.0,0.0,5.138856779092222e+35,0.0,1.0,1.0
A000780,a(n) = (n+1)!/2 + (n-1)(n-1)!.,Успешно,Строгий кристаллический тренд,4.3923,-0.0,0.0,4.2343,15.9714,1.0,0.4916,6.0797885547806564e+19,19.09,0.9999,0.0001,0.0,2.0827833913238976e+36,0.0,1.0,1.0
A000781,a(n) = 3*Catalan(n) - Catalan(n-1) - 1.,Успешно,Строгий кристаллический тренд,4.7004,-0.0,0.0,4.3455,17.8539,1.0,0.5496,5056408181338.22,18.38,0.9998,0.0002,0.0,2.1429190310273864e+22,0.0,1.0,1.0
A000782,a(n) = 2*Catalan(n) - Catalan(n-1).,Успешно,Строгий кристаллический тренд,4.8074,-0.0,0.0,4.5366,19.6142,1.0,0.5503,42957363436348.67,19.88,0.9998,0.0002,0.0,1.3889446128883006e+24,0.0,1.0,1.0
A000783,Erroneous version of A007535.,Успешно,Аномальный Сдвиг / Выброс,4.579,2.5467,0.0,2.9746,9.6504,-0.0357,0.5237,79.23,6.36,0.3673,0.3507,0.282,14749.91,0.0038,-0.5007,16.0
A000784,Number of symmetrical planar partitions of n (planar partitions (A000219) that when regarded as 3-D objects have just one symmetry plane).,Успешно,Строгий кристаллический тренд,5.4695,-0.0,0.0,2.4046,5.138,1.0,0.7214,30059.39,8.04,0.9956,0.003,0.0015,6328584.87,0.0,0.9994,1.0
A000785,Number of asymmetrical planar partitions of n: planar partitions (A000219) that when regarded as 3-D objects have no symmetry.,Успешно,Строгий кристаллический тренд,5.0809,-0.0,0.0,3.1275,9.4665,1.0,0.6677,2533923.6,11.51,0.997,0.003,0.0,33733996585.35,0.0,1.0,1.0
A000786,"Number of inequivalent planar partitions of n, when considering them as 3D objects.",Успешно,Строгий кристаллический тренд,5.1228,-0.0,0.0,3.1785,9.8234,1.0,0.6678,2486144.3,11.83,0.997,0.0029,0.0,32338553331.17,0.0,1.0,1.0
A000787,Strobogrammatic numbers: the same upside down.,Успешно,Строгий кристаллический тренд,5.5546,-0.0,0.0,0.4867,-1.0195,0.9851,0.7994,7461.34,12.16,0.8614,0.0845,0.0541,7249729.12,0.0,-0.0082,1.0
A000788,"Total number of 1's in binary expansions of 0, ..., n.",Успешно,Строгий кристаллический тренд,5.9773,-0.0,0.0,0.2335,-1.14,0.9999,0.7969,79.29,1.67,0.9856,0.0091,0.0053,139.6,0.0032,0.4067,1.0
A000789,Maximal order of a triangle-free cyclic graph with no independent set of size n.,Skip,Слишком короткий ряд,,,,,,,,,,,,,,,,
A000790,Primary pretenders: least composite c such that n^c == n (mod c).,Успешно,Аномальный Сдвиг / Выброс,1.9502,2.079,0.0,8.8589,78.6942,-0.0237,0.4952,22.49,27.87,0.3389,0.3369,0.3242,2891.67,0.003,-0.4954,22.0
A000791,"Ramsey numbers R(3,n).",Skip,Слишком короткий ряд,,,,,,,,,,,,,,,,
A000792,a(n) = max{(n - i)*a(i) : i < n}; a(0) = 1.,Успешно,Строгий кристаллический тренд,5.414,-0.0,0.0,3.2867,10.4773,0.9981,0.6743,1019264.91,10.75,0.9607,0.0274,0.0119,129094802132.33,0.0,0.9643,1.0
A000793,"Landau's function g(n): largest order of permutation of n elements. Equivalently, largest LCM of partitions of n.",Успешно,Строгий кристаллический тренд,4.7516,-0.0,0.0,2.7757,8.2325,0.9363,0.7139,23154.59,23.5,0.7964,0.1356,0.0679,256891104.97,0.0,-0.0257,1.0
A000794,"Permanent of the Desarguesian projective plane PG(2,n), or 0 if such plane does not exist.",Skip,Слишком короткий ряд,,,,,,,,,,,,,,,,
A000795,Salié numbers: expansion of cosh x / cos x = Sum_{n >= 0} a(n)*x^(2n)/(2n)!.,Успешно,Строгий кристаллический тренд,4.0875,-0.0,0.0,3.75,12.0623,1.0,0.4893,5.54213149989319e+28,15.96,1.0,0.0,0.0,1.229520650419629e+52,0.0,1.0,1.0
A000796,Decimal expansion of Pi (or digits of Pi).,Успешно,Сложная динамическая структура,3.289,2.569,0.0,0.0208,-1.2955,0.0327,0.4793,4.92,2.62,0.3651,0.3372,0.2977,53.68,1.0,-0.3887,24.0
A000797,Numbers that are not the sum of 4 tetrahedral numbers.,Успешно,Строгий кристаллический тренд,5.7279,-0.0,0.0,0.6706,-0.6607,0.9973,0.783,502.4,5.09,0.9382,0.0365,0.0253,34413.09,0.0005,-0.0061,1.0
A000798,"Number of different quasi-orders (or topologies, or transitive digraphs) with n labeled elements.",Успешно,Строгий кристаллический тренд,4.1427,-0.0,0.0,4.0069,14.0555,1.0,0.4908,2.895326568089025e+34,17.99,1.0,0.0,0.0,4.020832055960023e+62,0.0,1.0,1.0
A000799,a(n) = floor(2^n / n).,Успешно,Строгий кристаллический тренд,5.0378,-0.0,0.0,4.0641,16.5074,1.0,0.6178,218309544.23,17.0,0.9997,0.0003,0.0,49292664392149.01,0.0,1.0,1.0
A000800,Sum of upward diagonals of Eulerian triangle.,Успешно,Строгий кристаллический тренд,4.5788,-0.0,0.0,4.7978,21.3283,1.0,0.5157,4106816988750903.5,22.89,0.9996,0.0004,0.0,4.605645546080333e+28,0.0,1.0,1.0
A000801,a(n) = Sum_{k = 1..n} floor(2^k / k).,Успешно,Строгий кристаллический тренд,5.1293,-0.0,0.0,3.9932,15.8875,1.0,0.618,237822498.27,16.48,0.9996,0.0004,0.0,65892476818307.73,0.0,1.0,1.0
A000802,Maximal number of states in the minimal deterministic finite automaton accepting a language over a binary alphabet consisting of some words of length n.,Успешно,Строгий кристаллический тренд,5.2095,-0.0,0.0,4.2085,17.7525,1.0,0.6134,464449638.49,18.0,1.0,0.0,0.0,7776018957290.35,0.0,1.0,1.0
A000803,a(n+3) = a(n+2) + a(n+1) + a(n) - 4.,Успешно,Строгий кристаллический тренд,4.9698,0.3998,0.0,3.7726,14.1048,1.0,0.6263,41042616.12,15.06,1.0,0.0,0.0,18066060.08,0.0,1.0,1.0
A000804,"Permanent of a certain cyclic n X n (0,1) matrix.",Успешно,Строгий кристаллический тренд,4.8897,-0.0,0.0,4.1395,16.8328,1.0,0.5941,12201324368.69,17.13,0.9999,0.0001,0.0,4.069158579916959e+16,0.0,1.0,1.0
A000805,"Permanent of a certain cyclic n X n (0,1) matrix.",Успешно,Строгий кристаллический тренд,4.9375,-0.0,0.0,4.4219,19.203,1.0,0.5814,1584379349339.23,19.11,1.0,0.0,0.0,3.676393264334398e+19,0.0,1.0,1.0
A000806,Bessel polynomial y_n(-1).,Успешно,Плоский Аттрактор (Петля/Узел),4.2971,0.998,0.0,4.2438,16.0253,-1.0,0.4919,1.1603783774114452e+22,19.49,1.0,0.0,0.0,2.6626719031003183e+40,0.0,-1.0,9.0
A000807,Quadratic invariants.,Успешно,Строгий кристаллический тренд,4.1699,-0.0,0.0,3.8803,13.0577,1.0,0.4901,1.9614979604851836e+27,16.9,1.0,0.0,0.0,6.496068786759778e+49,0.0,1.0,1.0
A000808,Number of switching networks (see Harrison reference for precise definition).,Skip,Слишком короткий ряд,,,,,,,,,,,,,,,,
A000809,Number of switching networks (see Harrison reference for precise definition).,Skip,Слишком короткий ряд,,,,,,,,,,,,,,,,
A000810,Expansion of e.g.f. (sin x + cos x)/cos 3x.,Успешно,Строгий кристаллический тренд,4.0588,-0.0,0.0,3.8626,12.9683,0.9994,0.4896,1.5846101822212285e+18,16.09,0.9982,0.0018,0.0,2.252817235859731e+34,0.0,0.9993,1.0
A000811,Number of switching networks (see Harrison reference for precise definition).,Skip,Слишком короткий ряд,,,,,,,,,,,,,,,,
A000812,Number of switching networks (see Harrison reference for precise definition).,Skip,Слишком короткий ряд,,,,,,,,,,,,,,,,
A000813,Expansion of (sin x + cos x)/cos 4x.,Успешно,Строгий кристаллический тренд,4.0588,-0.0,0.0,3.8609,12.9598,0.999,0.4896,1.613570122482353e+20,16.05,0.9975,0.0025,0.0,3.229726122837559e+38,0.0,0.9988,1.0
A000814,Number of switching networks (see Harrison reference for precise definition).,Skip,Слишком короткий ряд,,,,,,,,,,,,,,,,
A000815,Number of switching networks (see Harrison reference for precise definition).,Skip,Слишком короткий ряд,,,,,,,,,,,,,,,,
A000816,E.g.f.: Sum_{n >= 0} a(n) * x^(2*n) / (2*n)! = sin(x)^2 / cos(2*x).,Успешно,Строгий кристаллический тренд,3.8074,-0.0,0.0,3.3282,9.0769,1.0,0.486,2.0950052093802558e+28,12.99,1.0,0.0,0.0,2.7337173754862245e+50,0.0,1.0,1.0
A000817,Number of switching networks under action of GL_n(Z_2) acting on 2 variables.,Skip,Слишком короткий ряд,,,,,,,,,,,,,,,,
A000818,Number of switching networks under action of GL_n(Z_2) acting on 3 variables.,Skip,Слишком короткий ряд,,,,,,,,,,,,,,,,
A000819,E.g.f.: cos(x)^2 / cos(2x) = Sum_{n >= 0} a(n) * x^(2n) / (2n)!.,Успешно,Строгий кристаллический тренд,3.8074,-0.0,0.0,3.3282,9.0769,1.0,0.486,2.0950052093802558e+28,12.99,1.0,0.0,0.0,2.7337173754862245e+50,0.0,1.0,1.0
A000820,Number of switching networks under action of AG_n(Z_2) acting on 2 variables.,Skip,Слишком короткий ряд,,,,,,,,,,,,,,,,
A000821,Number of switching networks under action of AG_n(Z_2) acting on 3 variables.,Слишком короткий ряд,Skip,,,,,,,,,,,,,,,,
A000822,Expansion of (sin^2 x + sin x) /cos 2x.,Строгий кристаллический тренд,Успешно,4.3219,-0.0,0.0,4.1237,15.0221,0.9995,0.4913,1.130081021634859e+18,18.44,0.9991,0.0009,0.0,6.504689545282386e+33,0.0,0.9994,1.0
A000823,Number of switching networks (see Harrison reference for precise definition).,Слишком короткий ряд,Skip,,,,,,,,,,,,,,,,
A000824,Number of switching networks (see Harrison reference for precise definition).,Слишком короткий ряд,Skip,,,,,,,,,,,,,,,,
A000825,Expansion of cos x (1 + sin x ) /cos 2x.,Строгий кристаллический тренд,Успешно,4.2219,-0.0,0.0,4.1069,14.9303,0.9996,0.4928,7.991846093475849e+17,17.89,0.9984,0.0016,0.0,5.532572357884525e+33,0.0,0.9995,1.0
A000826,Number of switching networks (see Harrison reference for precise definition).,Слишком короткий ряд,Skip,,,,,,,,,,,,,,,,
A000827,Number of switching networks (see Harrison reference for precise definition).,Слишком короткий ряд,Skip,,,,,,,,,,,,,,,,
A000828,E.g.f. cos(x)/(cos(x) - sin(x)).,Строгий кристаллический тренд,Успешно,4.2219,-0.0,0.0,4.1181,14.9915,1.0,0.4912,7.988523971373673e+17,18.21,0.9999,0.0001,0.0,3.267451669072374e+32,0.0,1.0,1.0
A000829,Number of switching networks (see Harrison reference for precise definition).,Слишком короткий ряд,Skip,,,,,,,,,,,,,,,,
A000830,Number of switching networks (see Harrison reference for precise definition).,Слишком короткий ряд,Skip,,,,,,,,,,,,,,,,
A000831,Expansion of e.g.f. (1 + tan(x))/(1 - tan(x)).,Строгий кристаллический тренд,Успешно,4.4594,-0.0,0.0,4.3545,16.992,1.0,0.4922,9.85152083778723e+20,20.21,0.9999,0.0001,0.0,3.989112505351151e+38,0.0,1.0,1.0
A000832,Number of switching networks (see Harrison reference for precise definition).,Слишком короткий ряд,Skip,,,,,,,,,,,,,,,,
A000833,Number of switching networks (see Harrison reference for precise definition).,Слишком короткий ряд,Skip,,,,,,,,,,,,,,,,
A000834,Expansion of e.g.f. exp(x)*(1 + tan(x))/(1 - tan(x)).,Строгий кристаллический тренд,Успешно,4.4594,-0.0,0.0,4.3545,16.992,1.0,0.4922,2.1607144122288827e+21,20.21,0.9999,0.0001,0.0,1.918953528791398e+39,0.0,1.0,1.0
A000835,Number of switching networks (see Harrison reference for precise definition).,Слишком короткий ряд,Skip,,,,,,,,,,,,,,,,
A000836,Number of switching networks (see Harrison reference for precise definition).,Слишком короткий ряд,Skip,,,,,,,,,,,,,,,,
A000837,Number of partitions of n into relatively prime parts. Also aperiodic partitions.,Строгий кристаллический тренд,Успешно,5.4534,-0.0,0.0,2.1967,4.0588,0.9999,0.7305,26665.98,6.78,0.9884,0.0075,0.0041,21477637.39,0.0,0.9823,1.0
A000838,Number of n-input 2-output switching networks under action of complementing group on the inputs and outputs.,Слишком короткий ряд,Skip,,,,,,,,,,,,,,,,
A000839,Number of n-input 3-output switching networks under action of complementing group on the inputs and outputs.,Слишком короткий ряд,Skip,,,,,,,,,,,,,,,,
A000840,Number of cubic bicolored graphs on n unlabeled nodes admitting an automorphism exchanging the colors.,Строгий кристаллический тренд,Успешно,4.7736,-0.0,0.0,4.9461,23.1538,1.0,0.5312,191460684242394.0,23.62,0.9994,0.0006,0.0,1.2677751723553474e+26,0.0,1.0,1.0
A000841,"Number of n-input 2-output switching networks under action of symmetric group S(n) on the inputs and complementing group C(2,2) on the outputs.",Слишком короткий ряд,Skip,,,,,,,,,,,,,,,,
A000842,"Number of n-input 3-output switching networks under action of symmetric group S(n) on the inputs and complementing group C(3,2) on the outputs.",Слишком короткий ряд,Skip,,,,,,,,,,,,,,,,
A000843,Number of quartic bicolored graphs on n unlabeled nodes admitting an automorphism exchanging the colors.,Строгий кристаллический тренд,Успешно,4.3737,-0.0,0.0,4.6753,19.9207,1.0,0.4962,3.824092585890197e+19,22.77,0.9999,0.0001,0.0,9.958841713596076e+35,0.0,1.0,1.0
A000844,Number of switching networks (see Harrison reference for precise definition).,Слишком короткий ряд,Skip,,,,,,,,,,,,,,,,
A000845,Number of switching networks (see Harrison reference for precise definition).,Слишком короткий ряд,Skip,,,,,,,,,,,,,,,,
A000846,"a(n) = C(3n,n) - C(2n,n).",Строгий кристаллический тренд,Успешно,4.5236,-0.0,0.0,4.3246,17.0959,1.0,0.5213,1.8243996288585588e+16,18.66,1.0,0.0,0.0,4.556834272480489e+28,0.0,1.0,1.0
A000847,"Number of n-input 2-output switching networks under action of GL(n,2) on the inputs and complementing group C(2,2) on the outputs.",Слишком короткий ряд,Skip,,,,,,,,,,,,,,,,
A000848,"Number of n-input 3-output switching networks under action of GL(n,2) on the inputs and complementing group C(3,2) on the outputs.",Слишком короткий ряд,Skip,,,,,,,,,,,,,,,,
A000849,"Number of primes <= product of first n primes, A002110(n).",Строгий кристаллический тренд,Успешно,4.3219,-0.0,0.0,4.1277,15.0433,1.0,0.4914,1.4633630641799144e+22,18.69,1.0,0.0,0.0,3.0843693619408937e+40,0.0,1.0,1.0
A000850,"Number of n-input 2-output switching networks under action of AG(n,2) on the inputs and complementing group C(2,2) on the outputs.",Слишком короткий ряд,Skip,,,,,,,,,,,,,,,,
A000851,"Number of n-input 3-output switching networks under action of AG(n,2) on the inputs and complementing group C(3,2) on the outputs.",Слишком короткий ряд,Skip,,,,,,,,,,,,,,,,
A000852,Numbers beginning with a vowel in English.,Строгий кристаллический тренд,Успешно,5.5546,-0.0,0.0,-1.8944,3.1331,0.9605,0.728,35.07,21.77,0.7866,0.1307,0.0827,385.03,0.0046,0.0646,1.0
A000853,"Number of n-input 2-output switching networks under action of complementing group C(2,n) on inputs and S(2) and C(2,2) on outputs.",Слишком короткий ряд,Skip,,,,,,,,,,,,,,,,
A000854,"Number of n-input 3-output switching networks under action of complementing group C(2,n) on inputs and S(3) and C(2,3) on outputs.",Слишком короткий ряд,Skip,,,,,,,,,,,,,,,,
A000855,Final two digits of 2^n.,Сложная динамическая структура,Успешно,4.4063,2.4733,0.0,0.0102,-1.2465,0.5302,0.5211,48.49,1.97,0.4849,0.2945,0.2206,3495.4,0.0081,-0.2633,4.0
A000856,"Number of n-input 2-output switching networks under the action of S(n) on the inputs and S(2) and complementing group C(2,2) on the outputs.",Слишком короткий ряд,Skip,,,,,,,,,,,,,,,,
A000857,"Number of n-input 3-output switching networks under the action of S(n) on the inputs and S(3) and complementing group C(2,3) on the outputs.",Слишком короткий ряд,Skip,,,,,,,,,,,,,,,,
A000858,Duplicate of A003436.,Слишком короткий ряд,Skip,,,,,,,,,,,,,,,,
A000859,"Number of n-input 2-output switching networks under action of S(n) and complementing group C(2,2) on inputs and outputs.",Слишком короткий ряд,Skip,,,,,,,,,,,,,,,,
A000860,"Number of n-input 3-output switching networks under action of S(n) and complementing group C(2,3) on inputs and outputs.",Слишком короткий ряд,Skip,,,,,,,,,,,,,,,,
A000861,Numbers ending with a vowel in American English.,Успешно,Строгий кристаллический тренд,6.0224,-0.0,0.0,0.0317,-1.0502,0.9992,0.7948,58.34,4.06,0.9633,0.0239,0.0127,233.95,0.0041,0.0793,1.0
A000862,"Number of n-input 2-output switching networks under action of AG(n,2) and complementing group C(2,2) on inputs and outputs.",Skip,Слишком короткий ряд,,,,,,,,,,,,,,,,
A000863,"Number of n-input 3-output switching networks under action of AG(n,2) and complementing group C(2,3) on inputs and outputs.",Skip,Слишком короткий ряд,,,,,,,,,,,,,,,,
A000864,Deceptive nonprimes: composite numbers k that divide the repunit R_{k-1}.,Успешно,Строгий кристаллический тренд,5.1699,-0.0,0.0,0.7979,-0.2963,0.9959,0.7542,12063.64,4.93,0.9251,0.0478,0.0271,21047806.95,0.0,0.3711,1.0
A000865,Numbers beginning with letter 'o' in English.,Успешно,Плоский Аттрактор (Петля/Узел),5.2095,-0.0,0.0,-3.8621,18.0376,0.6962,0.6487,18.0,26.6,0.7228,0.2772,0.0,416.19,0.0071,0.0,1.0
A000866,2^n written in base 5.,Успешно,Строгий кристаллический тренд,4.858,-0.0,0.0,4.6725,20.906,0.9722,0.5533,93962282683.12,21.61,0.9479,0.0515,0.0006,2.6508782969340486e+21,0.0,0.8934,1.0
A000867,Numbers beginning with letter 'f' in English.,Успешно,Строгий кристаллический тренд,5.8329,-0.0,0.0,-0.325,-1.8737,0.97,0.8249,312.67,44.62,0.8143,0.1168,0.0689,6694.66,0.0014,-0.0221,1.0
A000868,"Number of switching networks with C(2,n) acting on domain and GL(2,Z2) acting on range.",Skip,Слишком короткий ряд,,,,,,,,,,,,,,,,
A000869,"Number of switching networks with C(2,n) acting on domain and GL(3,Z2) acting on range.",Skip,Слишком короткий ряд,,,,,,,,,,,,,,,,
A000870,Numbers beginning with letter 's' in English.,Успешно,Строгий кристаллический тренд,5.4919,-0.0,0.0,0.1233,-1.968,0.96,0.8168,471.38,37.34,0.7905,0.1316,0.078,19564.54,0.0009,-0.0285,1.0
A000871,"Number of switching networks with S(n) acting on the domain and GL(2,2) acting on the range.",Skip,Слишком короткий ряд,,,,,,,,,,,,,,,,
A000872,"Number of switching networks with S(n) acting on the domain and GL(3,2) acting on the range.",Skip,Слишком короткий ряд,,,,,,,,,,,,,,,,
A000873,Numbers beginning with letter 'e' in English.,Успешно,Строгий кристаллический тренд,5.4263,-0.0,0.0,-0.8675,-1.2329,0.9497,0.7927,533.7,36.37,0.7695,0.1442,0.0863,36940.06,0.0007,-0.0292,1.0
A000874,"Number of switching networks with S(n) and C(2,2) acting on the domain and GL(2,2) acting on the range.",Skip,Слишком короткий ряд,,,,,,,,,,,,,,,,
A000875,"Number of switching networks with S(n) and C(2,2) acting on the domain and GL(3,2) acting on the range.",Skip,Слишком короткий ряд,,,,,,,,,,,,,,,,
A000876,From a self-replicating tiling.,Успешно,Аномальный Сдвиг / Выброс,3.4875,2.4921,0.0,5.2052,27.1142,0.0118,0.5987,29.8,12.26,0.4272,0.3434,0.2295,3123.09,0.0269,-0.7735,2.0
A000877,"Number of switching networks with GL(n,2) acting on the domain and GL(2,2) acting on the range.",Skip,Слишком короткий ряд,,,,,,,,,,,,,,,,
A000878,"Number of switching networks with GL(n,2) acting on the domain and GL(3,2) acting on the range.",Skip,Слишком короткий ряд,,,,,,,,,,,,,,,,
A000879,Number of primes < prime(n)^2.,Успешно,Строгий кристаллический тренд,5.585,-0.0,0.0,0.7595,-0.6528,0.9984,0.7811,2077.62,4.41,0.9521,0.0288,0.019,357015.91,0.0001,0.3734,1.0
A000880,"Number of switching networks with AG(n,2) acting on the domain and GL(2,2) acting on the range.",Skip,Слишком короткий ряд,,,,,,,,,,,,,,,,
A000881,"Number of switching networks with AG(n,2) acting on the domain and GL(3,2) acting on the range.",Слишком короткий ряд,Skip,,,,,,,,,,,,,,,,
A000882,Number of twin prime pairs <= product of first n primes.,Строгий кристаллический тренд,Успешно,3.9069,-0.0,0.0,3.4704,10.054,1.0,0.4871,72211549502600.75,13.64,0.9999,0.0001,0.0,1.6546140851862207e+24,0.0,1.0,1.0
A000883,"Number of switching networks with C(2,n) acting on the domain and AG(2,2) acting on the range.",Слишком короткий ряд,Skip,,,,,,,,,,,,,,,,
A000884,"Number of switching networks with C(2,n) acting on the domain and AG(3,2) acting on the domain.",Слишком короткий ряд,Skip,,,,,,,,,,,,,,,,
A000885,Number of twin prime pairs < square of n-th prime.,Строгий кристаллический тренд,Успешно,5.8826,-0.0,0.0,0.5898,-0.949,0.9992,0.7949,436.93,3.51,0.9658,0.0204,0.0139,11295.8,0.0006,0.2131,1.0
A000886,"Number of switching networks with S(n,2) acting on the domain and AG(2,2) acting on the range where S(n,k) is the symmetric group acting on k variables.",Слишком короткий ряд,Skip,,,,,,,,,,,,,,,,
A000887,"Number of switching networks with S(n,2) acting on the domain and AG(3,2) acting on the range where S(n,k) is the symmetric group acting on k variables.",Слишком короткий ряд,Skip,,,,,,,,,,,,,,,,
A000888,a(n) = (2*n)!^2 / ((n+1)!*n!^3).,Строгий кристаллический тренд,Успешно,4.3923,-0.0,0.0,4.2165,15.87,1.0,0.4973,9.126982936381655e+19,18.62,1.0,0.0,0.0,1.1492963939966197e+36,0.0,1.0,1.0
A000889,"Number of switching networks with S(n) and C(2,2) acting on the domain and AG(2,2) acting on the range.",Слишком короткий ряд,Skip,,,,,,,,,,,,,,,,
A000890,"Number of switching networks with S(n) and C(2,2) acting on the domain and AG(2,3) acting on the range.",Слишком короткий ряд,Skip,,,,,,,,,,,,,,,,
A000891,a(n) = (2*n)!*(2*n+1)! / (n! * (n+1)!)^2.,Строгий кристаллический тренд,Успешно,4.1699,-0.0,0.0,3.8498,12.9027,1.0,0.4931,6.897554071963333e+16,15.81,1.0,0.0,0.0,8.158060046820618e+29,0.0,1.0,1.0
A000892,"Number of switching networks with GL(n,2) acting on the domain and AG(2,2) acting on the range.",Слишком короткий ряд,Skip,,,,,,,,,,,,,,,,
A000893,"Number of switching networks with GL(n,2) acting on the domain and AG(3,2) acting on the range.",Слишком короткий ряд,Skip,,,,,,,,,,,,,,,,
A000894,a(n) = (2*n)!*(2*n+1)! / ((n+1)! * n!^3).,Строгий кристаллический тренд,Успешно,4.0875,-0.0,0.0,3.7231,11.9311,1.0,0.4898,8.702660543855227e+16,14.94,1.0,0.0,0.0,6.394550850790735e+29,0.0,1.0,1.0
A000895,"Number of switching networks with AG(n,2) acting on the domain and AG(2,2) acting on the range.",Слишком короткий ряд,Skip,,,,,,,,,,,,,,,,
A000896,"Number of switching networks with AG(n,2) acting on the domain and AG(3,2) acting on the range.",Слишком короткий ряд,Skip,,,,,,,,,,,,,,,,
A000897,a(n) = (4*n)! / ((2*n)!*n!^2).,Строгий кристаллический тренд,Успешно,4.0,-0.0,0.0,3.6131,11.0589,1.0,0.4883,2.4306637577985017e+24,14.75,1.0,0.0,0.0,3.6177064502369396e+43,0.0,1.0,1.0
A000898,a(n) = 2*(a(n-1) + (n-1)*a(n-2)) for n >= 2 with a(0) = 1.,Строгий кристаллический тренд,Успешно,4.7004,-0.0,0.0,4.6896,20.3092,1.0,0.5163,3.059633219403133e+17,21.9,0.9997,0.0003,0.0,1.5941349936599806e+32,0.0,1.0,1.0
A000899,Number of solutions to the rook problem on an n X n board having a certain symmetry group (see Robinson for details).,Строгий кристаллический тренд,Успешно,4.3868,-0.0,0.0,4.5746,18.9674,1.0,0.493,6.721947786905386e+21,22.04,0.9999,0.0001,0.0,2.1752514198787074e+40,0.0,1.0,1.0
A000900,Number of solutions to the rook problem on an n X n board having a certain symmetry group (see Robinson for details).,Строгий кристаллический тренд,Успешно,4.694,-0.0,0.0,4.8827,22.4447,1.0,0.5285,709717188255472.9,23.14,0.9995,0.0005,0.0,1.641950212676271e+27,0.0,1.0,1.0
A000901,Number of solutions to the rook problem on a 2n X 2n board having a certain symmetry group (see Robinson for details).,Успешно,Строгий кристаллический тренд,4.2971,-0.0,0.0,4.2446,16.0286,1.0,0.4919,2.6683490591783234e+24,19.52,1.0,0.0,0.0,1.1321741463328608e+45,0.0,1.0,1.0
A000902,Expansion of e.g.f. (1/2)*(exp(2*x + x^2) + 1).,Успешно,Строгий кристаллический тренд,4.4366,-0.0,0.0,4.3613,17.3313,1.0,0.5163,350190511763019.8,19.11,0.9996,0.0004,0.0,2.374263049053873e+26,0.0,1.0,1.0
A000903,Number of inequivalent ways of placing n nonattacking rooks on n X n board up to rotations and reflections of the board.,Успешно,Строгий кристаллический тренд,4.3868,-0.0,0.0,4.5735,18.9606,1.0,0.493,2.800762713694399e+20,22.0,0.9999,0.0001,0.0,4.301447950455849e+37,0.0,1.0,1.0
A000904,"a(n) = (n+1)*a(n-1) + (n+2)*a(n-2) + a(n-3); a(1)=0, a(2)=3, a(3)=13.",Успешно,Строгий кристаллический тренд,4.3923,-0.0,0.0,4.2357,15.9789,1.0,0.4917,3.335401277931641e+20,19.13,0.9999,0.0001,0.0,5.348589445427479e+37,0.0,1.0,1.0
A000905,Hamilton numbers.,Skip,Слишком короткий ряд,,,,,,,,,,,,,,,,
A000906,Exponential generating function: 2*(1+3*x)/(1-2*x)^(7/2).,Успешно,Строгий кристаллический тренд,4.0875,-0.0,0.0,3.7455,12.041,1.0,0.4892,3.120936826327471e+20,15.57,1.0,0.0,0.0,1.845113135939589e+37,0.0,1.0,1.0
A000907,"Second-order reciprocal Stirling number (Fekete) a(n) = [[2n+2, n]]. The number of n-orbit permutations of a (2n+2)-set with at least 2 elements in each orbit. Also known as associated Stirling numbers of the first kind (e.g., Comtet).",Успешно,Строгий кристаллический тренд,4.0,-0.0,0.0,3.6109,11.0491,1.0,0.4882,1.748845578656295e+21,14.62,1.0,0.0,0.0,4.4056306277189006e+38,0.0,1.0,1.0
A000908,Atom-rooted polyenoids with n edges with symmetry class C_s.,Успешно,Строгий кристаллический тренд,4.6808,-0.0,0.0,4.444,18.7489,1.0,0.5498,3140405172863.52,19.15,0.9998,0.0002,0.0,7.099553659539558e+21,0.0,1.0,1.0
A000909,a(n) = (2*n)!*(2*n+1)! / n!^2.,Успешно,Строгий кристаллический тренд,3.8074,-0.0,0.0,3.3282,9.0769,1.0,0.486,1.7301620196213178e+34,13.0,1.0,0.0,0.0,2.781599606207557e+61,0.0,1.0,1.0
A000910,"a(n) = 5*binomial(n, 6).",Успешно,Строгий кристаллический тренд,4.8877,-0.0,0.0,2.0113,3.1239,0.9999,0.7253,3839311.83,6.0,0.988,0.0119,0.0001,146066687691.24,0.0,0.9999,1.0
A000911,a(n) = (2n+3)! /( n! * (n+1)! ).,Успешно,Строгий кристаллический тренд,4.5236,-0.0,0.0,4.1343,15.8374,1.0,0.5389,967427487873137.5,16.85,0.9998,0.0002,0.0,7.792027803907454e+26,0.0,1.0,1.0
A000912,Expansion of (sqrt(1-4x^2) - sqrt(1-4x))/(2x).,Успешно,Строгий кристаллический тренд,4.7549,0.2423,0.0,4.44,18.7191,1.0,0.5502,1785145892278.99,19.12,0.9998,0.0002,0.0,2.7695068698489924e+21,0.0,1.0,1.0
A000913,Number of bond-rooted polyenoids with n edges.,Успешно,Строгий кристаллический тренд,4.6439,-0.0,0.0,4.252,17.0118,1.0,0.5487,854320970884.88,17.68,0.9998,0.0002,0.0,4.9863453153907645e+20,0.0,1.0,1.0
A000914,"Stirling numbers of the first kind: s(n+2, n).",Успешно,Строгий кристаллический тренд,5.2479,-0.0,0.0,1.3569,0.6968,0.9999,0.7498,95419.68,3.73,0.9889,0.011,0.0001,61087962.11,0.0,0.9999,1.0
A000915,"Stirling numbers of first kind s(n+4, n).",Успешно,Строгий кристаллический тренд,4.8074,-0.0,0.0,2.1177,3.5993,0.9999,0.6925,503605428.64,6.33,0.9871,0.0128,0.0001,3908382964579735.0,0.0,0.9999,1.0
A000916,"a(2n) = n+2, a(2n-1) = smallest number requiring n+2 letters in English.",Успешно,Аномальный Сдвиг / Выброс,5.5216,1.763,0.0,4.9434,23.7471,-0.0622,0.5855,2219.08,12.14,0.4269,0.3402,0.2329,16764369.8,0.0009,-0.7826,2.0
A000917,a(n) = (2n+3)!/(n!*(n+2)!).,Успешно,Строгий кристаллический тренд,4.585,-0.0,0.0,4.2084,16.5298,1.0,0.5424,159856354955649.53,17.38,0.9999,0.0001,0.0,8.208430791534979e+24,0.0,1.0,1.0
A000918,a(n) = 2^n - 2.,Успешно,Строгий кристаллический тренд,5.2479,-0.0,0.0,4.2732,18.3501,1.0,0.6135,14518521744.37,18.5,1.0,0.0,0.0,7346421078.2,0.0,1.0,1.0
A000919,"a(n) = 4^n - C(4,3)*3^n + C(4,2)*2^n - C(4,1).",Успешно,Строгий кристаллический тренд,4.4537,-0.0,0.0,4.2933,17.3054,1.0,0.5447,114725829413366.34,18.01,1.0,0.0,0.0,1.5242388586686515e+24,0.0,1.0,1.0
A000920,"Differences of 0: 6!*Stirling2(n,6).",Успешно,Строгий кристаллический тренд,3.9317,-0.0,0.0,4.1935,16.0076,1.0,0.5233,1.243348422223281e+16,17.58,0.9999,0.0001,0.0,1.0773962343012823e+29,0.0,1.0,1.0
A000921,Primes p of the form 3k+1 such that Sum_{x=1..p} cos(2*Pi*x^3/p) > sqrt(p).,Успешно,Строгий кристаллический тренд,5.6724,-0.0,0.0,0.0561,-1.2585,0.9991,0.7915,530.86,2.74,0.9614,0.0239,0.0147,20745.37,0.0005,-0.0513,1.0
A000922,Primes p of the form 3k+1 such that -sqrt(p) < Sum_{x=1..p} cos(2*Pi*x^3/p) < sqrt(p).,Успешно,Строгий кристаллический тренд,5.5546,-0.0,0.0,-0.0155,-1.2741,0.9986,0.7848,912.84,2.76,0.9542,0.0262,0.0195,80327.79,0.0003,-0.25,1.0
A000923,Primes p of the form 3k+1 such that Sum_{x=1..p} cos(2*Pi*x^3/p) < -sqrt(p).,Успешно,Строгий кристаллический тренд,5.5236,-0.0,0.0,0.1108,-1.2376,0.9983,0.7822,1448.02,3.23,0.9502,0.0296,0.0202,224118.91,0.0002,-0.1366,1.0
A000924,"Class number of Q(sqrt(-n)), n squarefree.",Успешно,Сложная динамическая структура,3.16,2.4889,0.0,0.8429,0.3355,0.3001,0.7103,5.31,3.31,0.4243,0.2918,0.2839,62.35,0.0803,-0.4793,1.0
A000925,Number of ordered ways of writing n as a sum of 2 squares of nonnegative integers.,Успешно,Сложная динамическая структура,1.5084,2.1087,0.0,0.9244,-0.0456,-0.0207,0.4075,1.83,3.6,0.3967,0.3337,0.2696,4.33,0.2773,-0.3135,25.0
A000926,"Euler's ""numerus idoneus"" (or ""numeri idonei"", or idoneal, or suitable, or convenient numbers).",Успешно,Строгий кристаллический тренд,6.0224,-0.0,0.0,3.035,9.7723,0.9843,0.72,319.86,16.74,0.8774,0.0689,0.0537,36436.13,0.0004,0.2265,1.0
A000927,"""First factor"" (or relative class number) h- for cyclotomic field Q( exp(2 Pi / prime(n)) ).",Успешно,Строгий кристаллический тренд,4.6163,-0.0,0.0,5.9144,32.9961,0.9997,0.4963,1.4623554978140806e+26,36.23,0.9994,0.0005,0.0001,1.038804225021518e+50,0.0,0.9999,1.0
A000928,"Irregular primes: primes p such that at least one of the numerators of the Bernoulli numbers B_2, B_4, ..., B_{p-3} (A000367) is divisible by p.",Успешно,Строгий кристаллический тренд,6.0224,-0.0,0.0,-0.1648,-0.8592,0.998,0.7929,360.23,5.62,0.9498,0.0323,0.0178,14171.14,0.0006,-0.0059,1.0
A000929,Dimension of the n-th graded piece of the mod-2 Steenrod algebra A_2.,Успешно,Строгий кристаллический тренд,5.8145,-0.0,0.0,0.9876,-0.2082,0.9999,0.7908,115.14,3.09,0.9898,0.0061,0.0041,218.35,0.0021,0.9292,1.0
A000930,Narayana's cows sequence: a(0) = a(1) = a(2) = 1; thereafter a(n) = a(n-1) + a(n-3).,Успешно,Строгий кристаллический тренд,5.3514,-0.0,0.0,3.4434,11.8014,1.0,0.6688,1249710.42,13.66,1.0,0.0,0.0,432.08,0.0,1.0,1.0
A000931,"Padovan sequence (or Padovan numbers): a(n) = a(n-2) + a(n-3) with a(0) = 1, a(1) = a(2) = 0.",Успешно,Строгий кристаллический тренд,5.3473,0.4225,0.0,3.196,10.0703,1.0,0.6942,49795.45,12.5,1.0,0.0,0.0,124.37,0.0,1.0,1.0
A000932,a(n) = a(n-1) + n*a(n-2); a(0) = a(1) = 1.,Успешно,Строгий кристаллический тренд,4.6808,-0.0,0.0,4.6838,20.5167,1.0,0.5286,173759683193251.44,21.41,0.9994,0.0006,0.0,1.0179968600168874e+26,0.0,1.0,1.0
A000933,Genus of complete graph on n nodes.,Успешно,Строгий кристаллический тренд,5.8007,-0.0,0.0,0.6914,-0.797,1.0,0.7969,133.73,2.07,0.9908,0.0074,0.0018,119.18,0.002,0.9743,1.0
A000934,Chromatic number (or Heawood number) Chi(n) of surface of genus n.,Успешно,Строгий кристаллический тренд,4.5792,-0.0,0.0,-0.5936,-0.5108,0.9971,0.7945,9.65,7.39,0.9408,0.0334,0.0258,26.03,0.0228,-0.1217,1.0
A000935,Number of free planar polyenoids with 2n nodes and symmetry point group C_{2h}.,Skip,Слишком короткий ряд,,,,,,,,,,,,,,,,
A000936,Number of free planar polyenoids with n nodes and symmetry point group C_{2v}.,Успешно,Плоский Аттрактор (Петля/Узел),4.0219,1.585,0.0,3.1672,9.5219,0.8173,0.5954,1117.64,12.01,0.8283,0.1702,0.0014,938391.25,0.0001,-0.3229,1.0
A000937,Length of longest simple cycle without chords in the n-dimensional hypercube graph. Also called n-coil or closed n-snake-in-the-box problem.,Skip,Слишком короткий ряд,,,,,,,,,,,,,,,,
A000938,Number of collinear point-triples in an n X n grid.,Успешно,Строгий кристаллический тренд,5.1953,-0.0,0.0,1.4686,1.0426,0.9999,0.746,614861.87,4.06,0.9881,0.0113,0.0006,2701941006.85,0.0,0.9997,1.0
A000939,Number of inequivalent n-gons.,Успешно,Строгий кристаллический тренд,4.3868,-0.0,0.0,4.5723,18.9533,1.0,0.4935,4.667868943559675e+19,21.96,0.9999,0.0001,0.0,1.3585525678978218e+36,0.0,1.0,1.0
A000940,Number of n-gons with n vertices.,Успешно,Строгий кристаллический тренд,4.5236,-0.0,0.0,4.4638,17.9667,1.0,0.4926,5.620152730819296e+20,21.05,0.9999,0.0001,0.0,1.6532507808268399e+38,0.0,1.0,1.0
A000941,Number of free planar polyenoids with n nodes and symmetry point group C_s.,Успешно,Строгий кристаллический тренд,3.8269,-0.0,0.0,3.4677,10.9147,1.0,0.5579,2316904.04,12.32,0.9995,0.0004,0.0,7808315359.76,0.0,1.0,1.0
A000942,Number of free planar polyenoids with n nodes.,Успешно,Строгий кристаллический тренд,4.0842,-0.0,0.0,3.5801,11.7448,1.0,0.5589,7031219.5,13.02,0.9996,0.0004,0.0,66871209529.5,0.0,1.0,1.0
A000943,Number of combinatorial types of simplicial n-dimensional polytopes with n+3 nodes.,Успешно,Строгий кристаллический тренд,5.0875,-0.0,0.0,3.9357,15.3833,1.0,0.6174,216914616.1,16.05,0.9997,0.0003,0.0,42055965427455.03,0.0,1.0,1.0
A000944,Number of polyhedra (or 3-connected simple planar graphs) with n nodes.,Успешно,Строгий кристаллический тренд,3.9058,-0.0,0.0,3.8583,12.9465,1.0,0.4897,12608150884991.69,15.99,0.9999,0.0001,0.0,4.323019751389723e+22,0.0,1.0,1.0
A000945,"Euclid-Mullin sequence: a(1) = 2, a(n+1) is smallest prime factor of 1 + Product_{k=1..n} a(k).",Успешно,Аномальный Сдвиг / Выброс,5.4263,2.5269,0.0,6.3264,38.0238,-0.0244,0.4969,7.1181147194133925e+25,21.0,0.3375,0.3375,0.3249,2.071618392221049e+52,0.0001,-0.5,16.0
A000946,"Euclid-Mullin sequence: a(1) = 2, a(n+1) is the largest prime factor of 1 + Product_{k=1..n} a(k).",Skip,Слишком короткий ряд,,,,,,,,,,,,,,,,
A000947,Number of free nonplanar polyenoids with n nodes and symmetry point group C_{2v}.,Успешно,Строгий кристаллический тренд,3.7004,-0.0,0.0,1.6887,1.1819,0.8672,0.6152,1015.4,7.79,0.7969,0.2019,0.0011,696320.16,0.0002,-0.0073,1.0
A000948,Number of free nonplanar polyenoids with n nodes and symmetry point group C_s.,Успешно,Строгий кристаллический тренд,3.7004,-0.0,0.0,2.8469,6.6326,1.0,0.5344,4968983.68,8.83,0.9996,0.0004,0.0,29706819393.54,0.0,1.0,1.0
A000949,Number of forests with n nodes and height at most 2.,Успешно,Строгий кристаллический тренд,4.2971,-0.0,0.0,4.237,15.9862,1.0,0.4917,8.61489927322697e+19,19.18,0.9999,0.0001,0.0,3.174761254261673e+36,0.0,1.0,1.0
A000950,Number of forests with n nodes and height at most 3.,Успешно,Строгий кристаллический тренд,4.2479,-0.0,0.0,4.0002,14.0207,1.0,0.4906,2.3117180158860286e+20,17.42,0.9999,0.0001,0.0,1.442511645333182e+37,0.0,1.0,1.0
A000951,Number of forests with n nodes and height at most 4.,Успешно,Строгий кристаллический тренд,4.2479,-0.0,0.0,4.0019,14.0298,1.0,0.4907,1.811383420864427e+21,17.5,1.0,0.0,0.0,6.749606606900332e+38,0.0,1.0,1.0
A000952,Numbers k == 2 (mod 4) that are the orders of conference matrices.,Успешно,Строгий кристаллический тренд,4.0,-0.0,0.0,0.1218,-1.1318,0.9972,0.6949,31.47,1.5,0.9334,0.0372,0.0294,176.84,0.0085,-0.1414,1.0
A000953,Number of free nonplanar polyenoids with n nodes.,Успешно,Строгий кристаллический тренд,3.7004,-0.0,0.0,2.8467,6.6316,1.0,0.5344,4969968.97,8.83,0.9996,0.0004,0.0,30334549686.18,0.0,1.0,1.0
A000954,Conjecturally largest even integer which is an unordered sum of two primes in exactly n ways.,Успешно,Сложная динамическая структура,5.5236,1.9546,0.0,0.2346,-1.1913,0.9874,0.7861,1897.27,3.43,0.8831,0.0595,0.0573,1037389.22,0.0001,-0.5038,1.0
A000955,A sequence satisfying (a(2n+1) + 1)^3 = Sum_{k=1..2n+1} a(k)^3.,Skip,Слишком короткий ряд,,,,,,,,,,,,,,,,
A000956,A sequence satisfying (a(2n+1) + 1)^3 = Sum_{k=1..2n+1} a(k)^3.,Skip,Слишком короткий ряд,,,,,,,,,,,,,,,,
A000957,Fine's sequence (or Fine numbers): number of relations of valence >= 1 on an n-set; also number of ordered rooted trees with n nodes having root of even degree.,Успешно,Строгий кристаллический тренд,4.8252,0.431,0.0,4.806,22.2311,1.0,0.5512,37732437668057.88,22.11,0.9999,0.0001,0.0,1.078821610983419e+24,0.0,1.0,1.0
A000958,Number of ordered rooted trees with n edges having root of odd degree.,Успешно,Строгий кристаллический тренд,4.7359,-0.0,0.0,4.5361,19.6111,1.0,0.5503,13812758714990.23,19.88,0.9998,0.0002,0.0,1.4651767233174847e+23,0.0,1.0,1.0
A000959,Lucky numbers.,Успешно,Строгий кристаллический тренд,5.8329,-0.0,0.0,0.1501,-1.2422,0.9993,0.7948,134.5,3.34,0.9677,0.0183,0.014,1199.47,0.002,-0.2177,1.0
A000960,"Flavius Josephus's sieve: Start with the natural numbers; at the k-th sieving step, remove every (k+1)-st term of the sequence remaining after the (k-1)-st sieving step; iterate.",Успешно,Строгий кристаллический тренд,5.6724,-0.0,0.0,0.6239,-0.8815,0.9994,0.786,886.2,2.82,0.9714,0.0145,0.0141,50664.87,0.0003,0.2387,1.0
A000961,"Powers of primes. Alternatively, 1 and the prime powers (p^k, p prime, k >= 1).",Успешно,Строгий кристаллический тренд,6.0,-0.0,0.0,0.3633,-1.1025,0.9994,0.8003,97.75,3.35,0.97,0.0181,0.0119,568.6,0.0026,0.1707,1.0
A000962,"The convergent sequence A_n for the ternary continued fraction (3,1;2,2) of period 2.",Успешно,Строгий кристаллический тренд,4.9232,0.2056,0.0,4.6741,21.5208,0.9913,0.5748,58428451210.36,21.66,0.9619,0.0381,0.0,7.705362635967791e+20,0.0,0.9538,1.0
A000963,"The convergent sequence B_n for the ternary continued fraction (3,1;2,2) of period 2.",Успешно,Строгий кристаллический тренд,4.9838,0.4096,0.0,4.6741,21.5208,0.9913,0.5748,190029550872.83,21.66,0.9619,0.0381,0.0,8.150544401238416e+21,0.0,0.9538,1.0
A000964,"The convergent sequence C_n for the ternary continued fraction (3,1;2,2) of period 2.",Успешно,Строгий кристаллический тренд,4.8252,-0.0,0.0,4.5124,19.9428,0.9913,0.5744,15621353720.44,20.31,0.9618,0.0382,0.0,5.2571433734200435e+19,0.0,0.9535,1.0
A000965,Numerators of expansion of e.g.f. sinh(x) / sin(x) (even powers only).,Успешно,Строгий кристаллический тренд,4.2479,-0.0,0.0,4.0069,14.0556,0.9566,0.4908,1.5302920671372566e+26,18.0,1.0,0.0,0.0,4.981318757587661e+48,0.0,0.9554,1.0
A000966,n! never ends in this many 0's.,Успешно,Строгий кристаллический тренд,5.8074,-0.0,0.0,-0.0061,-1.1751,0.9997,0.7907,117.47,1.18,0.9784,0.0132,0.0085,582.1,0.0021,-0.1045,1.0
A000967,Sum of Fermat coefficients.,Успешно,Строгий кристаллический тренд,4.9069,-0.0,0.0,4.2128,17.3325,1.0,0.5842,9809799929.71,17.55,0.9998,0.0002,0.0,8.776116107067635e+16,0.0,1.0,1.0
A000968,Sum of odd Fermat coefficients rounded to nearest integer.,Успешно,Строгий кристаллический тренд,4.8897,-0.0,0.0,4.2946,18.0749,1.0,0.5843,12066343722.4,18.17,0.9998,0.0002,0.0,1.2664798196218296e+17,0.0,1.0,1.0
A000969,Expansion of g.f. (1 + x + 2*x^2)/((1 - x)^2*(1 - x^3)).,Успешно,Строгий кристаллический тренд,5.7279,-0.0,0.0,0.6232,-0.8759,1.0,0.7877,821.37,1.93,0.993,0.0068,0.0002,2119.82,0.0003,0.9997,1.0
A000970,Fermat coefficients.,Успешно,Строгий кристаллический тренд,5.2095,-0.0,0.0,1.3354,0.6348,0.9999,0.7486,97988.68,3.67,0.9888,0.0111,0.0001,66134408.21,0.0,0.9999,1.0
A000971,Fermat coefficients.,Успешно,Строгий кристаллический тренд,5.0875,-0.0,0.0,1.5887,1.451,0.9999,0.7327,766005.63,4.45,0.988,0.0119,0.0001,5251369978.85,0.0,0.9999,1.0
A000972,Fermat coefficients.,Успешно,Строгий кристаллический тренд,5.0444,-0.0,0.0,1.8081,2.2735,0.9999,0.7211,6138879.81,5.22,0.9879,0.012,0.0001,393087984655.84,0.0,0.9999,1.0
A000973,Fermat coefficients.,Успешно,Строгий кристаллический тренд,5.0,-0.0,0.0,2.0002,3.0788,0.9999,0.7096,41350950.69,5.93,0.9878,0.012,0.0001,20596210396053.09,0.0,0.9999,1.0
A000974,Conjecturally the number of even integers the sum of two primes in exactly n ways.,Успешно,Сложная динамическая структура,4.6824,2.5072,0.0,-0.674,0.1404,0.7584,0.7646,15.5,2.74,0.6048,0.2059,0.1893,616.25,0.015,-0.4252,1.0
A000975,"a(2n) = 2*a(2n-1), a(2n+1) = 2*a(2n)+1 (also a(n) is the n-th number without consecutive equal binary digits).",Успешно,Строгий кристаллический тренд,5.1293,-0.0,0.0,4.0761,16.5586,1.0,0.6133,1299783975.82,17.0,1.0,0.0,0.0,368929216.08,0.0,1.0,1.0
A000976,Period of 1/n! in base 10.,Успешно,Плоский Аттрактор (Петля/Узел),4.0289,-0.0,0.0,5.4648,27.9209,0.7117,0.4953,4351688103179.52,31.03,0.9694,0.0292,0.0015,4.838819372210479e+24,0.0,-0.0384,1.0
A000977,Numbers that are divisible by at least three different primes.,Успешно,Строгий кристаллический тренд,5.7549,-0.0,0.0,-0.296,-1.0061,0.9993,0.7869,100.27,3.74,0.9655,0.0216,0.0129,867.46,0.0024,0.2109,1.0
A000978,Wagstaff numbers: numbers k such that (2^k + 1)/3 is prime.,Успешно,Строгий кристаллический тренд,5.3576,-0.0,0.0,5.5728,30.7986,0.9551,0.5617,292218.08,30.21,0.8883,0.0941,0.0176,32510928546.54,0.0,0.9753,1.0
A000979,Wagstaff primes: primes of form (2^p + 1)/3.,Успешно,Строгий кристаллический тренд,3.9069,-0.0,0.0,3.4744,10.0714,1.0,0.4873,8.855489210809059e+48,14.0,1.0,0.0,0.0,4.391254161979178e+78,0.0,1.0,1.0
A000980,"Number of ways of writing 0 as Sum_{k=-n..n} e(k)*k, where e(k) is 0 or 1.",Успешно,Строгий кристаллический тренд,4.7549,-0.0,0.0,4.4399,18.7178,1.0,0.5502,6219116575425.49,19.12,0.9998,0.0002,0.0,3.388778291455268e+22,0.0,1.0,1.0
A000981,Numbers beginning with letter 'n' in English.,Успешно,Строгий кристаллический тренд,5.4263,-0.0,0.0,-0.99,-1.0076,0.9462,0.7865,565.71,36.53,0.7629,0.1482,0.0889,46772.21,0.0006,-0.0288,1.0
A000982,a(n) = ceiling(n^2/2).,Успешно,Строгий кристаллический тренд,5.7549,-0.0,0.0,0.6483,-0.8478,1.0,0.7886,612.2,2.0,0.9922,0.0073,0.0006,1299.2,0.0004,0.9978,1.0
A000983,Size of minimal binary covering code of length n and covering radius 1.,Skip,Слишком короткий ряд,,,,,,,,,,,,,,,,
A000984,"Central binomial coefficients: binomial(2*n,n) = (2*n)!/(n!)^2.",Успешно,Строгий кристаллический тренд,4.8074,-0.0,0.0,4.5646,19.8283,1.0,0.5479,180376271726744.7,20.12,0.9999,0.0001,0.0,8.715699276175477e+24,0.0,1.0,1.0
A000985,Number of n X n symmetric matrices with nonnegative entries and all row sums 2.,Успешно,Строгий кристаллический тренд,4.3685,-0.0,0.0,4.3522,16.9783,1.0,0.4922,1.90674146389723e+20,20.12,0.9999,0.0001,0.0,1.7562354384162468e+37,0.0,1.0,1.0
A000986,"Number of n X n symmetric matrices with (0,1) entries and all row sums 2.",Успешно,Строгий кристаллический тренд,4.3685,0.2864,0.0,4.3521,16.9777,1.0,0.4922,5.393561797683998e+19,20.12,0.9999,0.0001,0.0,1.4258585389264728e+36,0.0,1.0,1.0
A000987,Number of stochastic matrices of integers.,Успешно,Строгий кристаллический тренд,4.4366,-0.0,0.0,4.4642,17.9693,1.0,0.4926,5.1805046864989045e+19,21.06,0.9999,0.0001,0.0,1.4469292669928846e+36,0.0,1.0,1.0
A000988,Number of one-sided polyominoes with n cells.,Успешно,Строгий кристаллический тренд,4.8008,-0.0,0.0,4.8348,22.4641,1.0,0.5489,398711152060881.44,22.37,0.9999,0.0001,0.0,7.207618551982634e+25,0.0,1.0,1.0
A000989,"3-adic valuation of binomial(2*n, n): largest k such that 3^k divides binomial(2*n, n).",Успешно,Сложная динамическая структура,2.2428,1.8818,0.0,0.1745,-0.9714,0.4362,0.7182,2.01,4.21,0.4565,0.295,0.2485,6.69,0.1857,-0.3641,9.0
A000990,Number of plane partitions of n with at most two rows.,Успешно,Строгий кристаллический тренд,5.3798,-0.0,0.0,2.6232,6.333,1.0,0.7047,708579.4,9.07,0.9958,0.0041,0.0001,2331569309.75,0.0,1.0,1.0
A000991,Number of 3-line partitions of n.,Успешно,Строгий кристаллический тренд,5.3447,-0.0,0.0,2.86,7.7557,1.0,0.6917,3964162.91,10.24,0.9961,0.0039,0.0,82588473045.27,0.0,1.0,1.0
A000992,"""Half-Catalan numbers"": a(n) = Sum_{k=1..floor(n/2)} a(k)*a(n-k) with a(1) = 1.",Успешно,Строгий кристаллический тренд,4.9476,-0.0,0.0,4.4135,19.3104,1.0,0.5917,5034402539.42,19.21,0.9982,0.0017,0.0002,2.2479537511608294e+17,0.0,0.9999,1.0
A000993,Number of distinct quadratic residues mod 10^n; also number of distinct n-digit endings of base-10 squares.,Успешно,Строгий кристаллический тренд,4.3923,-0.0,0.0,4.1826,15.6732,1.0,0.5063,7.222232954509586e+17,18.0,1.0,0.0,0.0,1.0172622080247271e+29,0.0,1.0,1.0
A000994,Shifts 2 places left under binomial transform.,Успешно,Строгий кристаллический тренд,4.694,0.2285,0.0,4.9474,22.9284,1.0,0.5222,1094019342845391.5,23.96,0.9994,0.0006,0.0,4.1354925467683885e+27,0.0,1.0,1.0
A000995,Shifts left two terms under the binomial transform.,Успешно,Строгий кристаллический тренд,4.6067,0.4822,0.0,4.7378,20.9051,1.0,0.5232,20535751132946.58,22.05,0.9993,0.0007,0.0,1.6167353727383815e+24,0.0,1.0,1.0
A000996,Shifts 3 places left under binomial transform.,Успешно,Строгий кристаллический тренд,4.6316,0.2164,0.0,5.0497,24.1832,1.0,0.5304,24270301811262.04,24.58,0.9992,0.0008,0.0,2.9728954710112145e+24,0.0,1.0,1.0
A000997,From a differential equation.,Успешно,Строгий кристаллический тренд,4.7363,0.431,0.0,5.0489,24.1772,1.0,0.5304,23214875917661.4,24.57,0.9992,0.0008,0.0,2.7813781320437617e+24,0.0,1.0,1.0
A000998,From a differential equation.,Успешно,Строгий кристаллический тренд,4.7549,-0.0,0.0,4.6818,20.5029,1.0,0.5288,114853829358634.38,21.39,0.9993,0.0007,0.0,5.4191018268961045e+25,0.0,1.0,1.0
A000999,"5-adic valuation of binomial(2*n,n): largest k such that 5^k divides binomial(2*n, n).",Успешно,Аномальный Сдвиг / Выброс,1.8223,1.371,3.0,0.3853,-0.7784,0.6034,0.6939,1.46,6.29,0.5015,0.3207,0.1778,2.32,0.4082,-0.0002,17.0
A001000,"a(n) = least m such that if a/b < c/d where a,b,c,d are integers in [0,n], then a/b < k/m < c/d for some integer k.",Успешно,Строгий кристаллический тренд,5.7279,-0.0,0.0,0.6984,-0.7842,0.9998,0.7868,917.98,2.24,0.9828,0.0113,0.0058,18870.07,0.0003,0.8265,1.0
