ID;Последовательность;Показатель_Херста;Энтропия_Мозаики;Тип_Шума
HAT_SHIMMER_1;1.0036, 0.0064, 1.0112, 0.9963, 0.0082, 1.0065, 0.0003, 1.0043, 0.0118, 1.0098, 0.998, -0.0061, 0.9952, -0.0029, 0.9862, 0.9936, 0.0189, 0.9919, 0.0052, 1.0074, 0.9948, 0.0025, 1.0214, -0.0029, 1.0036, 0.0029, 1.0025, 1.0131, 0.0059, 1.0058, 0.0047, 1.0069, 1.0038, -0.0079, 1.0009, -0.0025, 0.9975, -0.0078, 1.0177, 0.9934, 0.0015, 0.9856, 0.0035, 0.9988, 1.0067, -0.0033, 1.0125, -0.0018, 1.0025, -0.0095, 0.9945, 1.0026, 0.0029, 0.9894, -0.0103, 0.9905, 0.9976, 0.0058, 0.9999, 0.0038, 0.9892, 1.0058, -0.0032, 1.0067, 0.0023, 0.9961, 0.016, 0.9996, 0.9941, -0.0038, 0.9888, -0.0051, 1.0074, 1.0093, 0.0073, 0.9791, -0.0051, 0.9898, 0.0095, 0.9968, 1.009, -0.003, 1.0122, 0.0082, 0.9978, 0.9968, -0.0023, 0.9964, 0.0022, 0.9884, 0.9806, 0.0053, 0.9995, -0.002, 0.9974, -0.0026, 0.9939, 1.0109, 0.0109, 0.986;"=""0.2108""";"=""2.4864""";Апериодический Шум Шляпы (Зеркальный квазикристалл)
HAT_SHIMMER_2;1.0063, -0.0021, 1.0008, 0.9983, 0.9839, 1.0033, -0.0004, 1.0027, -0.0197, 1.0171, 1.0201, -0.0019, 1.019, -0.0253, 1.0205, 0.9965, -0.0031, 1.0002, -0.0004, 0.9894, 0.9964, 0.0194, 1.0108, 0.0031, 0.9998, 0.0244, 0.9985, 0.988, 0.0169, 0.9802, 0.0093, 0.9979, 1.0072, 0.0178, 1.0033, 0.0063, 1.0115, 0.0002, 0.997, 0.9917, 0.0107, 1.0164, 0.0157, 0.9848, 1.0121, -0.0168, 0.9984, 0.0055, 1.0163, -0.0246, 1.0248, 0.9636, 0.0052, 0.9956, -0.0051, 0.9865, 1.0126, -0.0008, 0.9996, 0.0055, 1.0083, 1.0024, -0.0062, 0.9893, -0.0081, 0.99, 0.0039, 1.0073, 0.9942, -0.0201, 1.0105, 0.0048, 0.0056, 1.0125, -0.0063, 0.9875, -0.0121, 1.0011, 0.0034, 1.0059, 1.0031, -0.0048, 1.0033, 0.012, 0.9988, 0.9928, 1.0095, 1.007, -0.0199, 0.9912, 0.9967, -0.0027, 1.0003, -0.012, 1.0075, 0.0158, 1.0096, 0.9813, -0.0021, 1.0095;"=""0.3781""";"=""2.4829""";Апериодический Шум Шляпы (Зеркальный квазикристалл)
HAT_SHIMMER_3;1.0072, 0.0101, 0.9926, 1.0222, -0.0068, 0.9993, -0.0016, 1.0, -0.0074, 1.0004, 1.0025, 0.0175, 1.0002, 0.0177, 0.9957, 1.0005, 0.0018, 1.0034, -0.0001, 1.0109, 0.9884, 0.0054, 1.0096, -0.016, 0.9995, 0.016, 1.0131, 0.9918, 0.0263, 1.0062, 0.008, 1.0002, 0.9812, -0.0005, 0.987, -0.0001, 1.0105, 0.0035, 1.0052, 1.0045, 0.0098, 0.9925, -0.0142, 1.0226, 1.0008, 0.0008, 1.0103, 0.0019, 1.0022, 0.0074, 1.0027, 1.0029, -0.0052, 0.9953, 0.0264, 0.9923, 0.985, 0.0035, 1.0097, -0.0019, 1.0029, 0.9939, -0.0041, 1.0004, -0.014, 1.0187, 0.0086, 0.9907, 1.0068, -0.0024, 0.9939, -0.0066, 0.9892, 0.9744, 0.0009, 0.9871, 0.0122, 1.0036, 0.0069, 1.0004, 1.0265, -0.0105, 0.9939, 0.0013, 1.0272, 0.9826, -0.0056, 1.0064, -0.0052, 0.9976, 1.0089, -0.006, 1.0047, -0.0032, 0.993, 0.0141, 0.9916, 0.9885, 0.0024, 0.9907;"=""0.2074""";"=""2.4761""";Апериодический Шум Шляпы (Зеркальный квазикристалл)
HAT_SHIMMER_4;1.0148, -0.0166, 0.9878, 0.9907, -0.0051, 1.0164, 0.0153, 1.0256, 0.0085, 0.9996, 1.0029, 0.0093, 1.0279, 0.0336, 1.0137, 1.002, 0.0057, 0.9979, 0.0094, 0.9807, 0.0001, 0.9909, 1.0049, -0.0114, 1.0061, -0.0071, 0.9986, 1.0099, 0.0167, 1.011, -0.0042, 1.002, 1.0022, -0.0066, 0.997, 0.0038, 0.9844, -0.0007, 0.9996, 1.0039, -0.0057, 0.9931, -0.0082, 1.0147, 0.99, -0.0206, 0.9904, 0.0115, 1.0072, -0.0077, 0.9896, 1.0019, 0.0018, 0.9775, 0.0148, 1.0174, 0.991, 0.0001, 0.9814, 0.0178, 1.0086, 1.0049, -0.0009, 1.0164, -0.001, 1.0035, 0.0007, 0.9981, 0.9984, 0.0097, 1.0103, -0.0022, 1.0014, 0.9999, 0.0099, 1.0092, 0.038, 0.9877, 0.0024, 1.0108, 0.988, 0.001, 0.9754, 0.0035, 1.0047, 0.9944, 0.0224, 0.9933, 0.0094, 1.0077, 0.9766, 0.0251, 0.9894, 0.0055, 1.0061, 0.0054, 1.0127, 1.0012, 0.0062, 1.0135;"=""0.2143""";"=""2.49""";Апериодический Шум Шляпы (Зеркальный квазикристалл)
HAT_SHIMMER_5;1.0082, 0.0016, 0.9993, -0.0059, -0.0292, 1.0101, 0.0008, 1.0028, 0.0001, 1.0103, 0.9966, 0.0015, 0.9819, -0.0145, 1.0179, 1.0234, 0.0011, 1.0113, 0.0139, 0.9972, 1.005, 0.0013, 1.0197, -0.0004, 0.9966, 0.0003, 1.0095, 1.007, -0.013, 0.9959, -0.0024, 1.0024, 1.0055, 0.9926, 0.9968, 0.0041, 1.0032, 0.0002, 1.0007, 1.0246, 0.0026, 1.0, -0.0013, 1.0073, 1.0068, -0.0036, 1.0017, -0.005, 0.9979, -0.003, 1.0101, 1.002, -0.0114, 0.9878, 0.9993, 1.0072, 1.0002, -0.0005, 0.9971, 0.0117, 0.9909, 0.997, 0.003, 1.0069, 0.025, -0.008, 1.0171, 0.9983, 1.0063, 0.0054, 0.9901, 0.0118, 0.9986, 0.9994, -0.0066, 0.9966, 0.0016, 1.0006, -0.0027, 0.9998, 1.0083, 0.0106, 1.0191, -0.0122, 0.9955, -0.0202, -0.0073, 1.0004, 1.0059, 1.0039, 1.0059, -0.0148, 0.9942, 0.0024, 1.0024, -0.0132, 1.0015, 1.0029, 0.0015, 0.9905;"=""0.3444""";"=""2.4892""";Апериодический Шум Шляпы (Зеркальный квазикристалл)
HAT_SHIMMER_6;1.0073, 0.0097, 1.0036, 1.0214, 0.0097, 1.0081, -0.0013, 1.0184, -0.0043, 0.999, 0.994, -0.0062, 0.9878, 0.014, 0.995, 0.9771, -0.0141, 0.9943, -0.0282, 1.0135, 1.0162, 0.0038, 1.0048, -0.0051, 1.0173, -0.0047, 1.0172, 1.0062, -0.0024, 0.977, -0.0075, 1.0051, 0.9911, 0.0112, 0.9933, 0.0185, 0.9927, -0.0032, 1.0064, 0.9926, 0.0044, 0.9968, 0.0029, 0.9931, 1.0095, 0.0078, 0.9943, 0.9975, 1.0051, 0.0063, 1.0152, 0.9966, 0.0077, 0.9996, 0.0113, 0.016, 0.9878, 0.0081, -0.0007, 0.0032, 1.0161, 0.0024, -0.001, -0.008, -0.0059, 1.0147, -0.0091, 0.9856, 1.0175, -0.0109, 0.987, -0.0023, 1.0078, 0.9988, 0.0071, 0.9977, -0.0021, 0.9925, 0.0039, 1.0107, 0.993, 0.019, 1.0131, 0.0011, 1.007, 0.991, -0.0023, 0.9932, -0.0222, 1.0031, 1.0143, -0.0169, 0.9826, 0.0115, 1.0168, 0.0033, 0.9981, 1.0067, -0.0073, 1.0096;"=""0.4722""";"=""2.5452""";Апериодический Шум Шляпы (Зеркальный квазикристалл)
HAT_SHIMMER_7;1.0149, -0.0025, 0.9877, 0.9929, -0.0107, 1.0071, 0.0092, 0.9927, -0.0125, 0.9895, 0.9889, 0.0021, 1.0044, -0.0099, 0.9885, 0.9825, -0.004, 1.0079, 0.0111, 0.9958, 1.0244, 1.0206, 0.9884, 0.0037, 0.996, -0.0055, 1.0103, 0.9943, 0.0041, 0.9833, -0.014, 0.9959, 0.9859, -0.0042, 0.9915, 0.011, 1.0084, 0.0, -0.0008, 1.0027, 0.004, 1.011, 0.0082, 1.0041, 1.0255, -0.0057, 0.999, 0.003, 1.0102, 0.993, 0.9974, 0.9936, 0.0019, 0.9938, 0.0022, 1.0103, 0.9959, -0.0175, 1.0281, -0.0009, 1.0161, 0.9963, 0.0119, 0.9925, -0.005, 1.0068, -0.0048, 0.9877, 0.9998, -0.0033, 1.0051, 0.0092, 0.9889, 0.992, -0.0034, 0.991, 0.0002, 0.9896, 0.009, 0.997, 1.0072, -0.0024, 1.0087, -0.0148, 0.9956, 1.0055, -0.0177, 1.0001, 0.0062, 1.0112, 1.0052, 0.0076, 0.9933, -0.0124, 1.0125, -0.0163, 0.9988, 1.0062, 0.0053, 1.0227;"=""0.3062""";"=""2.502""";Апериодический Шум Шляпы (Зеркальный квазикристалл)
HAT_SHIMMER_8;0.9768, 0.0009, 1.0153, 0.9985, -0.0068, 1.0019, -0.0113, 1.02, -0.0103, 0.9899, 0.9954, 0.004, 1.0, -0.0019, 0.9973, 0.9926, -0.0002, 1.002, -0.0233, 1.0122, 0.99, -0.0118, 0.9936, 0.0, 1.0016, 0.0021, 0.9867, 0.9845, -0.0015, 0.9887, 0.0056, 0.9928, 1.0011, 0.006, 0.9955, -0.0205, 0.9888, -0.0052, 1.0075, 1.0011, 0.0123, 1.0128, 0.0147, 0.9944, 1.0011, -0.0221, 0.9952, 0.0073, 1.0184, 0.0055, 1.0045, 0.9818, -0.0062, 0.9916, 0.0107, 0.9934, 1.0097, 0.0184, 0.9971, -0.0054, 1.0021, 1.0121, 0.0006, 1.0039, -0.0072, 1.0181, 0.0142, 1.0072, 1.0029, 0.0153, 0.9867, -0.0097, 1.0081, 0.9932, -0.003, 1.0011, -0.0122, 0.9829, -0.0019, 1.0097, 1.0043, 0.0238, 1.0165, 0.0149, 0.9792, 1.023, -0.0013, 0.9888, 0.0021, 0.9985, 1.0029, -0.0113, 1.0096, -0.0035, 1.0008, 0.0014, 0.9982, 0.9816, -0.01, 0.9966;"=""0.2083""";"=""2.4726""";Апериодический Шум Шляпы (Зеркальный квазикристалл)
HAT_SHIMMER_9;1.0021, -0.0079, 1.0185, 1.0039, 0.0105, 1.0061, 0.0084, 1.0131, 0.0044, 1.0169, 1.0004, -0.0006, 0.999, 0.0095, 0.9948, 0.9866, 0.0081, 0.9909, 0.0019, 1.0152, 1.0048, 0.018, 0.9891, -0.003, 1.0062, 0.006, 0.9929, 1.0051, -0.0005, 1.0044, -0.0002, 0.0242, 1.0015, 0.012, 1.0072, -0.0004, 1.0168, -0.0054, 1.0119, 0.9884, 0.0012, 0.9934, 0.0088, 1.0032, 0.9842, -0.0089, 0.99, -0.0054, 1.0026, -0.0079, 1.0018, 1.008, 0.0, 1.0104, -0.0087, 1.0296, 1.0285, 0.0195, 0.9978, -0.0159, 1.0011, 1.0059, 0.0112, 1.002, 0.0095, 1.0008, 0.0025, 0.9896, 0.9919, -0.0086, 1.0061, -0.0129, 1.0053, 0.9929, -0.0233, 1.0116, -0.0133, 0.9988, 0.0019, 0.9984, 0.9955, -0.0082, 1.0159, 0.0151, 0.9906, 1.0036, 0.0016, 1.0106, 0.0084, 1.0088, 0.9983, -0.0115, 1.0049, -0.0086, 1.0063, 0.0003, 1.0033, 1.0113, 0.001, 1.0136;"=""0.2863""";"=""2.4829""";Апериодический Шум Шляпы (Зеркальный квазикристалл)
HAT_SHIMMER_10;1.005, -0.0129, 1.0167, 1.0015, 0.0114, 0.9931, 0.0035, 1.0133, -0.0142, 0.9986, 1.0054, -0.0038, 1.0014, -0.0018, 1.0045, 0.9952, 0.002, 0.9975, -0.0038, 1.0, 1.0219, -0.0102, 1.0248, 0.0005, 0.9874, -0.0039, 0.9953, 1.0197, -0.0122, 0.9958, -0.0218, 1.0089, 0.9931, 0.0107, 1.0204, -0.0049, 1.0023, 0.0113, 1.0076, 0.9999, 0.0014, 0.9947, -0.0204, 0.9918, 0.9884, -0.0009, 1.0016, -0.0067, 1.0234, -0.0061, 0.9958, 1.0031, -0.0014, 1.0089, 0.0085, 1.0226, 0.9886, 0.0132, 1.0072, -0.0045, 1.0007, 1.0066, -0.0015, 0.9869, 0.0068, 1.0017, 0.01, 0.9962, 0.9981, -0.0015, 1.0018, -0.0189, 1.0128, 1.0009, -0.004, 1.0004, -0.0013, 1.011, -0.0071, 1.0032, 0.9939, -0.0089, 1.0207, 0.012, 1.0068, 0.9906, 0.0091, 0.9978, 0.0004, 1.013, 1.0128, 0.0023, 1.0213, -0.0119, 1.0082, -0.0054, 0.9841, 1.0134, -0.0038, 1.0049;"=""0.2083""";"=""2.4836""";Апериодический Шум Шляпы (Зеркальный квазикристалл)
HAT_SHIMMER_11;1.01, -0.0075, 0.9902, 0.9888, 0.9964, 0.9938, 0.0101, 0.9939, 0.0053, 0.9912, 1.0072, -0.0005, 0.9937, 0.018, 0.9891, 1.0095, -0.0227, 0.0101, -0.0065, 0.9893, 0.9921, -0.0006, 1.0109, 0.9871, 0.9971, -0.0011, 0.9935, 1.0067, -0.0132, 1.0068, 0.0037, 1.0085, 0.9866, -0.0066, 1.0061, -0.0044, 0.9836, 0.0071, 0.9858, 0.9988, -0.0032, 0.9972, 0.0135, 1.01, 1.0025, 0.0096, 1.0158, 1.0025, 1.0038, 0.015, 0.998, 1.0035, 0.0274, 1.0187, -0.0085, 0.9884, 1.0037, 0.0196, 0.9892, -0.0125, 1.013, 1.0022, -0.0089, 0.9931, 0.0064, 1.0021, -0.0097, 0.9988, 1.0041, 0.0168, 1.0069, 0.0058, 1.0172, 1.0037, -0.0066, 0.9994, -0.0005, 0.9985, 0.0184, 0.9883, 1.0044, 0.0227, 0.9973, 0.0024, 1.0123, 1.0068, 0.0053, 1.0052, 0.0044, 0.9904, 0.0009, -0.0019, 1.0124, -0.0104, 1.01, -0.0139, 1.001, 0.9966, -0.0083, 0.0037;"=""0.365""";"=""2.482""";Апериодический Шум Шляпы (Зеркальный квазикристалл)
HAT_SHIMMER_12;0.9871, 0.0013, 0.9828, 1.0132, -0.0099, 1.0012, -0.0078, 1.0062, -0.003, 1.0073, -0.0096, -0.0036, 1.0049, 0.0056, 0.9989, 1.0011, -0.0008, 1.0112, -0.0058, 0.992, 0.9875, 0.0192, 1.0017, 0.0033, 0.9966, 0.0055, 0.9906, 0.9932, 0.0044, 0.9946, 0.0134, 1.0008, 1.0126, 0.0066, 0.9954, -0.0073, 1.0015, -0.0092, 1.0082, 1.0063, 0.0032, 1.008, 0.0067, 1.0004, 0.9967, -0.0055, 0.9992, -0.0059, 0.9955, -0.0187, 0.9845, 1.0055, 0.0114, 0.9943, -0.0196, 0.9926, 1.0187, 1.0063, 1.0026, -0.0063, 1.0055, 1.0055, 0.0028, 0.989, 0.0091, 1.0125, 0.0042, 1.0042, 1.0045, 0.0044, 0.973, 0.0056, 0.9969, 0.999, 0.0133, 0.9877, 0.0085, 0.9909, 0.0069, 0.981, 0.9896, 0.0134, 1.0099, -0.0051, 0.9993, 1.0111, 0.0125, 0.9898, -0.0036, 1.0083, 1.0191, -0.0065, 0.9994, 0.0039, 0.9913, 0.0036, 1.0125, 1.0095, 0.0077, 1.0056;"=""0.3223""";"=""2.4837""";Апериодический Шум Шляпы (Зеркальный квазикристалл)
HAT_SHIMMER_13;0.9905, 0.0076, 1.0022, 0.9936, -0.0106, 0.9887, 0.0021, 0.9942, 1.0044, 0.9894, 0.9989, -0.0008, 1.0089, 0.014, 0.9841, 1.0072, 0.9796, 0.9982, 0.0007, 0.0001, 0.9819, -0.0002, 0.9844, 0.0012, 0.9919, -0.0118, 1.0088, 1.002, -0.0155, 1.0056, -0.0025, 0.9945, 1.0017, 0.0188, 1.0147, 0.0077, 0.9814, 0.0084, 0.9994, 0.9973, -0.0055, 0.9923, -0.0164, 0.9993, 0.9804, -0.013, 0.9771, 0.0119, 1.0039, -0.0014, 1.0062, 0.985, -0.0002, 1.019, 0.0111, 0.991, 0.9953, -0.0043, 1.0126, -0.0008, 1.0018, 0.9915, -0.0155, 1.0209, 0.0038, 0.9985, 0.0153, 0.9976, 1.0026, -0.021, 1.0013, 0.0064, 1.0053, 1.0038, -0.0154, 1.0096, 0.008, 0.9929, 0.0123, 0.9982, 1.0036, -0.0143, 1.0126, 0.0261, 0.9862, 0.9928, 0.0039, 1.0049, 0.0044, 0.9782, 1.0037, 0.0056, 0.9884, 0.005, 1.0026, -0.0094, 1.0077, 1.0118, -0.0173, 0.9988;"=""0.3773""";"=""2.4841""";Апериодический Шум Шляпы (Зеркальный квазикристалл)
HAT_SHIMMER_14;0.9991, -0.0081, 0.9803, 0.9976, 0.009, 0.9876, 0.0037, 0.9973, 0.0086, 1.0232, 0.9892, -0.003, 1.0267, 0.0105, 0.9924, 0.983, 0.0099, 1.0062, 0.0138, 0.9793, 0.9934, -0.0103, 0.991, -0.012, 1.009, 0.0058, 1.0, 0.9901, 0.0006, 1.0029, 0.0268, 1.0014, 0.9897, -0.0076, 0.9815, -0.0036, 1.0046, -0.0248, 1.0269, 1.0061, 0.0189, 1.0003, -0.0104, 0.989, 1.0039, 0.0053, 0.9852, -0.0216, 0.9938, -0.0104, 1.0018, 1.0034, -0.0243, 1.0108, 0.0034, 0.9857, 1.0157, 0.003, 1.0042, -0.0094, 1.0081, 0.9931, 0.0033, 1.0062, 0.0109, 0.9981, -0.0027, 0.9926, 1.0036, -0.0028, 1.0248, -0.0075, 1.0094, 1.0106, 0.0074, 0.9752, -0.0055, 0.9994, 0.002, 0.9996, 0.9982, -0.0106, 0.9909, -0.0022, 0.9966, 1.0048, 0.0023, 0.9979, 0.0167, 1.0009, 0.9949, -0.0148, 1.0207, 0.027, -0.0145, -0.0065, 0.9995, 1.009, -0.0128, 1.0111;"=""0.2909""";"=""2.5135""";Апериодический Шум Шляпы (Зеркальный квазикристалл)
HAT_SHIMMER_15;0.9954, -0.0137, 1.0024, 1.0023, 0.0152, 1.0, -0.0129, 1.0009, -0.0106, 0.9984, 0.9836, -0.0021, 1.0144, -0.0112, 0.9836, 1.0094, 0.0204, 0.9985, -0.0016, 0.9985, 1.0138, -0.0133, 1.0037, -0.0156, 1.0037, -0.0051, 1.0159, 1.0003, -0.0039, 1.0036, 0.0062, 0.9826, 1.0249, -0.0022, 0.9965, 0.99, 1.0121, -0.0054, 1.0092, 1.0048, 0.0151, 1.0119, -0.0001, 0.9892, 0.9938, 0.0274, 1.0004, -0.005, 1.0055, 0.0126, 0.9991, 0.9987, 0.0084, 0.9866, -0.0027, -0.0011, 1.0185, 0.0094, 0.9886, -0.0027, 0.9962, 0.9864, 0.0025, 0.9972, -0.0124, 1.0043, 0.0191, 0.9892, 1.0118, -0.0012, 0.9872, 0.986, 1.0008, 1.01, 0.0007, 1.0111, -0.009, 0.9952, 0.0011, 1.0022, 1.0118, 0.0008, 0.9973, 0.007, 1.0033, 0.9806, -0.019, 1.0008, 0.0009, 0.9895, 1.0028, -0.001, 1.0004, 0.0096, 1.001, -0.0052, 1.0063, 0.9992, 0.0045, 1.0116;"=""0.323""";"=""2.4914""";Апериодический Шум Шляпы (Зеркальный квазикристалл)
HAT_SHIMMER_16;0.9873, 0.0168, 1.0006, 0.9994, -0.0051, 1.0082, 0.0009, 0.9778, 0.0087, 0.9999, 0.976, 0.0065, 1.0164, 0.0223, 0.9976, 1.008, 0.0104, 0.9826, -0.0103, 0.9949, 0.997, -0.0056, 1.0071, -0.0125, 0.9721, -0.003, 1.0046, 1.011, -0.0219, 0.9985, 0.0022, 1.0155, 1.01, 0.0118, 0.9848, 0.0065, 0.9959, 0.0033, 1.0008, 0.9741, -0.0098, 1.019, -0.0149, 0.9878, 0.9958, -0.0017, 0.9965, 0.0093, 1.001, 1.003, 1.0167, 1.0133, -0.0009, 1.0097, -0.0069, 1.001, 0.9996, 0.0016, 1.004, -0.0002, 0.9959, 0.9831, -0.0195, 1.005, 0.027, 0.9982, 0.0052, 1.0131, 1.0033, 0.0025, 1.008, 0.0013, 1.0107, 1.0055, 0.0072, 0.9971, -0.007, 0.9932, -0.0102, 1.0054, 1.0033, 0.0052, 0.9931, -0.0032, 1.0066, 0.9819, -0.0082, 1.0166, 0.0231, 1.0247, 0.9962, 0.0103, 0.9946, 0.0106, 1.0091, 0.0091, 0.9875, 1.001, 0.0242, 0.9845;"=""0.2617""";"=""2.4974""";Апериодический Шум Шляпы (Зеркальный квазикристалл)
HAT_SHIMMER_17;1.0153, -0.0015, 0.9922, 0.9841, -0.0088, 0.9767, -0.0019, 1.0023, 0.0, 0.9911, 1.0007, -0.0039, 1.0057, 0.0073, 1.013, 0.9895, 1.0126, 0.9968, -0.0123, 0.9907, 1.0236, -0.014, 0.992, 0.0202, 0.9917, 0.001, 1.0048, 1.0012, 0.0133, 1.0151, 0.0, 0.995, 1.0013, 0.019, 0.9937, 0.0027, 1.0015, 0.0033, 1.0024, 0.983, -0.0117, 1.0043, 0.0123, 1.0102, 1.001, -0.0105, 0.9974, -0.0024, 0.9995, 0.0038, 1.0146, 1.0079, 0.0228, 0.0127, 0.0098, 1.0033, 1.0064, -0.0027, 1.0096, -0.0077, 0.9785, 1.0134, -0.0081, 0.9943, 0.0045, 0.993, 0.0135, 1.0016, 1.0083, -0.0054, 0.0023, 0.0177, 0.9925, 1.0049, -0.0101, 1.0054, -0.0095, 0.9891, 0.9848, 1.0113, 1.0186, -0.0021, 0.9814, 0.0067, 0.9871, 0.997, -0.0009, 1.0204, -0.0121, 1.0024, 0.9975, -0.0162, 0.0054, -0.0089, 1.0169, -0.0142, 1.0127, 0.9981, -0.0094, 1.0005;"=""0.3601""";"=""2.5222""";Апериодический Шум Шляпы (Зеркальный квазикристалл)
HAT_SHIMMER_18;1.0017, 0.0059, 0.9884, 1.0025, -0.0294, 1.0269, 0.0017, 0.9955, -0.0058, 0.992, 0.9929, 0.0108, 0.9931, -0.0015, 0.9788, 0.9926, 0.0074, 1.0036, 0.0058, 0.994, 0.0232, 0.0068, 0.987, -0.0011, 0.9956, 0.0105, 1.0025, 0.9836, 0.0087, 0.9886, -0.0086, 0.0209, 0.9967, 0.0038, 0.9855, 0.0037, 0.9859, -0.0036, 0.9929, 1.002, -0.0099, 1.0076, -0.0064, 0.9927, 0.9936, -0.0287, 1.0032, -0.001, 0.9992, 0.0114, 1.0027, 0.9879, 0.0027, 1.0003, -0.0014, 0.9942, 0.986, -0.0019, 1.0112, -0.0132, 1.0056, 1.0004, -0.0049, 0.9982, -0.0061, 0.9868, 0.0086, 0.991, 1.0028, 0.0028, 0.9922, 0.0115, 0.9941, 0.9802, -0.003, 0.0056, 0.0032, 0.9852, -0.0091, 1.0088, 1.0061, 0.0089, 0.9996, -0.0025, 1.006, 0.9991, -0.0009, 1.0058, -0.0095, 0.997, 0.9937, 0.0078, 0.9914, -0.0042, 1.0129, 0.0033, 0.9822, 0.9895, 0.0097, 0.9889;"=""0.3329""";"=""2.4885""";Апериодический Шум Шляпы (Зеркальный квазикристалл)
HAT_SHIMMER_19;0.992, 0.0059, 1.0035, 0.9801, 0.0015, 0.9911, -0.0045, 1.0065, 0.0106, 0.9996, 1.0076, -0.0089, 1.0053, 0.0009, 0.9966, 0.9962, 0.0061, 1.0038, 0.0247, 1.0304, 1.0091, -0.0009, 0.9887, -0.006, 0.9812, 0.0113, -0.0031, 0.9866, 0.0182, 0.9975, -0.0078, 1.0013, 1.0051, -0.0042, 1.0029, 0.0075, 0.9747, 0.0234, 0.9939, 0.9986, -0.0114, 0.9894, -0.0032, 1.0236, 1.0101, -0.0034, 0.9858, 0.0228, 0.0099, 0.0016, 1.0057, 1.0017, 0.0192, 0.9973, 0.007, 1.0061, 1.012, -0.004, 0.9834, -0.0109, 1.0058, 1.0044, -0.0001, 0.99, 0.0043, 1.0035, -0.005, 0.9914, 0.9991, -0.0144, 1.0011, -0.0234, 0.9983, 0.9931, -0.0017, 0.9917, 0.0106, 1.023, -0.0056, 0.9981, 1.0073, -0.0012, 1.0003, 0.0118, 0.9841, 1.0234, -0.0042, 1.0098, -0.0054, 0.9943, 1.0106, -0.0141, 0.9758, -0.0365, 1.0038, -0.0035, 0.9865, 0.9878, -0.0009, 1.0064;"=""0.3541""";"=""2.512""";Апериодический Шум Шляпы (Зеркальный квазикристалл)
HAT_SHIMMER_20;0.9791, -0.003, 0.9995, 1.0166, -0.0021, 1.0173, 0.0078, 0.9957, -0.0019, 1.0053, 0.9913, -0.0126, 1.0024, -0.0039, 1.0106, 1.0031, -0.0086, 1.0073, -0.0049, 1.0127, 1.0096, 0.005, 1.0053, 0.0019, 1.0028, -0.0043, 1.0106, 0.996, 0.0062, 1.0118, -0.0024, 1.0194, 1.0039, 0.0031, -0.0144, 0.0047, 0.9914, -0.012, 1.0097, 0.9991, 0.0024, 0.9965, 0.0079, 0.9978, 1.0353, 0.0076, 1.0238, -0.0003, 1.0154, 0.0247, 1.0289, 1.0098, -0.0025, 0.9912, 0.0067, -0.0153, 1.0023, -0.0061, 0.9982, -0.0254, 0.9936, 1.0017, -0.0048, 1.0013, -0.0022, 0.9905, -0.0028, 0.9966, 1.0098, -0.0109, 0.9691, -0.0031, 0.9957, 0.9896, -0.0117, 1.0009, 0.0023, 1.0012, -0.0113, 1.0006, 1.0136, 0.011, 1.0057, -0.0029, 0.9976, 1.0171, -0.011, 0.9764, 0.004, 0.9824, 0.9987, 0.0075, 1.0138, -0.0097, 1.0115, -0.0006, 0.9996, 1.0108, -0.0104, 1.0018;"=""0.3369""";"=""2.5142""";Апериодический Шум Шляпы (Зеркальный квазикристалл)
HAT_SHIMMER_21;1.0059, 0.0154, 1.0097, 0.9878, -0.0065, 0.997, -0.0065, 1.0145, 0.0086, 1.0019, 0.9921, 0.0117, 0.9973, -0.0024, 1.0108, 0.9978, 0.0121, 0.9852, 0.005, 0.9923, 0.9871, -0.0204, 1.0034, -0.0014, 0.9843, 0.0183, 1.0011, 0.9913, 0.007, 0.9939, 0.0024, 1.0049, 0.9878, -0.0077, 1.0118, 0.0213, 0.9984, 0.0039, 1.0161, 1.0053, -0.0016, 0.9857, -0.0092, 1.0017, 0.9913, 0.0038, 0.9974, 0.0007, 0.9776, 0.0052, 0.9917, 0.9881, 0.006, -0.0113, -0.0169, 0.9989, 1.0136, 0.0055, 0.9948, -0.0014, 0.9977, 0.9917, 0.0124, 1.0059, -0.0, 0.9994, 0.012, 1.0095, 1.0117, 0.0053, 0.9894, -0.0046, 0.9991, 1.0149, -0.0092, 0.9967, -0.013, 0.9885, -0.0082, 1.0088, 1.0027, -0.0023, 0.9956, -0.0028, 0.9923, 1.0108, 0.0056, 1.0028, -0.0001, 0.9917, 0.9899, -0.0068, 0.983, 0.0023, 0.9936, -0.0011, 1.0008, 0.9901, 0.0096, 1.006;"=""0.2876""";"=""2.449""";Апериодический Шум Шляпы (Зеркальный квазикристалл)
HAT_SHIMMER_22;0.9991, -0.007, 0.989, 1.0039, 0.0112, 1.0024, 0.0033, 1.0029, -0.0073, 1.0082, 1.0239, -0.0152, 1.022, -0.0202, 0.9994, 1.0106, -0.0089, 1.0282, 0.0065, 1.0127, 1.0012, -0.0059, 0.9934, 0.0024, 0.9942, 0.0084, 1.0152, 1.0297, 0.0003, 1.021, 0.0066, 1.0053, 1.0139, 0.0019, 0.9877, 0.0058, 1.0122, -0.0082, 1.0048, 1.0103, 0.0117, 1.0049, -0.0081, 1.0051, 0.9998, -0.0073, 1.0026, -0.0029, 0.9789, -0.004, 0.9945, 1.0099, 0.0103, 1.0153, -0.0044, 0.0, 0.9833, -0.0138, 1.0044, 0.0023, 1.0099, 0.9926, 0.0051, 0.9968, 0.0131, 0.9943, 0.0154, 0.9875, 0.9948, 0.0058, 1.0064, -0.0085, 1.0059, 0.9988, 0.0072, 0.9904, -0.0151, 1.0035, 0.0002, 0.9977, 1.0052, -0.0002, 0.9888, 0.0017, 1.0074, 1.002, -0.0058, 0.9889, 0.0058, 1.0101, 0.9997, 0.0042, 1.0131, 0.0016, 1.0092, -0.0078, 1.0051, 0.9913, 0.0071, 1.0066;"=""0.2812""";"=""2.4857""";Апериодический Шум Шляпы (Зеркальный квазикристалл)
HAT_SHIMMER_23;1.0002, -0.0021, 1.0048, 1.0002, -0.0053, 1.0049, 0.0156, 0.998, 0.003, 0.9977, 0.9984, -0.0037, -0.0081, -0.0237, 1.0146, 0.9975, -0.0168, 0.9971, 0.0076, 0.9901, 0.9975, 0.0058, 0.9991, 0.0096, 0.9873, -0.0023, 1.0017, 0.9915, 0.002, 0.997, -0.008, 1.0151, 0.9904, -0.0019, 0.9814, 0.0145, 0.9905, 0.0071, 1.0006, 0.9937, 0.0126, 0.9948, -0.0042, 0.9983, 0.9989, 0.0123, 0.9778, -0.0004, 0.9927, 0.0118, 0.9881, 0.9893, 0.0014, 1.0068, -0.0037, 1.0032, 1.0076, 0.0154, 1.0066, 0.0106, 0.9916, 1.0186, 0.007, 1.0195, 0.0062, 1.0087, 0.0042, 0.9994, 1.0074, 0.0056, 0.9719, -0.0046, 1.0002, 0.9943, -0.0153, 1.0057, 0.0015, 0.9907, 0.0084, 0.9903, 0.9897, -0.0058, 1.025, -0.0183, 1.0264, 1.0048, 0.0154, 0.997, -0.0038, 0.9825, 0.9859, -0.0036, 0.0018, -0.0042, 1.0121, 0.0027, 0.9957, 1.015, -0.0015, 1.0084;"=""0.3145""";"=""2.5051""";Апериодический Шум Шляпы (Зеркальный квазикристалл)
HAT_SHIMMER_24;0.9981, -0.0008, 0.9934, 0.9995, -0.0037, 1.0025, 0.0008, 0.9844, 0.0151, 0.9912, 1.0102, -0.0056, 1.0026, -0.001, 0.9936, 1.0152, -0.003, -0.0171, 0.0012, 1.0071, 0.9911, -0.0112, 0.9913, 0.0035, 1.0132, -0.0014, 1.0024, 1.0082, 0.0045, 1.0078, 0.0143, 0.9953, 0.9967, -0.0119, 0.9839, -0.0035, 0.999, -0.0138, 1.012, 0.9843, -0.0133, 1.0089, -0.0025, 1.0011, 0.9981, 0.0066, 1.0093, -0.0082, 0.998, -0.0025, 1.0243, 0.9899, 0.0117, 1.0005, -0.0108, 1.0049, 0.9794, 0.0008, 1.0014, 0.0222, 0.9963, 0.9992, 0.0006, 1.0014, 0.0117, 0.99, -0.0054, 0.9922, 1.007, -0.0019, 0.9911, 0.0145, 1.0009, 0.9897, 0.0013, 1.0089, -0.0036, 1.0242, -0.0091, 1.0235, 1.0054, -0.013, 1.0104, 0.0099, 0.9937, 1.0067, 0.0074, 0.9911, 0.0086, 1.0069, -0.0184, -0.0017, 1.0077, 0.0053, 0.9861, 0.0135, 0.981, 1.0006, -0.0136, 0.9979;"=""0.2869""";"=""2.5073""";Апериодический Шум Шляпы (Зеркальный квазикристалл)
HAT_SHIMMER_25;0.9962, 0.0014, 1.0077, 1.0052, -0.0026, 1.0222, 0.0075, 0.9888, -0.0118, 0.9973, 1.0088, -0.0001, 0.9822, -0.0028, 0.9968, 0.9834, 0.0016, 1.0087, -0.0057, 0.9905, 1.0091, 0.0118, 1.0053, -0.0102, 0.9997, -0.008, 0.9852, 0.9944, 0.0078, 1.0219, 0.0046, 1.0052, 0.9948, 0.01, 1.0034, -0.0068, 0.9881, 0.0071, 1.0011, 0.9804, 0.0049, 0.9971, -0.0083, 0.9943, 0.9986, 0.0035, 0.9966, -0.0062, 0.9931, -0.0003, 0.9915, 1.0048, -0.0047, 0.9934, -0.0019, 1.0063, 1.0127, 0.0064, 0.9899, 0.014, 0.9898, 1.005, 0.0056, 1.0033, -0.0048, 0.9953, -0.007, 1.0017, 1.0003, -0.0075, 0.9954, 0.0051, 0.994, 0.9961, 0.006, 0.9994, -0.0004, 0.9943, 0.0014, 1.0236, 0.9836, 0.0149, 1.0051, 0.0077, 1.0139, 1.0114, 0.0071, 0.9938, -0.0126, 1.0039, 1.013, 0.003, 1.0021, 0.0098, 0.0118, 0.0168, 0.994, 0.999, 0.0007, 0.0018;"=""0.328""";"=""2.4846""";Апериодический Шум Шляпы (Зеркальный квазикристалл)
HAT_SHIMMER_26;1.0064, -0.0093, 1.001, 1.0095, 0.0055, 1.0034, 0.0023, 1.0123, -0.0004, 0.994, 0.9968, -0.0026, 1.0142, 0.0024, 0.9877, 1.0093, 0.0022, 0.9984, -0.0022, 0.9953, 1.0101, 0.0074, 0.9861, 0.003, 1.0133, 0.0055, 0.9805, 1.016, -0.0076, 0.988, 0.0044, 0.9919, 0.9962, -0.0063, 0.9847, -0.009, 1.0066, -0.0133, 1.0185, 1.0095, 0.004, 1.0025, 0.0168, 0.9957, 0.9864, 0.0034, 0.9987, -0.0002, 1.0094, 0.0106, 0.9949, 0.9984, -0.0035, 1.0002, -0.0035, 0.9972, 0.9854, -0.008, 0.9849, 0.0182, 0.983, 1.0018, -0.0112, 1.0073, 0.0011, 1.0039, 0.0029, 0.9889, 1.0106, 0.0089, 1.0132, 0.0015, 1.0037, 0.9955, -0.0026, 1.0142, 0.0121, 1.0012, 0.0029, 1.0023, 1.0026, 0.0017, 0.9977, 0.0053, 1.0147, 0.9896, -0.0028, 0.9905, -0.0059, 1.0117, 0.9754, 0.0007, 1.0012, 0.0005, 0.9861, -0.0014, 0.9949, 1.003, -0.0081, 0.9814;"=""0.2048""";"=""2.4699""";Апериодический Шум Шляпы (Зеркальный квазикристалл)
HAT_SHIMMER_27;1.0108, 0.0047, 0.9973, 0.9902, -0.0104, 0.9919, 0.0155, 1.013, -0.0005, 0.9795, 1.0013, 0.0057, 0.9956, -0.0011, 1.0041, 1.0084, -0.0059, 1.0021, 0.0109, 1.0078, 0.9947, 0.0031, 0.989, 0.0159, 1.0, 0.0171, 1.003, 1.0021, -0.0178, 0.9974, 0.0169, 0.9965, 0.999, -0.0087, 0.9998, 0.0183, 1.0145, 0.0008, 1.0006, 0.9817, 0.0187, 1.0019, -0.016, 0.9991, 1.0036, -0.0004, 0.9945, 0.026, 1.0075, -0.0202, 0.9889, 0.9966, 0.0134, 0.9979, 0.0081, 1.0171, 0.9864, 0.0013, 0.9853, -0.0005, 1.0132, 0.9953, 0.0026, 0.9784, 0.0005, 1.0023, 0.0189, 1.0011, 1.0033, -0.0049, 1.0065, 1.0118, 0.9948, 1.0021, -0.0083, 0.9974, -0.0134, 1.0013, 0.9899, 1.0142, 0.9926, -0.0038, 1.0126, -0.0104, 1.0016, 1.0005, 0.0108, 1.0031, 0.0238, 1.0013, 1.0065, 0.016, 0.992, -0.0001, 0.9893, -0.0229, 1.0013, 1.0017, 0.0076, 1.014;"=""0.3497""";"=""2.4885""";Апериодический Шум Шляпы (Зеркальный квазикристалл)
HAT_SHIMMER_28;1.0059, 0.0022, 1.0134, 0.9852, -0.009, 0.9859, 0.0079, 0.98, 0.9916, 1.0123, 0.991, -0.0095, 1.0239, 0.0043, 0.9885, 0.9923, -0.0087, 0.9929, -0.0015, 0.9931, 1.0046, -0.0112, 0.9873, 0.0078, -0.0176, -0.0023, 1.0256, 1.0019, 0.0002, 1.0, 0.0001, 0.9934, 0.9862, -0.0281, 1.0006, 0.0122, 1.0151, -0.0123, 0.9919, 0.9853, -0.0096, 0.9915, 0.0104, 0.9963, 0.9997, 0.0263, 1.0056, -0.0107, 0.9736, 0.0082, 1.0213, 1.0058, -0.0061, 1.0065, -0.0131, 1.006, 1.0197, -0.0039, 0.9985, -0.0036, 0.9954, 0.9938, -0.0234, 0.9972, 0.0196, 1.0004, 0.0039, 0.9992, 0.9913, -0.0173, 0.9875, 0.0062, 0.9907, 0.9891, -0.0081, 1.008, -0.0069, 1.0043, -0.0166, 0.9896, 0.9937, -0.0065, 0.993, -0.0111, 1.0063, 1.0042, 0.0032, 0.9998, 1.006, 0.9903, 1.0033, 0.0207, 1.0103, -0.0032, 1.0011, -0.0077, 0.9946, 0.9871, -0.0076, 0.9936;"=""0.3811""";"=""2.5288""";Апериодический Шум Шляпы (Зеркальный квазикристалл)
HAT_SHIMMER_29;0.9855, -0.0028, 0.9747, 1.0103, -0.0058, 1.0015, 0.0245, 0.9871, 0.0063, 0.9852, 1.0114, -0.0015, 1.0003, 0.0128, 0.9858, 0.9995, -0.0079, 0.9896, 0.0021, 0.98, 1.0034, -0.0114, 0.9823, -0.0006, 1.0053, -0.0094, 0.9961, 0.9883, -0.0108, 1.0009, 0.008, 1.0075, 0.9885, 0.0054, 0.9991, -0.0126, 1.0099, 0.0074, 0.9909, 0.0055, -0.0019, 0.9905, -0.0003, 1.0005, 0.9861, -0.0085, 1.0035, 0.0143, 0.996, -0.0031, 0.9936, 0.9903, 0.0127, 0.9849, -0.007, 1.0106, 0.9955, -0.0133, 1.003, -0.002, 1.0125, 0.9909, -0.0081, 1.003, -0.0012, 1.0, 0.0033, 1.0112, 0.9823, -0.0096, 1.0012, 0.0136, 1.0003, 0.9962, 0.0194, 0.9913, -0.0049, 0.9778, -0.0096, 1.0019, 0.9908, -0.012, 0.9996, -0.0061, 0.9999, 0.9951, -0.0024, 0.9926, 0.0102, 0.9816, 1.0083, 0.0248, 1.0041, 0.0048, 0.9967, 0.0016, 1.0136, 0.988, -0.0163, 0.9849;"=""0.2864""";"=""2.4471""";Апериодический Шум Шляпы (Зеркальный квазикристалл)
HAT_SHIMMER_30;0.998, 0.0198, 1.0039, 0.9985, -0.0024, 0.0141, 0.0151, 1.0073, 0.0111, 1.0031, 1.0103, 0.0016, 0.9918, 0.0052, 0.9971, 0.9849, -0.0081, 0.9928, 0.0172, 1.0043, 0.9887, 0.01, 0.9885, -0.0029, 1.0096, 0.007, 0.9949, 0.9846, -0.0037, 0.9955, -0.0003, 1.0123, 1.0026, -0.0059, 0.996, 0.0174, 0.9975, -0.0017, 1.003, 0.9771, 0.0019, 0.9942, 0.007, 1.0079, 1.0195, -0.0128, 1.0191, -0.005, 1.0019, 0.0068, 1.0042, 1.0, -0.0026, 1.0063, -0.0079, 0.9983, 1.0108, -0.0063, 1.01, -0.0123, 1.0009, 0.9951, 0.0026, 0.9948, -0.0217, 0.9876, -0.0007, 0.9911, 1.0052, -0.0154, 0.9939, 0.0142, 1.0182, 1.0024, 0.9914, 0.9718, -0.0028, 0.9802, 0.0024, 1.0036, 0.9922, 0.0011, 1.004, 0.002, 1.0051, 1.0112, 0.0043, 1.0023, 1.0061, 1.0064, 0.9935, 0.0165, 1.0002, -0.0157, 1.0043, 0.0037, 0.9985, 0.9906, 0.0137, 0.9784;"=""0.3792""";"=""2.5157""";Апериодический Шум Шляпы (Зеркальный квазикристалл)
HAT_SHIMMER_31;1.0134, -0.0095, 1.0159, 1.0042, 0.0011, 1.0155, -0.0072, 0.9983, 0.0055, 1.0161, -0.0027, 0.0128, 0.0197, -0.0006, 0.9953, 1.0055, 1.0189, 0.9962, 0.0045, 1.0127, 1.013, -0.0369, 0.9865, 0.0001, 1.0099, -0.0052, 0.9836, 1.0073, 0.0097, 1.0153, 0.0117, 0.9952, 1.0108, -0.009, 0.9887, 0.0178, 1.011, -0.0071, 0.9985, 0.9868, 0.0053, 1.0045, 0.006, 1.0025, 0.9892, 0.0161, 0.9949, -0.0025, 0.9942, -0.0002, 0.9904, 1.0025, 0.0098, 0.9908, 0.0086, 1.0056, 1.0002, -0.0044, 1.0048, -0.0135, 0.9976, 1.0092, -0.0087, 1.0015, 0.0171, 0.9981, 0.0078, 1.0063, 1.0162, 0.0155, 0.9929, 0.0009, 1.0158, 0.9825, 0.0018, 1.002, 0.0005, 1.0066, 0.0072, 1.0068, 1.0039, 0.0155, 0.9963, 0.0056, 0.9827, 1.0301, 0.0043, 0.9929, 0.0133, 0.995, -0.016, -0.0018, 1.0016, -0.008, 1.0016, 0.0048, 1.0092, 0.9812, -0.0277, 0.9827;"=""0.3902""";"=""2.5073""";Апериодический Шум Шляпы (Зеркальный квазикристалл)
HAT_SHIMMER_32;0.998, 0.0259, 0.9952, 1.002, -0.0138, 0.99, -0.006, 1.0015, 0.0112, 1.0007, 0.9917, -0.0019, 0.9963, 0.0117, 1.006, 1.0029, -0.0042, 1.0009, 1.0045, 0.9992, 0.9929, 0.0029, 0.9865, 0.0088, 0.9997, 0.009, 0.9959, 1.006, 0.003, 0.9986, -0.0013, 0.9986, 0.9947, -0.004, 0.9857, 0.0169, 0.9976, -0.0023, 1.0018, 1.0037, -0.0091, 1.0204, -0.0239, 1.0198, 1.0008, 0.0162, 0.9816, -0.0036, 1.002, -0.0015, 1.0071, 0.9962, -0.0051, 1.0054, 0.0037, 1.0092, 1.0009, -0.0057, 1.0182, 0.991, 0.991, 1.0023, -0.0032, 0.9962, -0.0116, 0.9979, -0.0066, 1.007, 0.9948, -0.0024, 0.9775, 0.0099, 1.0022, 1.0101, 0.0044, 0.9879, -0.0092, 0.9918, -0.0219, 0.9893, 1.0127, -0.0106, 0.9812, 0.002, 1.0165, 0.9995, -0.0018, 1.0243, 0.0113, 1.0071, 0.989, -0.0031, 0.9946, -0.0046, 0.9955, -0.0114, 0.9965, 1.0135, -0.0107, 0.981;"=""0.283""";"=""2.5044""";Апериодический Шум Шляпы (Зеркальный квазикристалл)
HAT_SHIMMER_33;1.0023, 0.0181, 1.0127, 0.9929, 0.0027, 1.0133, 0.0009, 1.0046, -0.0148, 0.9823, 0.9884, 0.0186, 1.0078, 0.0139, 0.9958, 0.9866, -0.012, 0.9894, -0.0039, 1.0078, 0.9966, -0.0086, 1.0042, -0.0024, 1.0004, 0.0062, 1.0113, 0.9996, -0.0111, 1.0153, 0.0058, 1.0079, 1.0092, 0.0082, 1.0034, 0.0252, 1.0065, -0.0058, 1.0115, 0.9802, 0.0123, 1.0052, 0.0005, 1.0122, 0.9906, -0.0033, 1.0106, -0.0073, 0.9941, 0.0041, 0.9956, 1.0045, 0.0131, 1.0152, -0.0133, 1.0044, 0.9805, -0.0008, 1.0112, -0.0041, 1.0216, 1.001, 0.0024, 1.0017, 0.0083, 0.9943, -0.004, 1.0008, 1.0192, 0.0131, 1.005, -0.013, 1.0047, 1.0123, -0.0017, 0.9991, 0.0099, 1.0058, -0.0111, 1.0181, 1.0162, 0.0236, 0.9941, -0.011, 0.998, 0.994, 0.0148, 1.0007, 0.0038, 0.0095, 0.9981, -0.0156, 0.9951, -0.0023, 0.9875, -0.0014, 0.9761, 0.9937, -0.0028, 0.9944;"=""0.2839""";"=""2.4793""";Апериодический Шум Шляпы (Зеркальный квазикристалл)
HAT_SHIMMER_34;1.0066, -0.0003, 0.9943, 0.9831, 0.0039, 1.0025, 0.0083, 0.9955, -0.003, 1.0144, 1.0121, 0.006, 0.9866, 0.0048, 0.9938, 1.0001, -0.007, 1.0053, -0.011, 1.0169, 0.9996, -0.0047, 0.9741, -0.0087, 1.006, -0.0009, 1.0108, 1.0112, -0.008, 1.0077, 1.0037, 0.9938, 1.0007, 0.0017, 0.9827, -0.0229, 1.0068, 0.0088, 0.9981, 0.9976, 0.0012, 0.9845, -0.0106, 0.9902, 0.9974, 0.0094, 1.0113, -0.0168, 1.0156, 0.0161, 0.9867, 1.0041, 0.0253, 0.9809, 0.012, 1.0157, 0.9983, 0.0004, 1.0256, -0.0121, 1.0101, 1.0032, -0.0036, 1.0018, -0.0059, 1.0007, -0.0039, 1.0116, 0.9925, 0.0042, 0.9984, -0.0137, 1.0021, 1.0034, -0.0069, 0.9724, 0.0036, 1.017, -0.0037, 1.016, 1.0012, -0.0157, 1.0084, -0.0032, 0.9966, 0.9968, 0.0062, 1.0005, -0.0189, 0.9879, 1.0001, -0.0095, 0.9865, 0.003, 0.989, -0.0044, 1.0004, 0.9929, -0.0111, 1.0039;"=""0.2851""";"=""2.4835""";Апериодический Шум Шляпы (Зеркальный квазикристалл)
HAT_SHIMMER_35;1.0009, -0.01, 0.9929, 0.9992, 0.0113, 1.0033, 0.0018, 0.9951, -0.0142, 1.0242, 0.9945, -0.0191, 1.0029, 0.0024, 0.9862, 0.9907, -0.0144, 1.0029, -0.0134, 1.0151, 0.9993, -0.0061, 0.9894, -0.0075, 0.9943, 1.012, 1.0042, 0.9901, 0.0002, 1.0064, 0.0031, 1.0011, 0.9966, 0.011, 0.9886, 0.0011, 1.0085, -0.0035, 0.9998, 1.0025, 0.0169, 1.0022, 0.0011, 1.0091, 1.0106, 0.0071, 0.9826, -0.0109, 1.0131, 0.0097, 1.0004, 1.0116, 0.0073, 1.0175, 0.0028, 1.0096, 0.9973, 0.0029, 0.9971, 0.0003, 1.015, 1.0, 0.006, 0.9839, -0.0036, 0.9891, 0.0126, 0.9957, 1.0115, 0.0184, 0.9884, -0.0183, 0.9942, 1.0166, -0.0002, 1.0074, 0.0144, 1.0059, -0.002, 1.0011, 0.9932, -0.0041, 0.9918, -0.0022, 1.006, 1.0061, 0.9952, 1.0075, -0.0016, 1.0062, 0.988, -0.0134, 0.9907, 0.0061, 1.0067, 0.0152, 1.0128, 1.006, 0.0059, 1.0053;"=""0.3159""";"=""2.5135""";Апериодический Шум Шляпы (Зеркальный квазикристалл)
SPECTRE_SHIMMER_1;1.0021, -0.0079, 1.0185, 1.0039, 1.0105, 1.0061, 0.0084, 1.0131, 1.0044, 0.0169, 1.0004, 0.9994, -0.001, 1.0095, 0.9948, -0.0134, 1.0081, 0.9909, 1.0019, 1.0152, 0.0048, 1.018, 0.9891, -0.003, 1.0062, 1.006, 0.9929, 1.0051, -0.0005, 1.0044, 0.9998, 1.0242, 1.0015, 1.012, 1.0072, 0.9996, 0.0168, 0.9946, 1.0119, -0.0116, 1.0012, 0.9934, 1.0088, 1.0032, -0.0158, 0.9911, 0.99, -0.0054, 1.0026, 0.9921, 1.0018, 1.008, 0.0, 1.0104, 0.9913, 0.0296, 1.0285, 1.0195, 0.9978, 0.9841, 0.0011, 1.0059, 1.0112, 0.002, 1.0095, 1.0008, 0.0025, 0.9896, 0.9919, -0.0086, 1.0061, 0.9871, 1.0053, 0.9929, -0.0233, 1.0116, 0.9867, -0.0012, 1.0019, 0.9984, 0.9955, 0.9918, 0.0159, 1.0151, 0.9906, 0.0036, 1.0016, 1.0106, 0.0084, 1.0088, 0.9983, -0.0115, 1.0049, 0.9914, 1.0063, 1.0003, 0.0033, 1.0113, 1.001, 0.0136;"=""0.3747""";"=""2.3971""";Апериодическое Мозаичное Мерцание Призрака (Чистый апериод)
SPECTRE_SHIMMER_2;1.0066, -0.0074, 0.9982, 1.0042, 0.9992, 1.0096, 0.0048, 1.0064, 0.9942, 0.0014, 0.9943, 1.0104, -0.0121, 0.9848, 1.015, 0.0153, 0.9878, 0.9993, 0.9988, 0.9907, 0.0011, 1.0067, 1.0028, 0.0035, 0.9985, 0.9965, 1.0051, 1.0141, 0.0028, 1.0068, 1.0066, 0.003, 1.0164, 0.9763, 1.0023, 0.0069, -0.0066, 1.0033, 0.9972, -0.0117, 0.995, 1.0072, 0.9725, 1.0048, -0.002, 0.9912, 0.9911, -0.0032, 1.0102, 0.9757, 1.0087, 1.0004, -0.0179, 1.0047, 1.0025, -0.0144, 0.9904, 1.0068, 0.9933, 0.9971, -0.0006, 0.983, 1.0003, 0.0221, 1.0034, -0.0027, 0.0061, 1.0175, 1.0101, -0.0147, 1.0045, 0.9958, 1.0016, 0.9945, 0.004, 1.0289, 1.0055, 0.0103, 1.0109, 0.9933, 0.0064, 0.9881, 0.0001, 1.0013, 0.9869, 0.0019, 0.9923, 1.002, -0.0139, 0.9933, 0.9989, -0.0103, 1.0002, 0.985, 0.9853, 1.0112, -0.005, 1.0085, 1.0132, -0.0072;"=""0.3566""";"=""2.5641""";Апериодическое Мозаичное Мерцание Призрака (Чистый апериод)
SPECTRE_SHIMMER_3;0.9797, -0.0128, 0.9923, 0.9862, 0.9938, 1.0102, -0.0146, 0.999, 1.0016, -0.0078, 0.9869, 0.9806, 0.013, 0.9996, 0.9997, -0.0079, 1.0153, 0.0004, 0.9971, 1.0142, 0.0053, 1.0084, 0.0144, 0.0023, 1.0067, 1.0018, 1.003, 0.9898, 0.0065, 1.0133, 1.0171, 0.0064, 0.9849, 1.0155, 1.0024, 0.9891, 0.0159, 1.0006, 0.999, 0.0112, 0.0113, 0.9715, 0.9894, 1.0095, -0.0073, 1.004, 1.0022, -0.0027, 0.9965, 0.9979, 0.9892, 1.0022, 0.0072, 0.9988, 0.9966, -0.0003, 0.9841, 0.9993, 1.004, 0.9932, -0.0035, 0.9892, 1.0085, 0.0112, 1.0102, 1.0122, -0.0082, 0.9974, 1.0256, -0.0073, 0.9865, 1.0092, 1.0017, 1.0031, 0.0201, 1.0148, 1.0043, 0.0012, 1.0081, 1.0063, 1.0057, 1.0131, 0.0048, 0.9927, 1.0073, -0.0019, 1.0016, 1.0072, 0.0041, 1.0101, 1.0061, -0.002, 0.9922, 1.003, 0.9915, 0.9968, 0.0136, 1.0158, 0.9989, -0.0025;"=""0.3814""";"=""2.5653""";Апериодическое Мозаичное Мерцание Призрака (Чистый апериод)
SPECTRE_SHIMMER_4;1.0007, 0.0135, -0.0048, 1.0164, 0.9853, 1.0087, 0.0087, 0.9879, 0.9958, 0.0181, 0.9877, 0.9984, -0.0176, 1.0094, 1.0376, -0.0061, 0.9993, 0.99, 1.0002, 1.0078, -0.0087, 1.0032, 0.9947, 0.0209, 1.0076, 1.0147, 0.993, 1.0145, -0.0007, 0.9951, 1.0031, -0.0236, 0.9978, 0.9991, 0.9973, 1.0001, -0.0004, 1.013, 1.001, 0.0027, 1.0082, 0.998, 1.0049, 1.0047, -0.0017, 0.9918, 1.0098, -0.0178, 0.9922, 1.0253, 0.9998, 0.9925, 0.0122, 1.0058, 0.9954, 0.0009, 0.9927, 0.9826, 0.9965, 0.9888, -0.0123, 0.9953, 0.9968, -0.0203, 0.9821, 1.0022, 0.0087, 1.0085, 1.0041, -0.0146, 0.9993, 0.9934, 0.9959, 0.9928, -0.0079, 0.9979, 0.9922, -0.0145, 1.0005, 0.9969, 0.9966, 1.0048, 0.0017, -0.0024, 1.0057, -0.0008, 0.9862, 0.985, -0.0033, 1.0017, 0.9859, -0.0097, 0.9856, 1.0056, 0.9984, 0.9872, -0.0145, 1.0151, 1.0094, 0.0161;"=""0.4176""";"=""2.5702""";Апериодическое Мозаичное Мерцание Призрака (Чистый апериод)
SPECTRE_SHIMMER_5;1.0016, 0.9997, 1.0016, 1.0009, 1.0048, 1.0042, 0.0004, 0.9948, 1.0036, -0.0088, 1.0052, 0.9944, -0.006, 0.987, 0.9932, -0.0154, 0.9962, 1.0188, 0.9914, 0.9951, 0.9907, 1.0, 1.0002, 0.0028, 0.997, 1.0076, 0.9894, 1.0029, -0.0008, 1.0151, 1.0043, 0.0181, 0.9993, 0.9966, 0.9945, 0.9958, 0.0024, 0.9977, 0.9913, -0.0032, 0.0108, 1.0118, 0.9968, 1.0029, -0.011, 0.9844, 1.0105, 0.019, 0.9964, 0.9983, 1.0071, 0.9847, -0.0134, 0.987, 1.0003, 0.0002, 1.0142, 0.9878, 0.9961, 1.0008, -0.0007, 1.0184, 0.9857, 0.0035, 0.9874, 1.0087, 0.005, 0.9896, 0.9957, 0.004, 0.9955, 1.0079, -0.0061, 1.0116, 0.0018, 1.0012, 0.9934, -0.0018, 1.0101, 0.9999, 1.0212, 1.0091, -0.0143, 1.0146, 0.9944, 0.0032, 0.9975, 0.9982, 0.0013, 1.0025, 1.0058, -0.0025, 1.0015, 0.987, 0.9903, 1.0047, 0.0009, 0.9927, 1.0028, -0.0019;"=""0.4035""";"=""2.5549""";Апериодическое Мозаичное Мерцание Призрака (Чистый апериод)
SPECTRE_SHIMMER_6;1.016, -0.0038, 0.9799, 0.9869, 0.9972, 1.0025, 0.0091, 0.9968, 1.0002, -0.0174, 0.9903, 1.0037, 0.0032, 0.9829, 1.0115, 0.0172, 1.0082, 0.9931, 1.001, 0.9987, -0.0147, 1.0032, 1.0101, 0.0004, 1.0114, 0.9929, 0.9952, 1.0059, -0.0006, 1.0111, 0.9841, 0.0071, 1.0031, 0.9983, 1.015, 0.9955, -0.0013, 1.0099, 1.0083, -0.0012, 0.9996, 0.9981, 1.0048, 0.9976, -0.0005, 0.9933, 1.0118, -0.0013, 1.005, 1.006, 0.973, 0.9856, 0.0063, 0.9968, 1.0041, -0.0014, 0.9846, 1.008, 0.9993, 0.9919, 0.0109, 1.0094, 1.0169, -0.0089, 1.0133, 0.9834, 0.9999, 0.9963, 1.0086, 0.0004, 1.0052, 0.9919, 0.9941, 0.9997, -0.0017, 1.0178, 1.0088, -0.0056, 1.0065, 1.0001, 1.0004, 0.9976, 0.0124, 1.0003, 1.0089, 0.0087, 1.0138, 1.021, -0.0225, 1.011, 0.9917, 0.0048, 1.0059, 0.0032, 0.994, 1.0006, -0.0065, 0.9976, 1.0166, 0.0008;"=""0.4003""";"=""2.5396""";Апериодическое Мозаичное Мерцание Призрака (Чистый апериод)
SPECTRE_SHIMMER_7;1.0083, 0.0022, 0.9968, 0.9918, 1.0081, 0.9994, -0.0191, 1.0162, 1.0053, -0.0049, 0.994, 1.0051, 0.0036, 0.989, 1.0008, 0.0068, 0.9991, 1.0152, 1.0103, 0.987, -0.0069, 1.0047, 0.9971, -0.0071, 1.0021, 0.9885, 1.007, 0.9666, 0.0072, 1.0147, 1.0057, 0.0123, 1.0022, 0.9803, 1.0009, 0.9956, -0.0042, 0.9891, 0.998, 0.0128, 0.9806, 1.0039, 0.9998, 0.9962, 0.0215, 0.9758, 0.9983, 0.0044, 1.0004, 0.9976, 0.9892, 0.9964, 0.0163, 0.9983, 0.9943, 0.0016, 0.9924, 1.0012, 0.9826, 0.9908, 0.0016, 0.9957, 0.984, 0.0058, -0.0228, 0.9952, 0.0117, 0.9779, 0.992, -0.0108, 1.003, 0.0032, 1.0066, 0.997, -0.0041, 0.9824, 0.9809, -0.0103, 1.0081, 1.0133, 0.9871, 0.9942, -0.0044, 0.9981, 1.01, -0.0088, 1.0076, 0.9973, 0.0017, 0.9866, 0.9839, -0.005, 1.0004, 0.9911, 0.9995, 0.9907, -0.0379, 0.9947, 0.9924, -0.0221;"=""0.404""";"=""2.5427""";Апериодическое Мозаичное Мерцание Призрака (Чистый апериод)
SPECTRE_SHIMMER_8;1.0021, 0.0235, 1.0017, 0.9881, 1.0058, 1.0114, 0.0041, 0.9973, 1.005, 0.0042, 1.0134, 1.0073, 0.0091, 0.9965, 1.0011, -0.0035, 1.0003, 0.9865, 0.9753, 0.9975, 0.0044, 1.0044, 1.0055, 0.0315, 0.9932, 1.001, 1.0138, 0.9914, 0.0025, 0.996, 0.9856, 0.0015, 1.0104, 0.9914, 0.9938, 0.9817, -0.0067, 1.0037, 0.9931, 0.0106, 0.9855, 0.997, 1.0075, 0.9791, 0.01, 1.0083, 0.9876, 0.0034, 1.0127, 0.9904, 1.002, 1.0009, -0.0088, 0.997, 1.0001, 0.0043, 1.0057, 1.0167, 1.0143, 0.9936, 0.0027, 1.005, 1.0097, -0.0004, 0.9949, 0.9843, -0.0074, 1.002, 0.9955, -0.0035, 1.0056, 1.005, 0.9927, 1.0046, 0.0065, 1.0034, 0.979, 0.0046, 0.9964, 0.98, 0.9865, 1.0151, -0.0001, 1.0182, 1.0035, 0.0078, 0.9929, 1.0067, 0.0012, 1.0143, 0.9948, -0.0018, 0.9952, 1.0065, 0.9965, 0.9906, -0.0067, 1.0052, 1.0046, 0.0025;"=""0.3096""";"=""2.5645""";Апериодическое Мозаичное Мерцание Призрака (Чистый апериод)
SPECTRE_SHIMMER_9;1.0022, 0.0026, 1.0096, 1.0116, 0.9708, 1.0003, -0.0016, 0.9965, 0.9957, 0.0112, 0.9833, 0.9939, 0.0013, 1.0115, 1.008, 0.0057, 0.9942, 1.005, 0.9891, 1.0003, 0.0038, 0.9884, 1.011, -0.0089, 0.9861, 1.0045, 0.9999, 1.0047, 0.0097, 1.0115, 0.999, -0.005, 1.0112, 1.0067, 1.0068, 1.013, 0.0193, 0.9822, 0.9978, 0.0085, 1.0031, 1.0003, 0.9948, 0.9852, -0.0005, 0.9999, 0.9892, 0.0011, 1.0031, 0.9986, 0.991, 0.9997, 0.0087, 0.9997, 1.01, 0.0146, 0.9928, 0.9847, 0.9947, 1.0098, -0.0011, 0.9832, 1.0109, 0.0037, 0.9973, 1.0046, 0.0139, 1.0131, 1.0051, -0.0102, 1.0088, 0.982, 0.9852, 1.0197, -0.0066, 0.9872, 1.0092, -0.0116, 1.0112, 1.0054, 1.0139, 1.0198, 0.0088, 1.005, 0.9906, 0.0026, 1.0052, 1.0033, -0.0073, 0.9935, 1.0009, 0.0118, 1.0004, 0.9989, 1.0051, 1.0059, -0.0097, 0.9978, 0.9803, -0.006;"=""0.3134""";"=""2.5711""";Апериодическое Мозаичное Мерцание Призрака (Чистый апериод)
SPECTRE_SHIMMER_10;1.0022, -0.0082, 1.0017, 0.9892, 1.0166, 1.0067, -0.0061, 0.9951, 0.989, -0.0028, -0.0166, 0.9993, 0.0121, 0.9858, -0.0125, -0.0076, -0.0144, 1.016, 0.9963, 0.9925, -0.0047, 1.0093, 0.9891, 0.002, 1.0034, 0.9888, 1.0014, 1.0162, 0.0017, 1.0189, 0.9979, -0.0262, 0.9982, 0.9903, 0.9808, 0.9952, -0.0057, 0.9873, 1.0158, -0.0058, 1.007, 1.0025, 1.0098, 0.9967, 1.0002, 1.0023, 0.9945, -0.0094, 1.0061, 1.0111, 1.0141, 0.9875, 0.0045, 0.9937, 0.9985, 0.0078, 1.0145, 1.0038, 1.0127, 1.0065, 0.0099, 0.9897, 0.9918, -0.0141, 1.0015, 1.0157, -0.0043, 1.0057, 0.9938, 0.0001, 0.9817, 1.0064, 0.9922, 0.9963, 0.0167, 1.0031, 0.9959, -0.0134, 0.9992, 1.0036, 0.9982, 1.0034, -0.0041, 0.9919, 0.9984, 0.0092, 0.9981, 0.9863, 0.0033, 0.9956, 0.9936, 0.0132, 0.9962, 0.9988, 1.0165, 0.9976, 0.006, 1.0123, 1.0057, -0.005;"=""0.4692""";"=""2.5769""";Апериодическое Мозаичное Мерцание Призрака (Чистый апериод)
SPECTRE_SHIMMER_11;-0.0008, -0.0034, 0.996, 0.9903, 1.0075, 1.0032, 0.0187, 1.0007, 1.0188, 0.0016, 0.997, 1.0009, 0.0089, 0.9893, 1.0104, 0.0001, 1.0143, 1.0099, 1.0068, 1.0082, -0.003, 0.9977, 1.0015, 0.0256, 1.007, 1.0027, 1.0022, 0.9994, 0.0144, 0.9986, 0.9932, 0.0128, 1.0014, 0.9957, 0.9943, 0.9938, 0.0013, 1.0141, -0.0007, 0.0077, 0.9884, 1.0179, 0.9938, 0.9991, -0.0115, 0.997, 1.0093, -0.0054, 1.0156, 0.998, 0.9984, 0.9978, 0.0089, 0.9935, 1.0136, 0.0062, 0.9676, 0.9822, 0.9969, 1.0165, 0.0037, 1.0018, 1.0106, 0.0094, 0.994, 0.9978, -0.0006, 1.0092, 1.0006, -0.0067, 0.9944, 0.9935, 1.0187, 1.0031, 0.013, 1.0153, 1.0009, 0.007, 1.008, 1.0066, 0.9772, 0.995, -0.0064, 1.001, 0.9865, 0.0004, 0.97, 1.0043, -0.0031, 1.0031, 1.0014, -0.0068, 0.9934, 0.9966, 1.0014, 1.0031, -0.0027, 0.9992, 0.9792, 0.0075;"=""0.3528""";"=""2.5695""";Апериодическое Мозаичное Мерцание Призрака (Чистый апериод)
SPECTRE_SHIMMER_12;1.0056, 0.0229, 0.997, 1.0082, 0.9958, 1.0093, -0.0216, 0.9883, 0.9897, 0.0169, 0.9932, 0.9986, 0.0113, 0.9843, 1.0063, 0.0052, 1.0033, 0.9893, 1.0104, 1.006, 0.0026, 0.9945, 0.9956, 0.0022, 0.9894, 1.0043, 1.0024, 1.0285, -0.0051, 1.0204, 0.9822, -0.0007, 0.9976, 1.0116, 0.9969, 0.9931, -0.0072, 1.0117, 1.0122, -0.0076, 0.9971, 1.0119, 0.9993, 0.9904, -0.0066, 0.9851, 1.0014, -0.0065, 1.0026, 0.9929, 0.9976, 0.9893, -0.0072, 1.0057, 0.989, -0.0198, 0.9876, 1.0034, 1.0034, 0.9977, -0.0081, 0.9905, 0.9926, -0.0015, 0.9995, 0.996, -0.0023, 0.9861, 0.9898, -0.0002, 1.0051, 1.0065, 1.0191, 1.0009, -0.0197, 1.0215, 1.0059, -0.003, 0.9973, 1.0049, 1.0033, 1.0159, -0.0086, 1.0123, 1.0074, -0.006, 1.0086, 0.9863, -0.0131, 0.9998, 1.0156, -0.011, 1.0161, 0.9886, 0.982, 0.9936, 0.0021, 0.9912, 0.9978, -0.0021;"=""0.3106""";"=""2.5726""";Апериодическое Мозаичное Мерцание Призрака (Чистый апериод)
SPECTRE_SHIMMER_13;1.0003, 0.0032, 1.0176, 0.9938, 0.9882, -0.0015, 1.0076, 1.0129, 1.0003, 0.0008, 1.0134, 0.982, -0.003, 1.0065, 1.0005, 0.013, 1.0024, 0.9893, 0.9944, 1.0202, 0.0043, 1.0058, 1.0136, 0.007, 0.9957, 1.0012, 1.0089, 0.9821, 0.0043, 0.9972, 1.0176, -0.0022, 0.9805, 1.0062, 0.982, 1.0036, -0.0028, 1.0078, 1.0153, 0.0019, 0.9986, 0.9967, 1.0086, 0.9998, -0.0083, 1.0011, 0.997, -0.0151, 1.0007, 1.0048, 0.9956, 1.0089, 0.0013, 0.9975, 0.9936, 0.0161, 0.9962, 1.0051, 1.0109, 1.016, -0.001, 0.981, 1.0021, 0.0122, 1.0139, 0.9974, -0.0154, 1.0048, 0.9917, -0.015, 0.9944, 1.0047, 1.0047, 0.9918, 0.0068, 0.9841, 1.0067, -0.0198, 0.9917, 1.001, 1.0008, 1.0012, -0.0028, 1.0128, 1.0, -0.0058, 0.9918, -0.0038, 0.0045, 1.0018, 1.0074, -0.0013, 0.9904, 1.0177, 1.0038, 0.9994, 0.0096, 1.0153, 0.9983, 0.0081;"=""0.366""";"=""2.5723""";Апериодическое Мозаичное Мерцание Призрака (Чистый апериод)
SPECTRE_SHIMMER_14;0.9878, 0.0101, 1.0087, 0.9901, 1.0085, 1.0059, -0.0042, 1.0011, 0.9953, -0.0034, 1.003, 1.0123, 0.001, 1.001, 1.0003, -0.0115, 1.0009, 1.0021, 1.0094, 0.9956, -0.0063, 1.0044, 0.9807, -0.0015, 0.9924, 1.0168, 0.9902, 1.0075, 0.9805, 0.9988, 1.0049, 0.016, 1.0105, 1.0179, 0.9882, 1.0019, 0.0057, 0.9927, 0.9945, -0.0044, 0.9977, 1.0023, 1.021, 1.0111, -0.0025, 1.0004, 0.9949, -0.0072, 1.0088, 1.0018, 0.9947, 0.9959, -0.0036, 0.011, 1.0066, -0.0045, 0.9921, 0.9886, 1.0013, 0.9919, -0.0112, 1.0075, 1.001, -0.0028, 1.0042, 0.9896, -0.0027, 0.9909, 1.0023, -0.0096, 0.9815, 0.9743, 0.9886, 0.9893, 0.0077, 1.0088, 0.9975, -0.0185, 0.9932, 1.0142, 1.0072, 1.0071, 0.0027, 0.9822, 0.9931, 0.001, 0.9963, 1.0085, 0.0077, 1.0029, 0.989, -0.0035, 0.9891, 1.0007, 0.9818, 1.0017, -0.0006, 1.0051, 1.0033, 0.9922;"=""0.392""";"=""2.5826""";Апериодическое Мозаичное Мерцание Призрака (Чистый апериод)
SPECTRE_SHIMMER_15;1.0065, 0.0019, 1.0007, 0.983, 1.0028, 1.0037, -0.0065, 1.0087, 0.9955, 0.0029, 1.0041, 0.9812, -0.0019, 0.9704, 0.9867, 0.016, 1.0051, 0.983, 0.9841, 1.0088, 0.009, 1.0086, 0.9871, 0.0054, 0.9942, 1.0001, 0.9883, 1.0017, -0.0045, 0.9871, 1.0034, -0.01, 0.0038, 1.0011, 0.9954, 0.9883, 0.0177, 1.0257, 0.9965, 0.0072, 1.0077, 0.9873, 1.0109, 1.0077, -0.0162, 0.9949, 0.9911, -0.0104, 1.0017, 0.9928, 1.012, 0.9968, -0.0024, 1.0112, 1.0084, 0.004, 1.0023, 0.992, 1.0012, 1.0202, -0.0063, 1.0143, 0.9959, 0.0203, 0.9854, 1.0075, -0.0063, 0.9945, 1.004, 0.0204, 1.0056, 1.0079, 1.0137, 0.9941, 0.0046, 1.0026, -0.0047, -0.0198, 0.9967, 1.0015, 0.9996, 0.9937, 0.0025, 1.0008, 1.001, -0.0023, 0.9921, 0.9825, -0.0165, 0.9917, 1.0232, 0.0073, 1.0041, 1.0031, 1.008, 0.9968, -0.0079, 0.9815, 0.9834, -0.0028;"=""0.3239""";"=""2.5799""";Апериодическое Мозаичное Мерцание Призрака (Чистый апериод)
SPECTRE_SHIMMER_16;0.9963, 0.0146, 1.0043, 1.0094, 1.0063, 0.9967, 0.0067, 1.0021, 0.9949, 0.0024, 1.0065, 0.9956, -0.0078, 1.0089, 0.9943, -0.0023, 0.9749, 0.998, 1.0029, 1.0163, -0.0084, 1.0114, 1.01, 0.0044, 0.986, 1.0063, 1.0005, 1.0086, 0.0022, 1.0082, -0.0003, -0.0058, 1.0022, 1.0069, 0.9949, 1.0063, -0.0154, 1.005, 1.0129, 0.001, 1.0016, 0.9997, 0.9926, 1.0007, 0.0193, 0.9828, 1.0167, 0.002, 1.0054, 0.983, -0.0105, 1.0202, -0.0234, 0.9918, 0.9963, -0.0198, 0.9935, 0.9983, 0.9796, 0.9713, -0.0024, 0.9919, 0.9924, -0.0161, 1.0095, 0.9976, -0.0007, 0.994, 1.0095, -0.005, 1.0097, 1.0076, 1.0055, 1.0129, 0.0028, 0.9916, 0.993, -0.0313, 1.0099, 1.0025, -0.0044, 1.0097, -0.0207, 0.9967, 0.9985, 0.0116, 0.9954, 0.9949, 0.016, 1.0014, 0.9833, 0.0058, 1.0144, 0.9927, 0.9955, 0.9952, 0.0107, 0.9969, 0.9877, -0.0026;"=""0.3038""";"=""2.5807""";Апериодическое Мозаичное Мерцание Призрака (Чистый апериод)
SPECTRE_SHIMMER_17;1.019, 0.0233, 0.9947, 1.0078, 0.9895, 0.9921, 0.0123, 0.9923, 0.982, -0.0067, 1.0064, 0.994, 0.0017, 0.99, 0.9931, -0.0143, 0.9783, 0.9877, 0.9918, 0.9953, 0.0032, 1.0005, 0.9847, 0.0059, 0.9991, 0.9749, 1.0011, 0.9964, 0.0084, 1.0158, 0.9952, -0.018, 0.9938, 0.9932, 1.0005, 1.0023, -0.0154, 1.0129, 0.998, -0.0105, 0.993, 1.0207, 0.9915, 1.0079, 0.0014, 0.9907, 1.0007, 0.0004, 0.9947, 1.0064, 1.0094, 1.0094, 0.0051, 0.9932, 0.9934, -0.0017, 1.0104, 0.9964, 1.0246, 1.0038, -0.0105, 1.003, 1.0013, 0.0167, 0.9981, 1.0011, -0.0001, 0.9951, 0.9846, -0.012, 1.0002, 1.0073, 0.9966, 0.9937, -0.007, 1.0136, 1.0139, -0.008, 0.9902, 0.9914, 1.0061, 0.997, -0.0087, 1.0051, 1.0005, -0.0077, 1.0129, 0.9942, 0.0074, 0.9911, 1.011, -0.0075, 1.0099, 1.0027, 0.9865, 1.012, 0.0034, 1.019, 0.9936, 0.0086;"=""0.3106""";"=""2.5807""";Апериодическое Мозаичное Мерцание Призрака (Чистый апериод)
SPECTRE_SHIMMER_18;1.0054, 0.0037, 1.0101, -0.0098, 0.9899, 0.9979, 0.0041, 0.987, 0.994, 0.0016, 1.0041, 1.0184, -0.0061, 1.0119, 1.0007, -0.0018, 0.9975, 0.9954, 1.005, 0.991, -0.0025, 1.0068, 1.0026, 0.0089, 0.988, 0.9928, 0.9884, 1.0169, 0.004, 0.9921, 0.9971, 0.0015, 0.9994, 1.0024, 1.0016, 0.9918, 0.0123, 1.0025, 1.0038, -0.0059, 0.9975, 0.005, 0.0118, 1.0145, -0.0046, 1.0022, 1.0215, 0.0097, 0.9979, 1.0162, 0.9961, 1.003, -0.0193, 1.0117, 0.9876, 0.0073, 0.9908, 0.9971, 0.989, 0.9881, 0.0095, 0.9957, 0.9922, 0.0168, 0.9893, 1.0129, 0.001, 1.0045, 0.9936, 0.0014, 1.0018, 1.0129, 1.0005, 1.0045, 0.0158, 0.9991, 1.0031, -0.0026, 0.9965, 0.9899, 1.0098, 1.0131, 0.0031, 0.9996, 0.9979, 0.0158, 0.9906, 0.992, -0.021, 1.0141, 0.9962, -0.0062, 1.0126, 1.0064, 1.0009, 0.9917, 0.0141, 0.9996, 0.0153, 0.0094;"=""0.3948""";"=""2.5772""";Апериодическое Мозаичное Мерцание Призрака (Чистый апериод)
SPECTRE_SHIMMER_19;0.9959, 0.0027, 0.9934, 1.0009, 0.9955, 0.992, 0.0083, 1.0054, 1.0001, -0.0171, 0.9947, 1.003, 0.0133, 1.0115, 0.9978, -0.019, 0.9978, 1.0105, 1.0076, 0.9824, 1.0091, 1.002, 0.9947, 0.0234, 0.9985, 1.0027, 1.0012, 0.9908, 0.0025, 0.9983, 0.9885, -0.0002, -0.0006, 1.0024, 1.0071, 1.0067, -0.0004, 0.9897, 1.0062, -0.0161, 0.9966, 1.0075, 0.9768, 0.9878, -0.0024, 0.9959, 0.9941, 0.0063, 1.0041, 1.0135, 1.0205, 0.9928, -0.0045, 1.0036, 1.0066, 0.0105, 0.9883, 1.0063, 1.002, 0.9913, -0.006, 0.9969, 0.985, -0.0024, 0.9939, 1.0099, -0.0023, 1.0016, 1.0072, 0.0141, 1.004, 0.9886, 1.0237, 0.991, -0.0038, 0.9836, 1.006, -0.0114, 0.9881, 0.9991, 0.9985, 0.9937, 0.0041, 0.9761, 0.9991, 0.0064, 1.0276, 1.0065, -0.0011, 0.9915, 0.9994, 0.0077, 1.0045, 1.0124, 1.0191, 0.9741, -0.0113, 1.0045, 1.0005, 0.0036;"=""0.354""";"=""2.5454""";Апериодическое Мозаичное Мерцание Призрака (Чистый апериод)
SPECTRE_SHIMMER_20;0.9835, 0.0182, 1.0106, 1.0061, 0.9928, 0.9937, 0.0112, 0.9956, 0.9907, 0.0032, 0.9982, 0.9908, 0.0007, 1.001, 0.9984, 0.0028, 0.9767, 1.0156, 0.9975, 0.9913, 0.0012, 0.9847, 0.9861, 0.0097, 0.9861, 1.0088, 0.993, 1.006, 0.0181, 0.9766, 0.9827, -0.0116, 1.0145, 1.003, 0.9974, 1.0061, -0.0003, 1.0216, 1.0003, -0.0177, 0.9844, 1.0116, 0.9857, 0.9901, -0.0005, 0.9811, 1.0114, 0.0146, 0.9966, 1.0072, 0.9955, 0.9896, -0.0113, 0.9868, 0.9946, -0.0212, 0.998, 1.0107, 1.003, 1.0043, -0.0151, 0.9883, 1.0072, 1.0012, 1.0143, 0.9941, 0.0143, 1.0169, 0.9992, -0.009, 1.0081, 1.0067, 0.9993, 0.9862, 0.0193, 0.9937, 0.9957, -0.0078, 1.0053, 1.0017, 1.0027, 1.0094, 0.0008, 1.0009, 1.0196, 0.0207, 0.9931, 1.0, 0.0031, 1.0172, 1.0099, 0.0044, 1.0019, 1.0097, 0.9935, 0.9844, -0.0041, 0.9956, 0.9942, -0.0045;"=""0.3411""";"=""2.58""";Апериодическое Мозаичное Мерцание Призрака (Чистый апериод)
SPECTRE_SHIMMER_21;0.9913, -0.001, 0.9956, 1.003, 1.0012, 1.0148, -0.0004, 0.9987, 1.0001, -0.0134, 1.009, 1.0081, -0.0019, 1.0113, 1.0029, -0.0033, 0.9992, 1.0198, 1.0137, 1.0066, -0.0028, 0.9968, 1.0086, 0.0016, 0.9854, 1.0011, 0.0105, 0.9829, -0.0026, 0.9953, 1.0134, 0.0006, 1.0035, 0.9909, 1.0001, 0.9956, 0.0042, 0.9936, 0.9976, 0.0043, 1.0057, 0.9958, 1.0008, 0.9912, -0.0008, 1.0078, 0.9959, 0.0106, 0.9923, 1.0119, 1.0093, 0.9891, 0.0088, 0.9983, 0.9901, 0.0123, 0.9992, 0.9893, 0.996, 0.995, -0.006, 1.0018, 1.0012, 0.0147, 1.013, 0.9943, -0.0087, 1.0023, 0.9964, -0.0076, 0.9994, 1.0004, 0.9998, 0.9934, -0.0022, 0.0198, 1.0192, -0.0109, 1.0034, 0.9962, 0.9928, 1.0094, 0.021, 1.0051, 0.9809, -0.0, 1.0011, 1.0018, -0.0025, 0.9803, 0.9891, -0.0112, 1.0045, 1.0018, 0.9834, 0.9897, -0.003, 0.9758, 0.9954, -0.0028;"=""0.3408""";"=""2.5707""";Апериодическое Мозаичное Мерцание Призрака (Чистый апериод)
SPECTRE_SHIMMER_22;1.0019, 0.0018, 0.9959, 0.9974, 1.0212, 0.9781, 0.0002, 1.0046, 1.0038, 0.0016, 1.0115, 1.0052, -0.0082, 1.0085, 0.9894, -0.0221, 1.0147, 0.9939, 0.9993, 1.0016, 0.0029, 0.9892, 0.9999, 0.0137, 0.9999, 0.9955, 0.9977, 1.0052, -0.0091, 0.9971, 1.012, -0.0117, 0.9829, 0.9901, 0.9796, 0.9946, 0.0025, 0.9991, 0.9932, 0.0106, 1.0169, 1.0049, 0.995, 1.01, -0.0101, 0.9852, 0.9773, 0.0001, 1.0105, 0.9927, 1.0115, 0.006, -0.0079, 1.0004, 0.9957, -0.019, 0.9947, 1.0019, 0.9837, 1.0057, -0.0063, 1.0163, 1.0023, 0.0038, 1.0027, 0.9953, 1.0152, 1.0062, 0.9988, 0.0057, 1.0038, 0.9952, 1.0031, 1.0073, 0.0038, 0.9982, 0.9909, 0.0074, 0.9908, 0.9976, 1.0133, 0.9912, 0.0031, 0.9808, 0.9943, -0.0096, 0.996, 0.9971, -0.0034, 1.0137, 1.0226, 0.0214, 1.0143, 1.0117, 1.0137, 0.0065, 0.0107, 0.9947, 1.0051, 0.0083;"=""0.3654""";"=""2.5798""";Апериодическое Мозаичное Мерцание Призрака (Чистый апериод)
SPECTRE_SHIMMER_23;1.0003, -0.0207, 0.9935, 1.0069, 1.0074, 1.0023, 0.0005, 1.0131, 1.0012, 0.007, 1.0122, 1.0154, -0.0095, 0.9695, 1.0081, -0.0129, 0.9925, 0.9996, 1.0159, 0.9993, -0.0073, 1.0071, 1.0092, -0.0029, 0.9941, 1.0105, 1.0083, 1.0041, 0.0027, 1.0022, 0.9964, -0.0018, 1.01, 1.0042, 0.9871, 1.005, 0.0083, 0.9928, 1.0076, -0.021, 0.9988, 0.9905, 1.0083, 0.9866, 0.0035, 0.9996, 0.995, -0.0015, 0.9976, 0.9901, 0.9938, 1.0105, 0.0103, 1.0105, 0.9722, 0.0101, 1.0016, 1.0053, 1.003, 0.9931, 0.0033, 0.9968, 0.981, 0.0023, 1.0048, 1.0138, -0.0058, 0.9917, 1.0008, 0.0083, 1.0153, 0.9907, 1.003, 1.0186, -0.0099, 1.0071, 0.976, 0.0205, 1.0052, 1.0052, 1.0178, 0.9964, -0.0009, 0.9997, 1.0161, -0.0065, 0.9954, 1.0077, -0.0127, 0.999, 1.0018, -0.007, 0.9927, 0.9897, 0.9941, 1.0039, 0.0152, 0.9905, 0.9949, 0.0074;"=""0.3123""";"=""2.5677""";Апериодическое Мозаичное Мерцание Призрака (Чистый апериод)
SPECTRE_SHIMMER_24;0.0059, 0.0094, 1.0107, 1.0012, 1.0044, 0.9881, 0.0001, 1.0017, 0.9967, 0.0029, 1.0073, 1.0002, 0.0133, 1.0, 0.9942, -0.0073, 1.0107, 0.9999, 1.0063, 1.0049, 0.0027, 0.9954, 1.0055, 0.0091, 0.9908, 1.0127, 0.9915, 0.9993, 0.0069, 0.989, 0.9913, 0.0107, 0.9943, 1.0141, 0.9959, 1.0184, -0.0104, 1.0071, 0.9975, -0.0054, 0.9889, 1.008, 1.0108, 1.0102, -0.0108, 0.9803, 1.0131, 0.0073, 1.0028, 1.013, 0.9967, 0.9964, 0.0056, 0.9888, 0.9985, -0.0051, 0.9998, 0.9965, 1.0037, 1.0007, -0.0139, 1.0218, 1.003, -0.0008, 1.0052, 0.9978, 0.0006, 1.0207, 0.9965, -0.003, 0.9919, 0.9878, 0.9956, -0.0202, -0.0014, 0.9919, 1.0014, 0.0021, 1.0018, 0.9969, 1.0013, 1.0038, 0.0114, 0.9895, 1.0002, 0.0075, 0.998, 0.9938, -0.0023, 0.9952, 1.0053, 0.0072, 0.9912, 0.9975, 1.0027, 0.9927, -0.0115, 0.9891, 0.9925, -0.0047;"=""0.4007""";"=""2.5725""";Апериодическое Мозаичное Мерцание Призрака (Чистый апериод)
SPECTRE_SHIMMER_25;0.979, 0.0121, 1.002, 1.0134, 0.9949, 1.0006, -0.005, 0.9891, 1.0005, 0.0036, 0.9828, 1.006, -0.0217, 1.0048, 1.0034, 0.0013, 1.0093, 1.0229, 0.9768, 1.0092, -0.0026, 1.001, 0.9949, -0.0114, 0.9915, 0.9793, 1.0063, 0.9822, 0.0212, 1.0145, 1.002, -0.003, 1.0083, 0.9914, 1.0124, 0.9986, 0.0136, 1.0021, 0.991, -0.0022, 0.9949, 0.9871, 1.0139, 0.9958, -0.0088, 0.9894, 1.012, 0.0103, 0.0073, 1.0149, 1.0137, 1.0147, 0.0191, 1.0008, 1.0013, -0.0106, 0.9899, 0.985, 0.9894, 0.9992, 0.0061, 1.0093, 0.9981, -0.0102, 1.0116, 0.9892, 0.0011, 0.9694, 0.995, -0.0105, 1.0069, 1.0253, 1.0148, 0.9994, -0.0037, 0.9936, 1.0013, -0.0, 0.9921, 1.0051, 1.0105, 1.0016, 1.0053, 1.0047, 0.9992, -0.0074, 1.0146, 1.0139, 0.0171, 0.9735, 1.0002, 0.0058, 0.9989, 0.9945, 0.9923, 0.9951, -0.0092, 0.9945, 0.9992, 0.0016;"=""0.3383""";"=""2.5772""";Апериодическое Мозаичное Мерцание Призрака (Чистый апериод)
SPECTRE_SHIMMER_26;1.0094, -0.0006, 1.0125, 1.0033, 0.9989, 1.0109, -0.0076, 0.9874, 1.0057, 0.001, 1.0077, 1.0018, -0.0246, 0.994, 0.989, -0.0038, 1.0006, 0.9955, 1.0132, 0.9923, 0.0127, 1.0108, 0.9947, 0.0025, 0.9989, 0.9912, 0.9963, 1.0046, 0.0076, 0.992, 0.9836, -0.0007, 0.9874, 1.0077, 1.0037, 0.9991, 0.9828, 1.0161, 0.9812, 0.0198, 1.0011, 0.992, 1.0012, 1.009, 0.0216, 1.0021, 1.0112, 0.0047, 1.0115, 0.9939, 1.0223, 0.9944, 0.0085, 1.0164, 0.9959, 0.009, 0.9952, 0.9967, 1.0131, 0.989, 0.01, 0.9925, 0.9833, 0.0006, 1.0031, 1.001, 0.0114, 1.0093, 1.011, 0.0029, 1.0074, 1.0055, 0.9881, 0.9918, -0.0108, 1.0013, 1.0142, -0.0061, 0.9906, 1.0068, 0.9915, 0.9939, 0.0105, 0.9879, 1.0101, 0.0125, 1.0097, 1.0084, 0.0024, 1.0005, 0.9917, -0.0104, 1.0009, 0.9893, 1.0093, 1.0061, -0.0054, 0.9987, 1.0012, -0.0117;"=""0.3772""";"=""2.558""";Апериодическое Мозаичное Мерцание Призрака (Чистый апериод)
SPECTRE_SHIMMER_27;1.0075, -0.0191, 1.0048, 1.0033, 1.0053, 1.008, -0.0019, 1.0004, 0.9918, 0.0031, 0.9964, 0.9847, -0.0041, 1.0051, 0.9914, 0.0094, 1.0073, 0.9981, 1.0118, 1.0066, 0.9987, 0.9939, 1.0067, 0.0091, 0.9756, 1.007, 0.9854, 1.0086, -0.0089, 1.0038, 1.0017, -0.0076, 1.0049, 0.9887, 1.0134, 1.0097, 0.0041, 1.0008, 1.0088, 0.0043, 1.0119, 1.012, 1.0181, 1.0062, 0.0132, 1.0132, 0.9934, -0.0057, 1.0012, 0.9858, 1.0161, 0.9831, -0.0006, 1.0081, 0.997, -0.0065, 1.0046, 0.9914, 1.0071, 1.0098, 0.0064, 0.9959, 0.9926, 0.0092, 0.9924, 0.9865, 0.0031, 1.0005, 0.9909, 0.006, 0.9947, 1.0055, 0.9908, 0.9974, 0.0094, 1.0093, 1.0011, 0.006, 1.0113, 0.9897, 1.0035, 1.0072, -0.0011, 0.9954, 0.9934, -0.005, 0.9892, 0.9922, -0.0017, 1.0054, 1.0019, 0.006, 0.9842, 1.0009, 1.0022, 0.9824, -0.008, 0.9915, 0.9991, 0.0054;"=""0.38""";"=""2.5377""";Апериодическое Мозаичное Мерцание Призрака (Чистый апериод)
SPECTRE_SHIMMER_28;1.0134, -0.0082, 0.9994, 1.0018, 0.9837, 1.0171, 0.0089, 0.9737, 0.998, -0.0061, 0.9995, 0.9989, 0.005, 1.0107, 0.9995, 1.0009, 1.0083, 0.9989, 1.0049, 1.012, 0.0035, 1.0049, 0.993, 0.007, 1.0151, 0.9993, 1.0304, 0.9899, 0.0016, 1.0013, 1.0012, -0.007, 1.0072, 0.9887, 1.0016, 0.9944, -0.0015, 0.9918, 1.0099, -0.0141, 1.0093, 1.0088, 0.9974, 1.0091, -0.0133, 1.0078, 1.0088, 0.0079, 0.9923, 0.004, 1.0041, 0.9954, -0.0, 0.9911, 0.9909, -0.0143, 0.9992, 0.9999, 1.0033, 1.0016, -0.0141, 0.984, 1.0086, 0.0054, 1.0107, 1.0144, -0.005, 0.9913, 1.0172, -0.0054, 1.0015, 1.0044, 0.9988, 1.0, 0.0186, 1.0005, 1.0, 0.0021, 0.9984, 0.9942, 1.0047, 1.0182, 0.0121, 0.9906, 0.9805, 0.0087, 0.9951, 0.9978, 0.001, 0.9954, 0.9949, 0.0058, 1.0118, 1.0045, 0.9974, 1.0123, 0.0063, 0.9988, 1.012, 0.0093;"=""0.3671""";"=""2.5726""";Апериодическое Мозаичное Мерцание Призрака (Чистый апериод)
SPECTRE_SHIMMER_29;1.0017, 0.0159, 1.0118, 1.0192, 1.0085, 1.0015, -0.0125, 1.0152, 0.9842, 0.0019, 1.0141, 0.9947, -0.0007, 1.0289, 0.9956, 0.0075, 0.9761, 1.0039, 0.9953, 0.9874, 0.9851, 1.0056, 0.9726, -0.0135, 0.9938, 1.0018, 1.001, -0.0054, -0.0054, 0.0052, 0.0029, -0.0033, 1.0237, 0.9942, 0.9874, 1.0018, -0.0, 0.9936, 0.9961, 0.0016, 0.9921, 0.9789, 0.9983, 1.0049, 0.0078, 1.0062, 0.9984, -0.0207, 1.0071, 0.9899, 0.9959, 1.0158, 0.0044, 0.997, 1.0093, 0.0005, 0.9961, 0.9933, 1.0103, 0.9954, -0.0047, 1.0042, 1.0064, -0.0056, 0.9946, 0.9891, 0.0024, 0.9879, 0.9961, 0.0066, 0.9983, 0.9907, 0.9952, 0.9988, -0.0016, 1.0039, 0.9943, 0.0007, 0.9917, 1.002, 1.0117, 1.007, 0.0036, 0.9974, 1.0186, -0.0122, 0.99, 0.9871, -0.012, 0.9895, 1.0022, 0.0004, 0.9906, 0.9992, 0.9944, 0.9977, 0.0026, 0.9943, 0.9952, -0.0013;"=""0.4467""";"=""2.5807""";Апериодическое Мозаичное Мерцание Призрака (Чистый апериод)
SPECTRE_SHIMMER_30;0.995, 0.0039, 0.987, 1.0112, 0.9935, 0.9925, -0.0125, 0.9982, 1.004, 0.0147, 0.9969, 1.0087, 0.0056, 1.0027, 1.003, 0.0088, 1.0016, 1.0178, 0.9925, 0.9892, -0.0065, 0.9935, 0.9853, -0.0081, 0.9983, 1.0037, 1.0129, 0.9935, -0.0192, 1.0039, 1.0025, -0.0061, 1.0059, 1.004, 1.0187, 0.9966, 0.0081, 0.9987, 1.0066, -0.0131, 0.998, 1.0054, 1.0004, 1.011, 0.0012, 0.9997, 1.0126, 0.009, 0.9974, 0.9913, 1.0042, 0.9834, 0.0211, 1.0065, 0.9937, 0.0145, 0.9896, 0.9981, 1.0086, 1.0045, 0.0014, 0.9896, -0.0007, -0.0129, 0.9971, 0.9988, -0.0049, 1.0052, 0.9874, -0.0039, 1.0063, 0.9964, 1.0004, 1.0113, -0.0028, 1.0126, 0.9882, 0.0022, 0.9933, 0.9915, 0.9901, 1.0115, 0.0126, 0.9938, 1.0022, -0.0047, 1.0013, 1.0139, 1.0241, 1.0164, 0.997, 0.0152, 1.0077, 0.9835, 0.9902, 0.998, 0.0045, 1.0197, 0.9873, -0.0036;"=""0.3618""";"=""2.5751""";Апериодическое Мозаичное Мерцание Призрака (Чистый апериод)
SPECTRE_SHIMMER_31;1.0173, -0.0037, 0.9977, 0.9942, 1.0153, 1.0196, -0.0046, 1.0242, 0.9912, -0.0024, 0.9785, 0.9967, -0.0119, 0.9974, 0.9901, 0.0018, 0.9872, 1.0006, 1.0009, 0.9994, -0.0015, 0.9885, 1.0038, 0.0089, 0.994, 0.9982, 1.0151, 0.9996, -0.0084, 0.9946, 1.0047, 0.0014, 1.0063, 1.0036, 1.0099, 1.0065, 0.0008, 0.9998, 0.9981, 0.0093, 0.9985, 1.0222, 0.9981, 0.975, -0.0092, 1.0071, 0.9837, -0.0234, 1.0113, 0.991, 0.9833, 0.9904, 0.0027, 1.0047, 1.0086, 0.0023, 1.005, 0.987, 1.0004, 0.9997, -0.0086, 0.9916, 1.0031, 0.0125, 1.014, 1.0073, -0.0104, 0.9842, 0.9952, -0.0202, 0.9918, 1.004, 0.9921, 0.9876, 0.0009, 1.0, 1.0058, -0.0025, 0.9959, 0.0069, 0.9945, 1.0022, -0.0041, 1.0035, 1.0081, -0.0056, 0.9743, 0.9889, -0.0053, 1.0069, 0.999, -0.0061, 0.9907, 0.9894, 1.0013, 0.9913, -0.0126, 0.9715, 0.9914, 0.0073;"=""0.3607""";"=""2.5789""";Апериодическое Мозаичное Мерцание Призрака (Чистый апериод)
SPECTRE_SHIMMER_32;1.0036, 0.0069, 0.9885, 1.0112, 0.9937, 1.0076, 0.0027, 0.9958, 0.9974, 0.0004, 0.9966, 1.0093, -0.0233, 0.9962, 1.0013, -0.0053, 1.0083, 0.9939, 0.9832, 0.9968, -0.0116, 1.0175, 0.9738, 0.002, 1.0097, 1.0093, 1.0095, 1.0131, -0.0096, 0.9879, 1.0124, -0.0183, 0.9965, 1.0073, 0.9954, 0.9946, 0.0056, 0.995, 1.0161, -0.0039, 0.9866, 0.0088, 0.9966, 0.9855, 0.005, 1.0109, 0.988, -0.0047, 0.9995, 1.0106, 0.9963, 0.9852, 0.0028, 0.9956, 1.0055, -0.0133, 1.0165, 1.0078, 1.0078, 0.9824, -0.0128, 0.9946, 0.9982, 0.0117, 1.0081, 1.0046, 0.0015, 1.0051, 1.0, 0.0021, 0.9862, 1.0088, 1.0107, 1.0028, -0.0142, 1.0013, 1.0094, 0.0167, 0.9881, 0.9969, 0.9975, 0.9837, -0.0119, 0.9877, 1.0059, -0.0017, 1.0124, 1.0022, 0.019, 1.0158, 0.9999, -0.0081, 0.9722, 1.0068, 1.0081, 1.0051, 0.0043, 0.9974, 0.9971, -0.0088;"=""0.2813""";"=""2.5742""";Апериодическое Мозаичное Мерцание Призрака (Чистый апериод)
SPECTRE_SHIMMER_33;0.9915, 0.0041, 1.002, 1.009, 1.0063, 1.0196, -0.0077, 0.9985, 1.0002, 0.0062, 1.0064, 1.0036, -0.0011, -0.0039, 1.0049, 0.0, 0.9901, 1.0018, 0.999, 0.9983, 0.0001, 1.0076, 1.0155, -0.0044, 1.0181, 1.0032, 1.0136, 0.9914, -0.0121, 0.993, 0.9952, -0.0137, 1.0278, 0.9994, 1.0205, 1.0002, 0.0169, 1.0206, 1.002, -0.0134, 0.9965, 1.0085, 1.0072, 1.0177, -0.0061, -0.0058, 0.9899, 0.9906, 0.9859, 0.9901, 1.0224, 1.0105, -0.011, 1.0069, 0.998, -0.0111, 1.0125, 0.993, 0.9897, 0.9881, 0.0017, 1.0106, 1.0092, -0.0019, 1.0038, 0.9879, 0.0033, 0.9911, 1.0105, 0.031, 0.9938, 0.9964, 1.0015, 0.9845, 0.0119, 0.9926, 1.008, -0.0021, 1.0102, 0.9816, 0.9926, 1.0017, 0.017, 1.0013, 1.0095, 0.0069, 0.984, 0.9962, -0.0033, 1.0044, 0.9905, -0.0089, 0.9963, 1.0156, 1.0181, 0.994, 0.0042, 0.9898, 1.0068, -0.0036;"=""0.3691""";"=""2.5781""";Апериодическое Мозаичное Мерцание Призрака (Чистый апериод)
SPECTRE_SHIMMER_34;0.9907, -0.013, 0.9873, 0.9861, 0.9973, 0.9902, 0.0156, 1.0102, 1.0149, -0.0052, 0.9967, 1.0001, 1.0033, 0.9984, 0.9962, 0.0025, 0.9992, 0.9984, 0.9978, 1.0098, -0.0047, 0.9994, 0.9919, -0.0056, 0.9849, 1.028, 1.006, 0.9989, -0.0128, 0.9939, 0.9924, -0.0102, 0.9895, 0.9944, 0.9953, 0.9873, -0.0182, 1.004, 0.9884, -0.0062, 1.0154, 0.9902, 1.0084, 1.0269, 0.0025, 1.0071, 0.9862, 0.0115, 1.0061, 0.9861, 1.0014, 1.0019, 0.0038, 0.9979, 0.9793, 0.0049, 1.0055, 0.9948, 1.0089, 1.0156, 0.0012, 0.9882, 0.9916, 0.0002, 1.0029, 0.9792, 0.0149, 1.0041, 0.9893, -0.0139, 1.0097, 1.0046, 1.0245, 1.0025, -0.0092, 0.9853, 0.9938, 0.0009, 0.9973, 0.9974, 0.995, 1.0032, -0.0005, 1.0012, 1.0054, -0.0027, 0.9882, 1.0074, -0.0039, 1.0012, 0.9959, -0.013, 1.0018, 1.0007, 0.9931, 1.0035, 0.9675, 0.9887, 0.982, 0.007;"=""0.3319""";"=""2.5789""";Апериодическое Мозаичное Мерцание Призрака (Чистый апериод)
SPECTRE_SHIMMER_35;1.0175, -0.0026, 0.9928, 1.0028, 0.9767, 0.9954, 0.0021, 1.0038, 1.0145, 0.0134, 1.0032, 1.0019, -0.0097, 0.9934, 0.9999, 0.0205, 0.9805, 1.0135, 1.005, 1.0078, -0.0143, 0.9917, 0.9955, -0.0008, 1.0023, 0.9989, 0.9839, 0.997, 0.0077, 1.0042, 0.9919, 0.0021, 0.9962, 0.9988, 0.9905, 1.0066, 0.0087, 0.9909, 0.99, 0.0181, 0.9866, 0.9863, 0.985, 1.0155, -0.0039, 1.0052, 0.9947, -0.0042, 0.997, 1.0093, 0.9908, 1.0231, -0.012, 0.9986, 0.9943, 0.0029, 1.0022, 0.9913, 1.0112, 1.0004, -0.0001, 0.986, 1.0163, 0.0142, 1.0087, 1.0075, 0.0043, 1.0126, 1.0083, -0.006, 0.9957, 1.0028, 0.9902, 1.0098, 0.0205, 1.0121, 0.9976, -0.0083, 1.0081, 1.0019, 1.0115, 0.9998, 0.0072, 0.9892, 0.9888, 0.0042, 0.9926, 1.0157, 0.0066, 0.9928, 0.9929, -0.0092, 0.9901, 0.0117, 0.9829, 0.9918, 0.0156, 0.9947, 0.9962, -0.0079;"=""0.3739""";"=""2.5652""";Апериодическое Мозаичное Мерцание Призрака (Чистый апериод)
TURTLE_SHIMMER_1;1.0022, 0.0026, 0.0096, 0.0116, 0.9708, 0.0003, 0.9984, 0.9965, -0.0043, 0.0112, 0.9833, -0.0061, 0.0013, 0.0115, 1.008, 1.0057, -0.0058, 0.005, 0.9891, 0.0003, 0.0038, 0.9884, 0.011, -0.0089, -0.0139, 1.0045, -0.0001, 1.0047, 1.0097, 0.0115, -0.001, 0.995, 0.0112, 0.0067, 0.0068, 1.013, 1.0193, -0.0178, -0.0022, 1.0085, 0.0031, 0.0003, -0.0052, 0.9852, 0.9995, -0.0001, -0.0108, 1.0011, 0.0031, -0.0014, 0.991, -0.0003, 0.0087, -0.0003, 1.01, 0.0146, 0.9928, 0.9847, -0.0053, 0.0098, 0.9989, -0.0168, 0.0109, 1.0037, -0.0027, 0.0046, 0.0139, 1.0131, 1.0051, -0.0102, 0.0088, -0.018, 0.9852, 0.0197, 0.9934, 0.9872, 0.0092, -0.0116, 1.0112, 0.0054, 0.0139, 0.0198, 1.0088, 1.005, -0.0094, 0.0026, 1.0052, 0.0033, -0.0073, 0.9935, 0.0009, 0.0118, 0.0004, 0.9989, 0.0051, 1.0059, 0.9903, -0.0022, -0.0197, 0.994;"=""0.3182""";"=""2.5532""";Свернутый Квазикристаллический Поток Черепахи
TURTLE_SHIMMER_2;1.0079, -0.0086, 0.0016, -0.0082, 0.9899, 0.0024, 1.0066, 0.9974, 0.0019, -0.0027, 0.9875, -0.0026, 0.0065, 0.009, 1.0018, 0.9897, -0.0033, 0.0098, 0.9875, -0.003, 0.0035, 0.9949, -0.0005, 0.0001, -0.0027, 1.0106, -0.0027, 0.9971, 0.9853, 0.0088, 0.0168, 1.0125, -0.0077, -0.0081, -0.0008, 1.0013, 0.9944, 0.0047, -0.0015, 1.0085, 0.0006, -0.0162, -0.014, 0.9998, 0.995, 0.0032, 0.9852, 1.0032, -0.0121, 0.0017, 1.0031, 0.014, -0.0207, -0.0205, 0.9939, 0.0056, 1.011, 0.984, -0.002, 0.0047, 1.0133, -0.0078, 0.001, 1.0212, 0.008, -0.0125, -0.0065, 0.9998, 0.9936, 0.0002, 0.0114, 0.0124, 0.9928, -0.0053, 0.9933, 0.9871, 0.0004, 0.0148, 1.0051, -0.0096, -0.016, 0.0061, 0.9862, 0.9817, 0.0182, 0.0023, 0.9999, 0.0107, -0.0124, 0.9996, -0.0027, 0.0207, -0.0165, 1.0127, 0.0206, 0.9875, 0.9969, -0.0154, 0.0017, 0.9862;"=""0.3055""";"=""2.5417""";Свернутый Квазикристаллический Поток Черепахи
TURTLE_SHIMMER_3;1.0062, 0.0033, 0.0086, -0.0046, 1.0065, 0.0003, 1.0048, 0.9968, -0.0014, -0.0014, 0.997, 0.0164, -0.0038, -0.013, 1.0248, 0.9808, 0.0041, 0.0077, 1.0097, -0.0121, 0.0047, 0.984, 0.0168, 0.0133, -0.0037, 0.9959, 0.0049, 0.9812, 1.0037, 0.0108, -0.007, 1.0069, -0.0032, -0.0005, 0.0023, 1.0038, 1.0009, -0.0006, 0.0153, 0.9993, -0.0002, 0.0005, -0.0086, 0.9837, 0.9965, 0.0173, -0.0131, 0.9875, 0.0164, 0.0019, 0.9932, -0.0072, 0.0074, -0.0103, 0.9846, 0.0023, 1.0077, 0.0135, -0.0141, 0.0012, 1.0006, 0.0019, -0.0155, 1.013, -0.0037, -0.0058, -0.0135, 0.9803, 1.0058, -0.0075, -0.0038, 0.0116, 0.9886, -0.0032, 0.9948, 1.0001, 0.0053, 0.0047, 0.9889, 0.0111, -0.0129, -0.006, 1.0023, 1.0035, 0.0083, -0.0026, 1.0014, 0.0059, 0.0034, 0.9931, -0.0138, -0.0007, 0.0027, 0.99, 0.0026, 1.0022, 0.9872, -0.0044, -0.0069, 1.011;"=""0.3522""";"=""2.5737""";Свернутый Квазикристаллический Поток Черепахи
TURTLE_SHIMMER_4;0.999, 0.0075, -0.0032, -0.0013, 1.0063, 0.0001, 1.0223, 0.9896, -0.0025, 0.0028, 0.9931, -0.0189, -0.0049, 0.0013, 1.0002, 0.9945, -0.0095, -0.0067, 0.997, 0.011, -0.0031, 1.0077, -0.0107, -0.0065, -0.0011, 1.0078, -0.0009, 0.9886, 0.9949, 0.0019, 0.0048, 1.0066, -0.0044, -0.0151, -0.0003, 1.0027, 1.0116, 0.0, 0.023, 1.0077, 0.0033, -0.017, 0.0111, 0.9985, 1.0067, 0.0173, 0.0066, 0.9892, -0.0054, -0.0002, 0.9965, 0.0152, -0.016, -0.0074, 0.9979, -0.0021, 0.9975, -0.0124, -0.0051, 0.0123, -0.0017, -0.0015, -0.0246, 0.9989, -0.0069, -0.0014, 0.001, 0.988, 1.0104, -0.0015, -0.0101, 0.0096, 0.9898, -0.006, 1.007, 0.9921, 0.01, 0.0275, 0.9908, -0.005, 0.0051, 0.0113, 1.0013, 1.0008, -0.0041, 0.007, 1.0032, -0.0029, 0.0033, 0.993, 0.0072, -0.0049, -0.0064, 0.9855, 0.0006, 1.0062, 1.0045, 0.0147, -0.0115, 0.9799;"=""0.4093""";"=""2.5276""";Свернутый Квазикристаллический Поток Черепахи
TURTLE_SHIMMER_5;1.0089, 0.0017, 0.0077, -0.0093, 1.012, 0.0134, 1.0097, 1.017, 0.0007, 1.0119, 1.02, 0.0174, -0.0009, 0.0021, 1.0129, 1.0036, 0.015, 0.0102, 0.9847, 0.0026, 0.0053, 1.0027, -0.0064, -0.0004, 0.0143, 1.0034, -0.0208, 1.0114, 1.0063, 0.0122, 0.0051, 1.0123, -0.003, -0.003, 0.0028, 1.024, 1.0137, 0.0132, 0.0068, 1.0072, -0.012, -0.0125, 0.0151, 0.9857, 1.0035, -0.0053, 0.9962, 0.9869, -0.0025, -0.0085, 1.0063, 0.017, -0.0269, -0.0022, 0.9922, -0.0083, 1.0002, 1.0024, -0.0097, -0.0048, 0.9906, -0.0062, -0.0077, 0.9793, -0.01, -0.0047, 0.0043, 1.005, 1.0126, -0.0158, 0.0004, 0.0071, 1.0166, -0.0001, 1.0044, 1.0107, -0.0026, -0.0012, 1.0136, -0.018, -0.0078, 0.0086, 0.9917, 1.0139, 0.0069, -0.0307, 0.9889, -0.0009, -0.0094, 0.9939, -0.0044, -0.0133, -0.0049, 1.0029, -0.0025, 1.0076, 1.0203, 0.0092, 0.0109, 1.0061;"=""0.3721""";"=""2.5184""";Свернутый Квазикристаллический Поток Черепахи
TURTLE_SHIMMER_6;1.0017, 0.0027, -0.0005, -0.0074, 0.9926, 0.0077, 1.0153, 0.9972, -0.0079, -0.0032, 1.0121, 0.0061, 0.0092, 0.0017, 0.9792, 0.9879, 0.0075, 0.0023, 1.002, -0.003, 0.0056, 0.9816, -0.0088, -0.007, -0.0015, 1.0029, 0.0154, 0.9955, 1.0234, -0.0176, 0.0144, 1.0222, -0.0115, -0.0042, -0.0031, 0.9942, 0.9912, 0.0005, 0.0044, 0.9817, 0.0036, -0.0006, -0.0046, 1.0036, 1.0052, -0.0068, -0.0028, 1.0069, 0.0053, 0.0241, 1.0144, 0.0049, 0.0054, -0.0097, 1.0052, 0.0083, 0.9874, 1.0013, 0.0055, 0.0103, 1.0055, 0.0028, -0.0023, 1.0031, 0.0063, -0.0248, 0.0103, 1.0015, 0.0027, -0.0171, -0.0097, 1.0042, 1.0011, 0.0061, 1.0131, 1.0051, -0.0027, -0.0114, 1.0048, -0.0045, -0.021, 0.0009, 0.9906, 0.9935, -0.0189, -0.0119, 1.0065, -0.0083, -0.0089, 0.9988, 0.0061, -0.0067, 0.0165, 1.0011, -0.0069, 0.9914, 0.9975, 0.0065, -0.0006, 0.9931;"=""0.357""";"=""2.5637""";Свернутый Квазикристаллический Поток Черепахи
TURTLE_SHIMMER_7;0.9993, -0.0154, 0.0035, -0.0107, 0.9984, -0.0061, 1.0107, 1.0021, 0.0272, 0.0041, 0.0163, 0.0097, -0.0001, 0.0114, 1.0005, 1.0019, 0.0041, -0.0061, 1.0157, 0.0089, 0.0006, 0.9914, 0.0065, 0.0017, 0.0154, 1.011, -0.0064, 1.013, 0.9969, 0.0047, 0.0187, 0.9889, -0.02, -0.0105, 0.0152, 0.9931, 0.9886, 0.0174, 0.015, 0.9903, 0.0036, -0.0152, 0.008, 1.0009, 1.0012, -0.0124, 0.0032, 0.9968, -0.0011, 0.0007, -0.0021, -0.0007, -0.0028, -0.0059, 0.9926, 0.0061, 0.9955, 0.9985, 0.0033, -0.006, 1.0016, 0.0181, 0.0111, -0.0005, -0.0032, 0.0277, -0.0145, 0.9929, 1.0076, 0.0066, -0.004, -0.0067, 1.0029, -0.0271, 0.9914, 0.9972, 0.0027, 0.0078, 0.9883, -0.0092, -0.0011, -0.017, 1.0037, 1.001, 0.9883, -0.0035, 1.0007, 0.0155, 0.004, 0.9946, -0.025, 0.0081, 0.0082, 0.9994, -0.0054, 0.991, 1.0039, 0.0118, 0.008, 1.0047;"=""0.4446""";"=""2.553""";Свернутый Квазикристаллический Поток Черепахи
TURTLE_SHIMMER_8;1.0038, 0.0021, -0.0014, 1.0117, 1.0019, -0.0032, 1.0045, 0.9932, 0.0159, -0.0026, 1.0104, -0.0089, -0.0034, -0.0133, 0.9938, 0.9902, -0.0022, -0.0011, 1.004, -0.0099, 0.0039, 1.0088, 0.0107, -0.0031, -0.0018, 0.9945, -0.0067, 1.0024, 0.9999, -0.0091, 0.0002, 0.986, 0.0106, -0.0201, 0.0108, 1.0124, 1.0093, -0.0032, 0.0165, 1.009, 0.0, 0.013, -0.0132, 0.9888, 1.0179, 0.0002, -0.0001, 0.9948, 0.0067, -0.0032, 0.977, 0.0093, 0.0018, -0.0088, 1.008, -0.0017, 1.001, 1.0129, 0.0091, -0.0076, 1.0172, 0.012, 0.9952, 0.9855, -0.0028, -0.0098, -0.0219, 0.9832, 0.9905, -0.0011, 0.0098, 0.0069, 0.9737, -0.0025, 1.008, 1.0059, -0.0024, -0.0119, 0.9982, 0.0081, 0.0058, -0.0062, 1.0127, 1.0065, 0.0015, -0.003, 0.9894, -0.0168, -0.0019, 1.0018, -0.0, 0.0045, -0.0084, 0.9927, -0.0097, 1.0039, 1.0026, -0.01, 0.007, 0.9881;"=""0.3812""";"=""2.5323""";Свернутый Квазикристаллический Поток Черепахи
TURTLE_SHIMMER_9;0.9916, 0.0037, -0.0084, 0.0022, 1.0018, -0.0062, 1.0048, 0.985, 0.0045, -0.0028, 0.9942, 0.0029, -0.006, 0.0072, 0.9917, 1.0003, -0.0004, -0.023, 0.998, 0.0079, -0.0147, 1.0125, 0.0029, 0.0132, -0.006, 0.9909, 0.0092, 1.0026, 0.994, -0.001, 0.0014, 1.0078, 0.0078, -0.0049, -0.0065, 0.9967, 0.9852, 0.0002, 0.0094, 0.9947, 0.0072, 0.0083, -0.0172, 1.011, 1.0117, -0.009, -0.0241, 1.0024, -0.023, -0.0042, 1.0159, -0.0007, 0.0218, 0.0078, 0.9967, 0.001, 1.0013, 1.0047, -0.0089, -0.0012, 1.0196, 0.0166, 0.0016, 0.9797, -0.0087, 0.006, 0.0161, 1.0055, 1.0114, 0.0068, 0.0072, -0.0189, 0.9887, 0.0091, 0.9986, 0.9974, 0.0067, -0.0055, -0.0063, -0.0006, 0.0007, -0.0026, 0.9842, 1.01, -0.0064, -0.0205, 1.001, -0.0164, 0.0036, 0.9957, 0.006, 0.0061, 0.0089, 0.985, 0.0065, 0.9896, 0.9913, -0.0069, 0.0194, 0.9917;"=""0.3546""";"=""2.5726""";Свернутый Квазикристаллический Поток Черепахи
TURTLE_SHIMMER_10;0.994, -0.0043, -0.0165, 0.0217, 0.9894, 0.0071, 1.0008, 1.0105, -0.0135, 0.0052, 0.9951, 0.0068, 1.0001, -0.0093, 0.987, 1.0029, 0.0016, 0.0073, 1.0138, 0.002, -0.013, 0.9994, 0.0029, 0.0072, 0.0031, 0.9956, -0.0022, 1.0063, 1.0123, -0.0144, 0.9937, 1.0041, 0.0017, 0.0032, 0.0014, 0.996, 1.0091, 0.0085, 0.0002, 1.0053, 0.012, 0.0023, -0.0041, 1.0093, 0.9993, -0.0172, 0.0024, 0.9957, -0.0003, -0.0147, 0.9982, -0.0037, -0.0085, -0.0092, 1.0005, 0.0055, 1.0074, 1.0022, -0.0043, -0.0074, 1.0131, 0.002, -0.0068, 1.0076, -0.0087, 0.001, 0.0001, 0.9945, 1.0134, 0.0003, -0.0053, -0.0028, 0.996, -0.0213, 0.9973, 1.0145, -0.0107, -0.0042, 1.0119, 0.0067, -0.0119, -0.0123, 1.0017, 0.9964, 0.0019, -0.0027, 1.0022, -0.0103, -0.0144, 1.0103, -0.001, 0.0037, -0.0128, 0.9964, 0.0078, 0.0003, 0.9884, 0.0009, 0.0081, 0.9977;"=""0.3803""";"=""2.56""";Свернутый Квазикристаллический Поток Черепахи
TURTLE_SHIMMER_11;1.0003, 0.016, -0.0009, 0.0079, 1.0052, 0.0142, 0.9953, 0.0004, 0.0059, 0.0058, 1.0082, 0.0118, 0.0014, -0.0096, 0.9985, 1.0039, 0.0051, 0.0009, 0.9905, -0.0032, -0.0067, 1.0074, 0.0229, -0.0099, -0.0082, 1.0045, 0.0169, 1.0039, 1.006, 0.0019, -0.006, 0.9757, -0.003, -0.0039, -0.0171, 0.9994, 0.9997, -0.0027, -0.0113, 0.9858, 0.0154, -0.0002, -0.004, 0.0113, 0.9976, -0.014, 0.0176, 0.9998, -0.0006, -0.0072, 0.991, 0.0078, 0.0068, -0.0039, 0.9872, 0.0193, 1.0015, 1.006, 0.0013, -0.006, 1.0033, -0.0205, 0.0174, 1.0106, 0.0079, 0.9978, 0.006, 1.0232, 0.9873, 1.0062, 0.0131, -0.0008, 0.988, -0.0009, 1.002, 1.0139, -0.0014, -0.0024, 0.9867, -0.0232, 0.0045, 0.0079, 0.9993, 1.0044, -0.0084, -0.0071, 1.015, 0.0079, -0.0002, 1.0093, -0.0025, -0.0284, 0.0176, 1.0087, 0.008, 0.9835, 1.0073, -0.0096, -0.006, 1.0189;"=""0.439""";"=""2.555""";Свернутый Квазикристаллический Поток Черепахи
TURTLE_SHIMMER_12;0.9803, -0.0065, 0.0094, 0.0081, 0.9979, -0.0043, 0.9876, 0.9948, -0.0137, -0.0098, 1.0036, 0.0112, -0.0081, 0.0046, 1.0026, 1.0108, -0.003, -0.029, 0.9982, -0.0131, -0.0082, 0.9964, 0.9883, 0.0137, -0.0055, 1.003, -0.0022, 1.0028, 1.0042, -0.0027, 0.0017, 1.0072, 0.0127, -0.0079, -0.0097, 1.0115, 0.9997, -0.0096, -0.0015, 1.0017, -0.0107, 0.0038, -0.0063, 0.9846, 1.0044, 0.009, 0.0105, 1.0154, 0.012, -0.0181, 0.988, 0.0002, -0.0108, -0.0026, 1.004, -0.011, 1.0134, 1.0158, 0.0075, -0.016, 0.9879, -0.0027, 0.0154, 1.008, -0.0014, -0.0114, 0.0109, 0.9984, 1.0002, 0.0127, -0.0146, -0.0132, 0.9875, -0.0138, 0.9918, 1.0025, -0.0009, 0.0033, 1.0016, -0.0021, -0.0044, -0.0207, 1.0132, 0.9784, 0.0042, 0.0098, 1.0156, 0.0132, 0.018, 1.0083, -0.0035, 0.0053, 0.0017, 1.0098, 0.0043, 1.0122, 1.0042, -0.001, 0.0065, 0.99;"=""0.3588""";"=""2.5667""";Свернутый Квазикристаллический Поток Черепахи
TURTLE_SHIMMER_13;0.9998, 0.0039, -0.0154, -0.0073, 0.9913, -0.0117, 0.9934, 1.0066, -0.0051, -0.0179, 0.9977, 0.0118, -0.0057, -0.0071, 0.9968, 0.9921, -0.0083, -0.006, 0.9808, 0.0028, -0.0105, 1.0073, -0.0136, 0.019, -0.0178, 0.9904, 0.0025, 1.0144, 0.9988, -0.0104, -0.0207, 1.0214, -0.0089, -0.0089, 0.0082, 0.9892, 1.0044, -0.011, -0.0027, 0.9888, 0.0141, -0.0161, -0.0041, 1.0004, 0.0088, 0.0068, -0.0006, 0.9952, 0.0139, -0.0055, 0.986, 0.0066, 0.0097, -0.0037, 1.005, -0.0139, 1.0181, 1.0004, 0.0028, -0.0156, 0.9946, -0.0141, 0.9998, 1.0039, 0.0063, -0.0152, -0.0047, 0.9987, 0.0059, -0.01, 0.0104, 0.0117, 1.0209, -0.01, 0.9918, 1.0076, 0.0053, 0.005, 0.9988, 0.0014, -0.0139, -0.0028, 0.9791, 1.0046, -0.0148, -0.0071, 0.9984, 0.0021, -0.005, 0.992, 0.0279, 0.0163, -0.0141, 1.0066, 0.0036, 0.9919, 1.0022, -0.0125, 0.0095, 1.0112;"=""0.3568""";"=""2.5557""";Свернутый Квазикристаллический Поток Черепахи
TURTLE_SHIMMER_14;0.9972, 0.0165, -0.0061, -0.0102, 0.9715, 0.0024, 0.9852, 1.009, 0.0066, 0.0161, 1.0058, -0.0018, -0.0034, 0.0001, 0.9784, 0.998, 0.0111, 0.0132, 1.0097, -0.0039, 0.0163, 0.992, 0.0087, 0.0104, -0.0233, 0.9954, -0.0059, 0.9685, 0.9967, -0.0021, 0.0152, 0.9975, 0.0075, -0.0172, 0.0124, 0.9989, 1.0001, -0.0038, -0.0046, 1.0201, 0.0068, 0.0003, 0.988, 0.9783, 0.9907, 0.0094, -0.0004, 0.9907, 0.0032, -0.003, 0.991, 0.0023, 0.008, -0.0041, 0.9859, -0.0098, 1.0032, 1.0157, 0.0001, -0.0062, 0.9894, 0.0069, 0.008, 1.0114, 0.0073, -0.005, 0.0027, 1.0051, 0.9825, 0.0121, 0.0125, 0.9973, 1.0171, -0.0122, 0.9933, 0.9952, -0.0017, 0.0113, 0.997, 0.0012, 0.0115, -0.0117, 1.0099, 0.9958, -0.0145, 0.0083, 0.9855, 0.0207, -0.0013, 0.9953, -0.0076, -0.0021, 0.0149, 1.0069, -0.0081, 0.9939, 0.9956, 0.0, 0.0076, 1.0057;"=""0.3377""";"=""2.5355""";Свернутый Квазикристаллический Поток Черепахи
TURTLE_SHIMMER_15;0.9992, 0.0034, 0.0075, -0.0039, 1.0117, 0.0113, 0.9939, 1.0002, 0.0019, -0.0193, 0.995, -0.0049, -0.0062, 0.003, 0.9968, 0.9931, 0.0125, -0.0086, 1.0118, 0.0096, -0.0171, 0.9984, -0.0157, 0.0089, -0.0025, -0.0139, 0.0095, 0.9858, 1.0105, 0.0016, 0.0002, 1.0104, -0.0046, -0.006, -0.0139, 0.9892, 0.9968, 0.0099, -0.007, 0.9932, -0.0138, -0.0041, 0.0073, 0.9998, 1.0232, 0.008, 0.0066, 1.0087, -0.0138, -0.002, -0.0145, 0.003, -0.0081, 0.004, 0.9879, 0.0027, 0.9986, 1.008, -0.0159, -0.0004, 0.9959, 0.014, 0.0001, 0.98, 0.0054, 0.0084, -0.0071, 1.0024, 1.0021, 0.0125, -0.0024, -0.0192, 1.0072, -0.0037, 1.014, 0.9977, -0.0131, -0.0079, 1.0008, 0.0015, -0.0059, -0.004, 1.0152, 1.0174, 0.0177, -0.0103, 0.9945, -0.0037, -0.0107, 1.0016, -0.0082, -0.0095, 0.0024, 1.0189, -0.0033, 0.9874, 1.0052, 0.0094, 0.0005, 1.0152;"=""0.4012""";"=""2.5443""";Свернутый Квазикристаллический Поток Черепахи
TURTLE_SHIMMER_16;0.9957, -0.0065, -0.0106, 0.008, 1.0198, -0.0088, 0.9959, 1.0091, -0.0093, -0.0242, 1.0044, -0.0012, -0.0006, 0.0122, 1.0004, 0.9924, 0.0106, -0.0152, 1.0101, -0.0031, -0.0089, 0.9914, -0.0114, -0.0015, -0.0162, 0.9944, 0.0029, 0.9979, 0.9715, -0.006, -0.0191, 1.002, -0.0148, 1.0043, -0.014, 0.9886, 1.0135, -0.0022, -0.005, 1.0073, 0.0085, -0.021, 0.0174, 1.0032, 0.9821, 0.0065, -0.0094, 0.9912, -0.003, -0.0086, 0.9822, 0.0125, -0.0079, 1.0102, 1.001, 0.0028, 0.9978, 0.9931, -0.0061, -0.0203, 1.0, -0.0151, 0.0107, 0.9916, 0.0134, 0.0054, 0.0066, 0.9979, 0.9944, -0.0049, 0.0114, 0.0017, 0.981, 0.0084, 1.0086, 0.9907, -0.0103, -0.021, 1.0281, 0.0083, -0.0028, -0.0102, 1.001, 1.0061, -0.0061, 0.0098, 1.001, 0.0179, -0.003, 0.9989, -0.0033, -0.0026, 0.0063, 0.9971, 0.9866, 0.9951, 1.0064, -0.0115, 0.0153, 1.024;"=""0.372""";"=""2.5006""";Свернутый Квазикристаллический Поток Черепахи
TURTLE_SHIMMER_17;0.9907, 0.0167, 0.0058, -0.0162, 1.0014, 0.002, 1.0068, 0.9781, 0.0019, 0.0074, 0.9869, 0.015, -0.0221, 0.01, 0.9968, 0.9927, 0.0006, -0.0079, 1.0113, 0.0074, 0.001, 1.0079, -0.0069, 0.0031, 0.0095, 0.995, 0.0083, 1.0026, 1.0035, 0.0112, 0.023, 1.014, -0.0025, -0.0062, 0.0272, 1.0077, 0.9958, 0.0105, -0.0009, 0.9936, 0.0138, 0.0009, 0.0005, 1.0055, 1.0032, 0.0007, -0.0064, 0.9987, 0.0011, 0.0013, 0.997, 0.0075, 0.0115, 0.0064, 0.9985, -0.0104, 1.0035, 0.9945, 0.0006, -0.0125, 1.0025, 0.0029, -0.0192, 0.9951, -0.013, -0.0014, 0.0053, 0.9882, 0.9923, -0.0142, -0.0069, 0.0022, 0.9981, -0.0088, 0.9955, 0.9888, 0.0083, -0.0063, 1.007, -0.0032, -0.004, -0.0046, 0.9818, 1.0079, -0.0046, 0.0052, 0.9893, -0.0061, 0.0002, 1.0105, 0.0077, 0.0047, 0.0038, 1.0108, 0.0005, 0.9843, 1.0055, -0.0043, -0.0153, 0.9933;"=""0.3188""";"=""2.5428""";Свернутый Квазикристаллический Поток Черепахи
TURTLE_SHIMMER_18;1.0147, 0.0066, -0.0228, 0.0055, 1.0092, 0.0, 1.0055, 0.9842, -0.002, -0.0002, 1.0008, 0.003, 0.0025, 1.0034, 1.003, 1.0122, -0.0044, 0.0008, 1.0032, 0.0002, -0.0127, -0.0139, -0.0023, 0.0147, 0.0193, -0.0128, 1.0067, 1.013, 1.0106, 0.0063, -0.0017, 1.0131, 0.0145, -0.0041, -0.0027, 0.9923, 1.0069, 0.008, -0.008, 0.9946, -0.011, 0.003, 0.0125, 1.0008, 0.9768, 0.0053, 0.0023, 0.9968, 0.0115, -0.0025, 0.984, 0.0016, -0.0108, -0.0095, 1.0101, 0.0025, 0.9692, 0.9989, -0.0078, -0.0024, 0.994, 0.0001, 0.0086, 1.002, 0.0128, -0.0054, 0.0043, 1.0018, 0.9972, 0.0079, -0.0077, 0.018, 0.9814, -0.0005, 1.016, 1.0068, -0.0061, -0.0104, 1.0039, -0.0042, -0.0224, -0.0028, 0.9912, 1.0195, -0.0241, 0.0208, 1.0176, -0.0208, -0.0155, 1.0052, -0.0115, -0.0061, -0.0127, 1.0068, 0.0231, 0.9949, 1.0018, 0.002, -0.0045, 0.991;"=""0.3994""";"=""2.5575""";Свернутый Квазикристаллический Поток Черепахи
TURTLE_SHIMMER_19;1.0138, -0.0062, 0.0012, 0.0015, 1.0026, -0.007, 0.995, 1.0131, 0.0067, 0.0165, 0.9995, -0.0094, 0.0038, -0.0127, 1.0001, 1.0053, 0.0116, 0.0027, 1.0048, 0.022, 0.0132, 1.0, -0.0066, 0.0098, -0.0103, 0.9856, -0.0034, 1.0047, 0.9936, -0.0004, 0.0018, 0.9852, 0.0, -0.0056, 0.0102, 1.0024, 0.9818, 0.0061, -0.0034, 0.9987, 0.0058, 0.0017, -0.0022, 0.993, 1.0031, -0.0167, 0.0131, 1.0123, 0.0059, -0.0039, 1.009, 0.0067, -0.0219, 0.0169, 0.9949, -0.0043, 0.9929, 0.9913, 0.0024, 0.0131, 1.002, -0.0045, 0.0136, 0.9973, 1.0232, -0.0031, -0.001, 0.9961, 0.9971, -0.0023, 0.0101, -0.0159, 1.0032, -0.0049, 1.0116, 0.9843, 0.0223, -0.001, 0.9938, 0.0098, 0.0082, 0.011, 1.0139, 0.9903, -0.0045, 0.004, 1.0059, 0.0137, -0.0126, 0.9941, -0.0116, -0.0081, 0.9987, 0.9918, 0.0047, 0.997, 1.0004, 0.0171, -0.0051, 1.0037;"=""0.3828""";"=""2.5753""";Свернутый Квазикристаллический Поток Черепахи
TURTLE_SHIMMER_20;1.0106, 0.003, -0.0157, -0.0024, 1.0052, -0.0007, 0.9997, 1.0051, -0.0009, 0.0025, 1.0056, 0.0185, -0.0134, 0.0012, 0.9859, 0.9933, -0.0068, -0.0161, 0.9977, 0.0032, -0.0187, 0.9862, 0.0005, -0.0067, -0.0037, 1.0101, -0.0143, 1.0059, 1.0015, 0.0027, -0.0106, 0.9918, 0.0015, 0.019, 0.0088, 0.994, 1.0018, 0.0055, -0.0005, 1.0154, -0.0026, -0.0163, 0.0168, 1.0133, 0.9954, -0.0033, -0.0136, -0.004, 0.0035, -0.0018, 1.0065, 0.0053, 0.007, -0.0146, 1.0074, 0.007, 0.9898, 0.9965, 0.0041, -0.006, 1.0085, 0.0046, 0.0097, 0.9946, -0.0008, 0.0018, -0.0055, 1.004, 1.0023, 0.0033, -0.0146, 0.0034, 1.0179, 0.0129, 1.0076, 1.0078, -0.0129, -0.0159, 0.9999, -0.0226, 0.0002, 0.0027, 0.9951, 0.9957, -0.0007, -0.0036, 0.9913, -0.0093, 0.0046, 0.9969, -0.0099, -0.0164, 0.0034, 0.9884, 0.0176, 1.0204, 0.9803, -0.0052, 0.0098, 0.9977;"=""0.3546""";"=""2.5772""";Свернутый Квазикристаллический Поток Черепахи
TURTLE_SHIMMER_21;0.9912, -0.0191, -0.0054, 0.0049, 0.9952, -0.0018, 0.9966, 0.9853, 0.0003, 0.0094, 0.999, -0.0091, 0.0048, -0.004, 1.0029, 0.9973, -0.016, -0.004, 0.9871, -0.0154, 0.0134, 1.0341, -0.0097, 0.0061, -0.0211, 0.9943, -0.0114, 1.024, 1.0053, 1.0109, -0.0104, 1.0069, -0.0079, -0.0072, 0.0173, 0.9904, 0.994, 0.005, 0.0024, 1.005, -0.006, 0.012, 0.0049, 0.993, 1.0042, 0.01, -0.0196, 0.9966, 0.0047, -0.013, 0.9971, 0.0116, -0.0116, -0.0144, 0.9771, -0.0088, 1.0146, 0.9953, 0.9984, -0.0037, 1.0052, 1.0, 0.0039, 1.0043, -0.0069, 0.0056, 0.0066, 1.0036, 0.9875, 0.0128, 0.0033, -0.0162, 1.0021, 0.014, 0.9967, 0.9961, -0.0108, 0.0014, 1.0184, -0.0127, -0.0033, -0.0083, 1.0022, 1.0284, 0.0009, -0.0061, 0.9933, 0.0013, -0.0162, 1.0002, -0.0161, -0.0, -0.0064, 1.0101, 0.0098, 1.0003, 0.9954, 0.0058, -0.0082, 0.9922;"=""0.376""";"=""2.5637""";Свернутый Квазикристаллический Поток Черепахи
TURTLE_SHIMMER_22;0.9892, -0.0025, 0.0086, 0.0018, 0.995, 0.011, 1.0006, 0.9872, -0.0013, 0.0094, 0.9871, 0.0057, -0.0086, -0.0169, 1.0245, -0.0028, -0.0158, 0.0158, 1.0, 0.0054, 0.0009, 0.9912, 0.0048, 0.012, 0.004, 0.9948, -0.0205, 0.9903, 1.0025, 0.0195, -0.0217, 0.9976, -0.017, 0.0161, 0.0, 0.984, 0.9952, 0.0004, 0.0003, 1.0096, 0.0036, -0.0074, -0.0052, 0.9983, 0.9978, 0.0003, -0.008, 0.9927, 0.0037, 0.0036, 1.0094, -0.0021, 0.0008, -0.0191, 1.0207, -0.0067, 0.9979, 0.9756, -0.008, 0.0077, 1.0148, 0.0025, 0.004, 0.9953, -0.0046, -0.0152, -0.0054, 0.9878, 1.0027, -0.0006, 0.0071, -0.0025, 0.9827, 0.0043, 1.0054, 1.0138, -0.0075, 0.0078, 0.9916, 1.0049, 0.0128, 0.0143, 0.9879, 1.0085, 0.0088, -0.0214, 1.0073, -0.0052, -0.0133, 1.0028, -0.0049, 0.0135, 0.0133, 0.9994, 0.0083, 0.988, 1.0169, 0.0023, -0.0156, 0.9933;"=""0.3981""";"=""2.5826""";Свернутый Квазикристаллический Поток Черепахи
TURTLE_SHIMMER_23;1.0162, -0.0077, 0.0063, -0.0076, 1.0125, 0.0011, 1.0001, 0.9997, -0.0004, 0.0063, 1.0092, -0.0043, -0.0003, 0.0112, 0.9999, 0.9916, 0.0187, -0.0043, 1.0089, -0.0074, 0.0064, 0.9961, -0.0123, 0.0014, -0.0066, 0.9895, -0.0063, 0.9992, 0.9881, 0.0011, -0.006, 0.9907, 1.0065, -0.0009, 0.0038, 0.989, 1.0077, 0.0122, 0.0149, 0.9916, 0.0135, -0.0044, 0.0123, 1.0075, 0.9993, -0.0019, 0.0172, 1.0028, 0.0013, -0.0052, 1.0034, 1.0005, -0.0087, 0.0002, 1.0109, -0.017, 1.0047, 0.9955, 0.0003, 0.006, 0.9937, -0.0113, -0.0042, 1.0117, -0.0043, -0.0044, 0.0106, 0.9873, 0.9945, -0.0075, -0.0134, 0.0104, 1.0126, 0.0044, 0.9959, 0.9981, 0.0126, 0.015, 1.0081, 0.0011, -0.0207, -0.0111, 1.0032, 1.0126, -0.0003, 0.0036, 1.0061, -0.0065, 0.9847, 0.9991, 0.0193, -0.0167, -0.0101, 1.005, -0.0022, 1.0028, 0.9933, -0.0047, 0.0052, 0.9933;"=""0.319""";"=""2.4998""";Свернутый Квазикристаллический Поток Черепахи
TURTLE_SHIMMER_24;1.0043, -0.0012, 0.0034, 0.003, 1.0031, 0.0078, 0.9866, 0.9908, -0.0102, 0.0038, 0.9991, 0.0006, 0.0096, -0.0088, 0.9994, 1.0011, 0.0031, 0.0068, 1.0061, -0.007, -0.001, 1.014, -0.0036, 0.0056, -0.0162, 0.981, -0.0146, 0.9998, 1.0061, 0.0055, -0.0038, 1.0008, 0.0026, -0.0317, 0.0038, 0.9942, 1.0076, -0.0041, -0.0015, 0.9894, 0.0026, -0.0084, -0.0099, 0.9982, 1.0098, 0.007, -0.0025, 0.9854, 0.0021, 0.0036, 0.9747, -0.0146, -0.0022, -0.0066, 1.0123, 0.0145, 0.9861, 0.9742, -0.0185, -0.0001, 0.998, -0.0169, -0.0071, 0.9856, -0.0155, -0.0005, -0.0002, 0.9893, 1.012, 0.0041, 0.0229, -0.0059, 1.0094, -0.0112, 0.9819, -0.0078, -0.0012, 0.009, 1.0068, -0.0046, 0.0101, -0.0037, 0.9789, 1.0053, -0.0025, 0.0056, 1.0105, -0.036, 0.0009, 0.9823, 0.0087, 0.0021, 0.0068, 0.9979, -0.0036, 0.9828, 0.993, -0.0, -0.0074, 0.9916;"=""0.3428""";"=""2.4879""";Свернутый Квазикристаллический Поток Черепахи
TURTLE_SHIMMER_25;0.9857, -0.0006, 0.0106, 0.0017, 0.9841, 0.0063, 1.0077, 1.0109, -0.0075, 0.0003, 0.9894, -0.0071, 0.001, -0.01, 1.0247, 0.9875, -0.0188, 0.0056, 0.9962, -0.009, -0.0149, 0.9893, -0.0055, 0.0131, 0.0027, 0.9983, 0.0079, 1.0074, 0.9985, 0.0035, 0.0054, 1.0039, 0.0072, -0.0054, -0.0044, 0.9886, 1.0037, 0.0087, 0.0086, 0.9927, 0.0145, -0.0115, -0.0192, 1.0133, 0.9987, -0.0034, -0.0041, 1.0121, 0.0019, -0.0056, 1.0044, 0.0089, -0.0002, -0.0084, 0.9919, -0.0089, 0.9981, 0.9881, 0.001, -0.0038, 1.005, 0.0214, -0.0133, 1.0124, -0.0025, -0.0042, -0.006, 0.9937, 0.9976, -0.0179, -0.0094, 0.0065, 0.9828, 0.0016, 1.0016, 0.9969, 0.0025, -0.0106, 0.998, -0.0009, -0.002, 0.004, 1.0057, 1.0213, 0.0116, 0.0063, 0.999, -0.0068, 0.011, 0.987, 0.0033, 0.0177, 0.0151, 0.9932, -0.0107, 0.9936, 1.0175, 0.0097, 0.0207, 1.0058;"=""0.3259""";"=""2.5433""";Свернутый Квазикристаллический Поток Черепахи
TURTLE_SHIMMER_26;1.0166, 0.0067, -0.0121, 0.0125, 0.9973, 0.0051, 0.9982, 1.0167, -0.0139, -0.0204, 1.0016, -0.0008, 0.0137, -0.0067, 1.0004, 1.002, 0.0144, -0.0041, 1.016, -0.0047, -0.0018, 1.0078, -0.0076, -0.0038, 0.0059, 0.9984, -0.0019, 0.9972, 1.0052, 0.0103, -0.0003, 1.0264, -0.0035, 0.0037, 0.0021, 0.9986, 0.9876, -0.0088, -0.0124, 0.9988, -0.0113, -0.0123, 0.0113, 0.9978, 1.0026, -0.0046, -0.0147, 0.9844, -0.0, -0.0032, 1.0089, 0.0119, -0.0035, 0.0004, 0.9912, 0.0042, 0.988, 1.0097, -0.01, -0.0072, 1.0062, 0.0024, -0.0135, 1.0148, -0.0046, 0.0008, -0.0008, 1.0095, 1.0047, 0.0038, 0.002, 0.0128, 1.0107, 0.0224, 1.0023, 0.9968, -0.0177, 0.0009, 1.0071, -0.0041, 0.0087, -0.0035, 1.005, 1.0126, -0.0152, 0.0008, 0.9886, -0.0123, -0.0054, 1.0118, 0.0004, -0.0015, -0.0026, 0.9913, -0.0005, 0.9834, 1.0065, 0.0065, 0.0002, 0.9857;"=""0.3227""";"=""2.5817""";Свернутый Квазикристаллический Поток Черепахи
TURTLE_SHIMMER_27;0.986, -0.0042, 0.002, 0.0071, 0.9843, -0.0087, 0.9916, 1.0131, 0.0081, -0.0101, 1.0049, -0.0042, -0.0079, -0.003, 0.9859, 0.9995, -0.0149, 0.003, 1.0032, -0.0202, -0.0058, 0.9827, 0.0207, -0.0006, 1.0114, 1.0199, -0.0035, 0.9993, 0.9955, 0.0016, -0.002, 1.0118, 0.0025, -0.0025, -0.0015, 1.0073, 1.0087, 0.0155, 0.0001, 0.9803, -0.0001, 0.0088, 0.0063, 0.9803, 0.9774, 0.0076, 0.0047, 1.0106, -0.0024, -0.0151, 0.9987, -0.0205, 0.013, -0.0133, 1.0153, 0.0083, 1.0073, 1.0112, 0.0028, -0.014, 1.0058, -0.0122, 0.0144, 1.0209, 0.0239, 0.0112, 0.0022, 0.9921, 1.0081, -0.0068, -0.0142, -0.0017, 1.0142, -0.009, 1.002, 0.9941, 0.0099, -0.0112, 1.0007, -0.0082, 1.0011, 0.0074, 0.9855, 0.9988, 0.0015, 0.0072, 0.9878, 0.0085, 0.0043, 1.0034, 0.0085, 0.0134, 0.0063, 1.0121, 0.0067, 0.9872, 1.0005, -0.0089, 0.0086, 0.9956;"=""0.3603""";"=""2.5817""";Свернутый Квазикристаллический Поток Черепахи
TURTLE_SHIMMER_28;1.0094, 0.0089, -0.0046, -0.0036, 1.0115, -0.0007, 0.9905, 1.004, 0.0085, 0.0021, 0.9993, 0.0123, -0.0016, -0.0067, 0.9885, 1.0345, -0.0057, -0.0116, 0.9979, -0.001, 0.0034, 0.9893, -0.0029, 0.0054, 0.0153, 1.0233, -0.013, 0.9907, 1.002, -0.0097, 0.0012, 0.9975, -0.0057, 0.0145, -0.0107, 1.0098, 1.0012, -0.0084, -0.0007, 1.0127, -0.0044, -0.0005, 0.0019, 0.9976, 0.9968, -0.018, 0.0031, 0.9973, 0.002, -0.008, 1.0092, -0.0087, -0.012, 0.0019, 1.0095, -0.0071, 1.0103, 0.9809, -0.0022, -0.0024, 0.9889, -0.0113, -0.0025, 0.9813, 0.0035, 0.0178, -0.0063, 1.0018, 0.9937, 0.0009, 0.0135, -0.0023, 1.0021, -0.0048, 1.0042, 1.0099, -0.0006, 0.0157, 1.0229, -0.0013, 0.0072, 0.0089, 1.0062, 0.9845, -0.0025, -0.0016, 0.9981, 0.0188, 0.0055, 1.0122, -0.0012, -0.0029, 0.0127, 0.9938, -0.0022, 0.9917, 1.01, -0.0014, 0.0111, 0.9983;"=""0.3224""";"=""2.5378""";Свернутый Квазикристаллический Поток Черепахи
TURTLE_SHIMMER_29;1.0064, 0.012, 0.0029, 0.0064, 1.015, 0.0006, 1.0062, 1.0037, 0.0084, 1.0102, 0.9943, 0.0004, 0.006, 0.0036, 1.0234, 0.9921, 0.0003, -0.0225, 1.0087, -0.0023, 0.0006, 0.9983, 0.0057, -0.0085, -0.0098, 1.0119, 0.0136, 1.0234, 1.0038, 0.9876, 0.0112, 1.0024, -0.002, 0.0154, -0.0018, 0.995, 0.9893, -0.0113, -0.0106, 0.993, -0.0022, -0.007, -0.0039, 0.9834, 1.0064, 0.0125, -0.0011, 0.9916, 0.0007, 0.0115, 0.9914, 0.0049, -0.005, -0.0036, 0.9904, 0.0077, 0.9968, 0.0039, 0.0239, -0.0079, 1.0096, -0.0109, -0.0113, 0.9837, 0.0068, 0.0006, 0.0031, 1.0156, 0.9983, -0.0223, -0.0005, -0.0145, 1.0126, 0.0081, 0.9957, 0.9973, -0.02, -0.0006, 0.9786, 0.0015, 0.001, -0.0096, 0.0161, 1.0037, -0.0135, -0.004, 0.9908, 0.999, -0.0085, 0.9891, 0.0025, 0.0008, 0.0046, 0.9988, 0.0137, 1.0199, 1.0071, -0.0058, -0.0005, 0.9922;"=""0.4399""";"=""2.5475""";Свернутый Квазикристаллический Поток Черепахи
TURTLE_SHIMMER_30;0.9971, 0.0128, -0.0106, -0.0253, 1.0001, -0.0067, 0.9914, 0.9924, -0.0062, 0.0169, 1.0074, 0.0015, -0.0019, 0.0119, 1.0048, 1.0005, 0.0102, -0.0103, 1.0198, -0.0151, -0.0015, 1.0084, 0.0014, 0.0077, 0.0102, 1.0198, -0.0085, 0.99, 1.0027, 0.0208, 0.0018, 0.9954, -0.0063, -0.0068, 0.0091, 1.0048, 1.0188, -0.0064, 0.0036, 0.9877, 0.0054, -0.0005, -0.0009, 0.9813, 1.0037, 0.0176, 0.0116, 0.9955, -0.0044, 0.011, 0.9981, -0.0017, -0.0126, -0.0016, 1.0167, 0.005, 1.0036, 1.0059, -0.0083, 0.0027, 0.9955, 0.0014, -0.0081, 1.016, -0.0083, 0.0106, 0.0059, 1.0019, 0.9913, -0.0057, -0.0055, -0.0055, 0.9922, 0.0099, 0.9994, 0.9996, 0.005, -0.0016, 0.9966, 0.0065, -0.0033, 0.0061, 0.9936, 0.9942, 0.0269, 0.0003, 1.0008, 0.0278, 0.0141, 0.988, -0.0088, 0.0007, 0.0054, 0.9999, 0.0218, 0.9993, 1.0072, 0.0004, -0.0011, 0.9937;"=""0.3175""";"=""2.5479""";Свернутый Квазикристаллический Поток Черепахи
TURTLE_SHIMMER_31;1.0, 0.01, -0.0071, 0.0061, 1.0101, -0.0021, 1.0052, 0.9927, 0.0128, -0.0037, 0.9981, 0.0041, -0.0125, -0.008, 0.9977, 0.9991, -0.012, 0.0078, 1.0073, -0.005, 0.0063, 1.0115, -0.0104, 0.011, -0.0065, 0.9938, 0.0018, 0.9884, 1.0057, -0.009, 0.0084, 0.9948, 0.0105, 0.0232, 0.0038, 0.9923, 1.0011, 0.0172, -0.0006, 0.9881, -0.0095, 0.0067, -0.0009, 1.0056, 1.0282, -0.0012, 0.0082, 0.9988, 0.0115, 0.0052, 0.9962, 0.0014, 0.0022, 0.0036, 0.9807, -0.0144, 1.0044, 0.9945, -0.0067, 0.0039, 1.0088, -0.0095, 0.0038, 0.9828, -0.0003, -0.0079, 0.0041, 0.9832, 1.015, -0.0054, 0.0011, 0.0072, 1.0133, 0.0054, -0.0113, 0.9884, -0.0032, -0.021, 0.9893, -0.0151, -0.0031, 0.0068, 0.9902, 1.0105, 0.0025, -0.0042, 0.9979, -0.0105, -0.0128, 1.0016, 0.011, -0.0034, 0.0026, 1.0004, 0.9918, 1.014, 1.008, 0.0051, -0.0013, 1.0025;"=""0.4076""";"=""2.5627""";Свернутый Квазикристаллический Поток Черепахи
TURTLE_SHIMMER_32;1.0021, -0.0157, 0.0078, -0.0073, 1.0076, -0.0196, 0.9971, 0.9868, -0.0132, 0.0016, 0.9824, -0.0069, -0.0061, 0.0133, -0.0072, 0.9904, 0.0036, -0.0018, 0.9937, 0.0046, -0.0115, 0.9915, 0.0081, 0.0217, 0.0005, 0.9998, -0.0069, 0.9926, 1.013, -0.0045, -0.0095, 1.0098, -0.0068, -0.0083, 0.0005, 1.004, 1.0002, 0.0043, 0.0094, 1.0147, -0.0233, -0.0067, 0.0013, 1.0023, 1.0005, -0.0064, 0.0069, 0.992, 0.0041, -0.0146, 1.0042, 0.0019, 0.0209, -0.0092, 1.0214, -0.0006, 0.9982, 1.0109, -0.0189, -0.0017, 1.0133, 0.0122, -0.0028, 0.9877, 0.0079, -0.0103, -0.0113, 1.001, 1.0068, 0.0177, -0.0009, 0.0157, 0.9929, -0.0084, 0.9972, 0.985, -0.0131, -0.016, 0.9989, -0.015, -0.0194, 0.0048, 1.0089, 0.9962, 0.0104, -0.0003, 0.9937, -0.0152, -0.0139, 0.9849, -0.0066, -0.0112, 0.0069, 0.9993, 0.0026, 0.9948, 0.9856, 0.0083, 0.0005, 0.9942;"=""0.3522""";"=""2.5747""";Свернутый Квазикристаллический Поток Черепахи
TURTLE_SHIMMER_33;0.9902, 0.0113, -0.0113, 0.0252, 0.9998, -0.0022, 1.0056, 1.0197, 0.0016, 0.0082, 0.9971, -0.0093, 0.0003, 0.0027, 1.0004, 0.9959, 0.0155, 0.0022, 1.0059, 0.0022, -0.0127, 1.0061, 0.0116, 0.0028, -0.0089, 0.9964, 0.0137, 1.013, 1.0059, 0.0183, -0.0004, 0.987, -0.0009, 0.016, 0.0049, 1.0038, 0.9947, 0.012, 0.0065, 0.998, 0.0102, -0.0115, -0.0101, 1.0116, 1.0046, 0.0175, 0.0133, 1.0062, 0.0188, -0.0081, 1.0021, -0.01, 0.0002, -0.0056, 1.0072, -0.0173, 0.9954, 1.0058, -0.0064, 0.006, 1.0037, -0.001, -0.0031, 0.9899, -0.0046, 0.0093, 0.0067, 1.0122, 1.0115, -0.0085, 0.0148, 0.0093, 1.0075, -0.0034, 1.006, 1.0095, 0.0144, -0.0072, 0.9805, -0.0091, -0.0031, -0.0008, 0.9994, 1.0027, 0.0022, -0.0065, 0.9868, -0.0103, -0.007, 1.02, 0.994, 0.0171, 0.0135, 0.9889, 0.0019, 1.0155, 0.9927, -0.0007, 0.0073, 1.0075;"=""0.3631""";"=""2.5641""";Свернутый Квазикристаллический Поток Черепахи
TURTLE_SHIMMER_34;0.9986, -0.0124, -0.0205, -0.0129, 1.012, 0.0099, 0.9944, 0.994, 0.0132, -0.0142, 1.0139, 0.0066, -0.0113, 0.0091, 1.0024, 1.0001, 0.0091, 0.0002, 0.9921, -0.0069, 0.0078, 1.005, -0.0016, 0.013, -0.0028, 0.9891, -0.0066, 0.9903, 1.0013, -0.0071, -0.0037, 0.9889, -0.0024, 0.0003, -0.0078, 0.9965, 1.0021, 0.0089, 0.0192, 0.9988, 0.0087, -0.0031, -0.0008, 1.0112, 1.0153, 0.0088, -0.0157, 0.9807, 0.0049, -0.004, 1.001, -0.0058, -0.0011, 0.0073, 1.0081, 0.0173, 0.9958, 0.998, -0.0124, -0.0026, 1.0192, 0.004, -0.0078, 0.9954, 0.0004, 0.0041, -0.0126, 1.0097, 0.9947, 0.0146, 0.0034, 0.0011, 0.9918, -0.0089, 1.0147, 0.9829, -0.0138, -0.0069, 0.9985, 0.0056, -0.0212, -0.0111, 0.9718, 1.0098, 0.012, 0.9993, 0.9978, -0.0045, -0.0056, 1.0085, 0.0079, 0.0223, 0.0047, 1.0024, -0.0052, 1.0037, 0.9965, -0.0151, -0.0049, 1.0067;"=""0.3611""";"=""2.5817""";Свернутый Квазикристаллический Поток Черепахи
TURTLE_SHIMMER_35;0.994, 0.0009, 0.0018, -0.0021, 0.9955, -0.0062, 1.0088, 1.0178, -0.0003, 0.0038, 1.0204, 0.0186, 0.005, -0.0069, 1.0004, 0.99, -0.0035, 0.0097, 0.9924, 0.001, 0.0085, 1.0072, -0.0114, 0.0094, 0.0087, 1.0089, 0.0153, 0.9787, 1.0173, -0.0171, -0.0007, 0.9974, -0.0083, 0.0135, 0.0165, 0.9878, 0.9953, -0.0017, 0.0132, 0.9984, -0.0056, 0.0012, -0.0117, 0.9973, 0.9965, -0.012, 0.0034, 0.9987, -0.0092, 0.0074, 0.9989, 0.003, -0.0192, 0.0027, 0.981, 0.0004, 0.9913, 0.9969, -0.01, -0.0158, 1.0041, -0.0041, -0.007, 1.007, -0.0029, -0.0035, 0.002, 0.9917, 1.0145, 0.0032, -0.0056, -0.0061, 1.0097, 0.9895, 1.0054, 1.0036, -0.0035, -0.0197, 0.9928, 0.002, 0.0031, 0.0098, 1.0004, 0.9992, -0.0082, 0.0041, 1.0051, 0.0207, -0.0019, 1.02, -0.0006, 0.0078, 0.0047, 1.0012, -0.0183, 0.9964, 1.0047, -0.0119, 0.0023, 0.9933;"=""0.3647""";"=""2.5622""";Свернутый Квазикристаллический Поток Черепахи
COMET_SHIMMER_1;0.9961, 0.9733, 0.9886, 1.0111, 0.9978, 1.0078, 0.9925, 1.0391, 0.9914, 1.0073, 0.9953, 1.0109, 1.0105, 0.9879, 0.9936, 0.9875, 0.988, 1.0138, 1.0076, 0.9992, 1.0085, 0.9893, 1.0156, 0.9891, 1.0049, 0.9937, 1.0001, 0.9986, 1.0076, 1.0038, 0.9892, 0.9994, 1.0056, 0.0151, 1.0048, 1.014, 1.0078, 1.0125, 1.0042, -0.0162, 1.0067, 0.9952, 1.0167, 1.0112, 0.9981, 1.0173, 0.9949, 0.9933, 0.9911, 1.0018, 0.9913, 0.9939, 1.0082, 0.9989, 1.0205, 0.9984, 0.9926, 1.0044, 1.0245, 1.0179, 1.0109, 1.0054, 0.9967, 1.0052, 1.0071, 0.997, 1.0051, 1.0168, 0.9981, 0.9857, 1.0038, 0.9996, 1.0082, 0.995, 1.0006, 0.9924, 0.9947, 1.005, 1.0156, 0.9996, 1.0001, 0.0182, 0.9925, 1.0081, 0.9989, 1.0088, 0.9956, 1.0049, 0.9843, 1.0024, 1.0038, 0.9874, 1.002, 1.0105, 1.015, 0.0054, 1.0014, 0.985, 0.9955, 1.0184;"=""0.4686""";"=""2.5561""";Турбулентная Мозаичная Пена Кометы
COMET_SHIMMER_2;1.0171, -0.0074, 1.011, 0.9916, 0.9916, 0.9926, 0.9953, 1.002, 1.0086, 0.9874, 0.9991, 1.012, 1.0035, 0.9944, 1.022, 1.0027, 1.0035, 0.9976, 1.0057, 1.009, 1.01, 1.0018, 0.9941, 1.0092, 0.9987, 1.0131, 0.9976, 1.0052, 1.0017, 0.9969, 0.9998, 0.9979, 1.0071, 0.0021, 0.9961, 1.0129, 1.0063, 1.0069, 1.0027, 1.0023, 1.0136, 1.0095, 0.9932, 1.0103, 0.998, 1.0064, 0.9915, 1.0045, 0.9987, 0.9968, 0.9932, 1.0176, 1.0048, 1.0044, 1.0069, 1.0087, 0.9993, 0.999, 0.9921, 0.9884, 0.9952, 0.998, 1.001, 0.9983, 1.0036, 1.0023, 0.9968, 0.9953, 0.9892, 0.9945, 1.0019, 0.9875, 1.0047, 0.9978, 0.9826, 1.0061, 1.0112, 1.0052, 1.017, 1.0026, 1.0045, 0.0078, 0.9977, 1.002, 0.9998, 0.9935, 1.0123, 0.9952, 0.9854, 1.0001, 0.99, 0.9885, 0.9991, 1.0086, 0.9995, -0.0035, 1.0057, 1.0031, 0.9998, 1.0056;"=""0.5233""";"=""2.5577""";Турбулентная Мозаичная Пена Кометы
COMET_SHIMMER_3;0.9996, 1.0112, 0.9896, 1.0141, 1.0009, 1.0006, 0.998, 1.0154, 0.9981, 1.0078, 1.0009, 0.9863, 0.9826, 1.0076, 0.9899, 1.0037, 0.9914, 0.9872, -0.0116, 1.019, 0.9977, 0.9953, 1.02, 0.9895, 1.0058, 1.0142, 1.0104, 0.9932, 0.0014, 0.992, 1.0005, 0.9894, 0.9905, 0.994, 0.996, 1.007, 0.9926, 1.0169, 0.9957, 1.0152, 1.0007, 0.9936, 0.9935, 0.981, 0.9969, 1.0021, 1.0019, 0.9944, 1.0096, 1.0215, 1.0132, 0.9959, 0.9896, 0.9912, 1.0056, 0.992, 1.0002, 0.9987, 1.0084, 1.0134, 0.9836, 1.0, 1.0042, 1.0248, 1.0002, 1.0028, 0.9964, 0.9985, 1.0086, 0.9887, 1.0111, 1.0119, 0.9827, 1.0021, 0.9996, 0.9974, 0.9966, 0.9981, 0.9932, 1.0016, 0.9947, 0.0077, 1.0065, 1.0054, 1.0023, 0.9843, 0.0125, 0.9965, 0.9928, -0.0059, 0.992, 1.0134, 1.0051, 0.9928, 1.005, 0.0047, 0.9672, 1.0077, 0.9817, 1.0022;"=""0.5593""";"=""2.5462""";Турбулентная Мозаичная Пена Кометы
COMET_SHIMMER_4;0.9859, 0.9909, 1.0149, 0.9946, 1.0162, -0.0108, 1.0031, 0.993, 1.0068, 0.979, 0.9986, 0.9973, 0.9942, 1.0016, 1.0063, 0.0059, 1.01, 1.0028, 1.0047, 0.9921, 0.9955, 1.0102, 1.0102, 0.996, 1.0126, 0.9904, 1.0066, 0.9791, 0.9984, 0.9984, 1.0078, 1.0079, 0.9911, 0.9931, 0.991, 1.0002, 0.9882, 0.9937, 1.0117, 0.9942, 0.9929, 1.0052, 0.9917, 1.0213, 0.9781, 1.0107, 0.9897, 0.9876, 0.9898, 1.0133, 1.003, 1.0005, 0.998, 0.9961, 0.9914, 0.9985, 0.9937, 1.0016, 1.0032, 0.9858, 0.9931, 0.994, 1.0019, 1.0057, 0.9919, 1.0092, 0.9974, 0.9967, 1.0018, 1.0056, 0.9959, 0.9911, 0.9924, 1.0073, 1.0149, 1.0057, 0.9999, 1.0055, 0.9843, 1.0071, 0.9971, -0.006, 0.9896, 1.0247, 0.9973, 0.9965, 1.0088, 1.0001, 1.0059, 0.9989, 1.0093, 1.0107, 1.0118, 1.0104, 1.0159, 0.0101, 0.9911, 0.9914, 1.0165, 1.0011;"=""0.5559""";"=""2.5673""";Турбулентная Мозаичная Пена Кометы
COMET_SHIMMER_5;1.0059, -0.0001, 1.0071, 1.0052, 0.9965, 1.0177, 1.014, 0.9976, 0.9886, 1.0015, 0.9964, 1.0076, 0.9984, 0.9944, 0.99, 1.016, 1.0032, 0.989, 0.993, 1.0107, 1.0087, 0.9835, 1.0135, 1.0058, 0.9955, 0.9828, 1.0032, 1.0068, 0.9865, 1.0057, 0.9876, 0.9945, 0.9976, 0.9968, 0.9791, 1.0085, 0.9973, 0.9933, 1.0015, 0.9899, 1.0044, 1.0019, 1.0002, 1.009, 0.9938, 1.0093, 0.9915, 1.003, 0.999, 0.9976, 0.9972, 0.9924, 1.0152, 1.0084, 0.9961, 1.0098, 0.9925, 1.0151, 1.0001, 1.0224, 0.993, 0.9995, 1.0021, 1.0089, 0.9961, 0.9957, 1.0001, 0.9974, 1.0048, 0.9965, 1.0048, 0.995, 0.9987, 1.009, 0.9976, 0.9794, 0.995, 1.0077, 0.9946, 0.9904, 0.9891, -0.0089, 0.9935, 1.0184, 0.9969, 0.9996, 1.0022, 0.9877, 1.0137, 0.9994, 1.0084, 0.9805, 0.998, 0.9855, 0.9968, -0.0256, 0.9942, 1.0118, 0.9964, 1.0182;"=""0.5702""";"=""2.535""";Турбулентная Мозаичная Пена Кометы
COMET_SHIMMER_6;1.0086, 1.0015, 1.0067, 1.005, -0.0036, 1.0046, 1.0102, 0.9956, 1.0049, 0.996, 0.9886, 0.9893, 1.0055, 0.9897, 0.9881, 0.9929, 0.9993, 1.0038, 0.9967, 0.9891, 0.9875, 1.0022, 0.9861, 0.9984, 0.9992, 0.9975, 1.0036, 0.9979, 1.006, 0.9975, 0.9884, 0.9966, 1.0015, 1.0042, 1.0157, 1.0022, 0.9971, 0.994, 0.9909, 0.9844, 1.0071, 1.0116, 0.9941, 1.0035, 1.0061, 0.9984, 1.0351, 1.0216, 0.9919, 1.0005, 0.9826, 0.9909, 1.0037, 0.9995, 0.9914, 0.9956, 0.9917, 1.0101, 0.9848, 0.98, 0.9985, 1.0164, 1.0153, 0.9936, 0.9975, 0.0002, 1.0026, 1.0204, 1.0085, 0.987, 1.0044, 0.9768, 0.9908, 1.0065, 1.0029, 0.9756, 1.0095, 0.9798, 1.0173, 1.0049, 0.9906, -0.0031, 1.0109, 1.0058, 1.0027, 1.0138, 0.9947, 0.9986, 1.0149, 0.9961, 1.0013, 0.9988, 1.0021, 0.9856, 0.9941, 0.0052, 0.9977, 1.0081, 1.0089, 1.016;"=""0.5384""";"=""2.5772""";Турбулентная Мозаичная Пена Кометы
COMET_SHIMMER_7;0.9874, 1.0191, 1.0088, 1.0122, 0.9974, -0.0051, 1.0111, 0.9964, 0.9923, 0.9928, 1.0009, 1.0169, 0.9788, 0.9892, 0.9933, 0.9983, 0.9845, 1.0156, 1.0083, 0.9936, 0.995, 0.9924, 1.0004, 1.0072, 1.0023, 0.996, 1.0066, 0.9599, 0.9971, 1.0121, 1.0269, 1.0029, 0.9921, 1.0051, 0.9971, 1.0072, 1.0026, 0.9807, 1.0163, 0.9749, 1.0139, 1.0018, 1.0101, 0.9961, 1.0014, 0.9967, 1.0136, 0.9942, 0.9925, 0.9912, 1.0075, 1.0148, 1.0161, 1.0006, 0.9978, 0.0048, 1.0147, 1.0035, 0.9878, 0.9982, 0.9984, 1.0028, 1.0094, 0.0026, 1.0185, 1.0093, 0.9864, 0.9987, 1.0001, 0.9922, 1.0001, 1.0019, 1.0123, 1.0125, 0.9951, 1.0256, 0.9925, 0.9885, 1.0128, 0.9931, 1.0135, -0.0074, 0.9969, 0.9884, 0.9835, 1.0015, -0.007, 1.0066, 0.9985, 1.0054, 1.0122, 0.994, 1.0094, 1.0113, 1.0023, 0.005, 0.9861, 1.0007, 0.9968, 1.0036;"=""0.5424""";"=""2.5763""";Турбулентная Мозаичная Пена Кометы
COMET_SHIMMER_8;0.9981, 0.9997, 1.0027, 0.9988, 0.9859, 0.9948, 0.9804, 1.0001, 1.011, 1.0014, 0.9906, 1.0172, 1.0106, 1.0141, 1.0052, 0.9959, 1.0007, 1.0005, 1.013, 0.989, 0.9877, 1.0029, 0.9945, 0.9981, 0.9964, 0.9896, 0.992, -0.0068, 1.0224, 0.9816, 1.0086, 0.9962, 0.9947, 0.9948, 1.0087, 1.0102, 1.0027, 0.9994, 0.9985, 1.012, 1.0024, 1.0089, 0.9858, 1.011, 1.0136, 1.0093, 1.0108, 1.0066, 0.9773, 1.0015, 0.9979, 1.0017, 0.976, 0.9886, 1.0103, 1.0008, 1.0023, 1.0083, 1.0163, 0.9879, 0.9809, 1.0035, 0.9942, 1.0073, 0.998, 0.9927, 1.0079, 0.9915, 0.9922, -0.0255, 1.0002, 1.0015, 1.0175, 1.0057, 1.0085, 1.0059, 0.992, 1.0027, 1.001, 1.002, 0.9922, -0.0006, 1.0005, -0.0095, 0.9984, 0.996, 0.99, 1.0012, 1.0165, 0.9956, 1.011, 0.9682, 0.9874, 1.0019, 1.0081, 0.018, 1.0144, 1.022, 1.0169, 0.9931;"=""0.5424""";"=""2.5763""";Турбулентная Мозаичная Пена Кометы
COMET_SHIMMER_9;1.0169, 0.9935, 0.9868, 1.0045, 0.9877, 1.0026, 0.994, 0.991, 0.9907, 0.9989, 1.0076, 1.0138, 0.9913, 1.0144, 1.0112, 0.9979, 0.9979, 1.0024, 0.9996, 0.9994, 1.0082, 0.9972, 0.9924, 0.9886, 1.0013, 1.0095, 0.9989, 1.0162, 0.9959, 0.9894, 0.9989, 0.989, 1.0015, 1.007, 0.9957, 1.0008, 0.9932, 1.003, 1.0101, 0.9879, 0.9863, 1.0022, 1.0123, 0.9937, 0.9801, 0.9916, 0.9967, 1.0139, 0.9996, 1.0174, 1.0108, 1.0028, 1.0074, 0.9895, 0.9914, 0.9942, 0.9939, 1.0199, 1.0074, 0.993, 0.0017, 1.0, 0.9972, 1.0073, 1.0099, 0.9886, 1.0187, 0.9875, -0.0006, 1.0244, 1.001, 0.9879, 1.0035, 1.0067, 0.9894, 0.99, 0.9962, 0.984, 1.0034, 0.9991, 1.0185, 0.015, 0.9948, 1.0195, 0.9944, 1.0008, 0.9988, 0.9964, 1.0036, 0.9967, 1.0006, 1.0116, 1.0073, 1.0081, 1.0013, -0.0022, 0.9858, 1.0175, 1.0077, 0.9891;"=""0.5548""";"=""2.5677""";Турбулентная Мозаичная Пена Кометы
COMET_SHIMMER_10;1.0129, 1.004, 1.0114, 0.998, 1.0121, 1.005, 1.0, 0.0013, 0.9971, 1.0044, 1.0089, 0.9847, 0.9848, 0.983, 0.9967, 1.0008, 1.0034, 1.0211, 1.0073, 0.9968, 0.99, 1.0024, 0.9931, 0.9953, 0.9919, 1.005, 0.9989, 1.0194, 0.9998, 0.9943, 1.0093, 1.021, 1.0007, 0.9966, 1.0002, 0.9863, 0.9911, 1.0011, 1.0116, 1.0192, 1.0078, 0.9795, 1.0005, 1.0039, 1.0046, 1.0081, 1.0011, 1.0043, 1.0117, 1.011, 0.9983, 1.0237, 1.0165, 0.9937, 1.003, 1.0011, 1.0053, 0.9854, 1.002, 1.0124, 0.9996, 0.9992, 0.9975, 0.9938, 1.0099, 1.019, 0.9989, 1.0124, 1.002, 1.0057, 1.0079, 1.0114, 0.9901, 1.0191, 0.9842, 0.9942, 1.0019, 0.999, 0.0087, 1.003, 0.9974, -0.0102, 1.0047, 1.0031, 0.9958, 1.0, 0.9884, 1.0157, 0.9875, 1.0213, 1.0104, 0.9961, 1.0014, 1.0006, 0.9704, -0.0163, 1.0044, 0.9946, 0.0155, 0.9946;"=""0.6033""";"=""2.5782""";Турбулентная Мозаичная Пена Кометы
COMET_SHIMMER_11;0.9968, 0.9853, 0.9863, 1.0091, 0.9962, 1.0, 1.0101, 1.0029, 1.0037, 0.9975, 1.0041, 0.9922, 1.0046, 0.9985, 0.9907, 0.9916, 0.9919, 0.9997, 0.992, 1.0018, 0.9972, 0.9973, 1.0077, 0.9832, 0.9967, 0.9956, 0.9989, 1.0013, 1.0011, 1.0033, 1.0165, 0.9797, 0.992, 1.0001, 1.0091, 0.9968, 1.0051, 0.9929, 1.0091, 0.9931, 0.9769, 0.9999, 1.0011, 1.0017, 0.9967, 0.9835, 1.0221, 0.9985, 0.9994, 0.9999, 0.993, 0.9944, 1.0156, 1.0042, 1.0015, 0.9842, 1.0179, 0.9964, 1.0106, 1.0021, 1.0029, 0.9957, 0.9996, 1.0015, 1.003, 1.0116, 1.0061, 0.9979, 0.9978, 0.9875, -0.0118, 1.0134, 1.0017, 0.9915, 1.0112, 0.9967, 0.9874, 0.9962, 1.0137, 1.0174, 0.9901, 0.0083, 0.9909, 1.0076, 1.0004, 1.0066, 1.0049, 0.9752, 0.9968, 0.9973, 1.0107, 1.0002, 0.9844, 0.9938, 0.9946, -0.0042, 0.9827, 0.9821, 0.985, 1.0077;"=""0.5557""";"=""2.5405""";Турбулентная Мозаичная Пена Кометы
COMET_SHIMMER_12;1.0046, 0.0058, 0.9955, 1.0005, 1.0003, 1.004, 0.9951, 0.9905, 0.9966, 1.0054, 0.9837, 0.9826, 1.0116, 0.9937, 0.9963, 0.9977, 1.0165, 0.9858, 0.9955, 0.9962, 0.9911, 1.0159, 0.9808, 1.0008, 1.0113, 1.0034, 0.9958, 1.0104, 1.0147, 1.0109, 0.996, 1.0053, 0.9871, 0.989, 0.9956, 0.989, 0.9922, 1.0066, 1.0031, 1.0055, 1.0108, 1.0002, 0.9911, 0.9878, 0.9967, 1.0034, 0.983, 0.9989, 1.0025, 0.9936, 0.9982, 1.0021, 0.9957, 0.999, 0.9939, 0.9944, 0.9882, 0.999, 1.0055, 0.9918, 0.9983, 1.0097, 0.9906, 0.9781, 1.0045, 0.9848, 1.0062, 0.9883, 0.9992, 1.0083, 0.973, 1.0017, 1.0128, 0.9837, 0.9986, 0.986, 0.9977, 0.9764, 0.9791, 0.9961, 0.9887, 0.0034, 1.0011, 1.0104, 1.0165, 1.0018, 1.0022, 0.995, 0.9762, 1.0126, 1.0026, 0.9949, 1.0014, 0.992, 1.0103, -0.0042, 0.9964, 0.9984, 1.0041, 1.0007;"=""0.5651""";"=""2.5143""";Турбулентная Мозаичная Пена Кометы
COMET_SHIMMER_13;0.9899, 1.0202, 1.015, 1.0151, 1.017, 1.0035, 0.9909, 1.011, 0.9929, 0.9991, 1.0054, 0.9905, 0.9986, 1.0034, 1.0003, 1.0121, 0.9901, 1.0097, 1.0095, 0.9957, 1.0077, 1.0037, 0.9855, 1.0078, 1.0084, 1.0072, 0.999, 0.9921, 1.0043, 0.9889, 1.0069, 1.0125, 0.9758, 0.9989, 1.01, 1.0064, 1.0042, 0.9886, 0.9999, 1.0053, 1.004, 0.9927, 0.9971, 0.9913, 0.9902, 0.9931, 0.9957, 0.989, 0.9834, 1.006, 1.0038, 0.9947, 0.9987, 0.989, 0.9867, 1.0111, 1.0079, 0.9836, 0.99, 0.998, 0.9966, 0.9969, 1.0015, 1.0088, 0.9866, 0.9921, 1.0089, 0.9916, 0.9958, 1.0018, 1.0125, 0.9838, 1.0133, 1.0003, 0.9834, 0.9887, 1.0011, 0.9969, 0.9976, 1.0196, 1.0025, 0.0003, 0.9929, 0.9965, 1.014, 0.9738, 1.0027, 0.9977, 1.0158, 1.0054, 1.0024, 0.9849, 0.9883, 0.9933, 0.9905, -0.0277, 1.0036, 1.0111, 0.995, 0.981;"=""0.5455""";"=""2.5579""";Турбулентная Мозаичная Пена Кометы
COMET_SHIMMER_14;0.9963, 1.0068, 0.0005, 0.9867, 0.9964, 0.9792, 0.9887, 0.9861, 1.0081, 0.9913, 0.9882, 1.0035, 0.9988, 1.0018, 1.0109, 1.0153, 1.0224, 1.0192, 1.0044, 0.9909, 0.997, 0.9995, 1.0043, 0.9866, 1.0106, 1.0062, 0.9977, 1.0045, 0.9991, 0.9959, 0.9997, 0.9898, 1.0188, 0.9872, 1.0057, 1.0002, 0.9936, 1.0106, 1.0001, 1.0019, 0.9707, 1.0053, 1.0008, 1.0048, 0.9905, 1.0144, 0.991, 1.0048, 1.0001, 1.0157, 0.9898, 1.003, 0.988, 0.9967, 1.0043, 0.995, 1.0021, 1.0004, 0.9948, 1.0092, 0.9974, 0.9991, 0.9977, 1.0068, 0.9983, 1.003, 0.9952, 0.997, 1.0035, 1.0032, 0.9893, 1.0009, 1.0005, 1.0073, 1.0039, 1.0155, 0.9998, 1.0002, 0.977, 1.0024, 1.006, -0.0142, 1.0137, 0.9935, 0.997, 1.0026, 1.0235, 0.9934, 1.0116, 0.993, 1.0003, 1.0059, 0.9959, 1.0137, 1.0037, 0.0074, 0.9954, 1.0076, 1.0021, 0.9938;"=""0.5643""";"=""2.5403""";Турбулентная Мозаичная Пена Кометы
COMET_SHIMMER_15;0.9894, 1.0009, 1.0131, 1.0054, 0.9997, 1.0063, 1.0014, 0.9982, 0.9966, 1.0157, 0.988, 1.0018, 1.0048, 0.9994, 1.0203, 1.0177, 1.007, 0.9984, 1.0148, 1.0159, 0.9963, 0.9972, 0.9939, 1.0056, 0.993, 1.0165, 1.0134, 1.0041, 1.0044, 1.0032, 1.0181, 1.0007, 0.989, 0.993, 1.0112, 1.0233, 0.9998, 0.9998, 1.0026, 1.007, 1.0181, 1.004, 1.0092, 0.9874, 1.0061, 1.0233, 0.9872, 0.9847, 0.9911, 0.9995, 0.9734, 0.9982, 0.9864, 1.0077, 0.9971, 1.0001, 1.0001, 0.9916, 0.9835, 1.0154, 0.9947, 0.997, 0.9832, 0.9998, 1.0072, 1.0054, 0.9986, 1.0059, 0.9923, 1.0038, 0.9938, 0.0094, 0.9859, 1.0118, 1.0063, 0.9853, 1.0054, 1.0037, 1.0002, 0.994, -0.0098, 0.0094, 0.9979, 1.0055, 0.9847, 0.9885, 0.9978, 0.996, 0.9922, 0.993, 1.0039, 1.0116, 1.0063, 0.9847, 0.9732, 0.0004, 1.0032, 1.0098, 0.9971, 0.9957;"=""0.5981""";"=""2.5667""";Турбулентная Мозаичная Пена Кометы
COMET_SHIMMER_16;1.0042, 0.9924, 0.9958, 1.0063, 0.9972, 1.0, 0.9858, 0.9942, 0.9947, 1.0187, 0.9872, 1.0129, 1.0013, 0.9884, 1.0009, 0.9971, 1.0024, 1.0158, 1.0006, 1.0011, 1.0216, 0.9878, 0.991, 0.9973, 1.0004, 1.0006, 1.0021, 0.9984, 0.9959, 1.0049, 0.9949, 1.0011, 0.9812, 0.9938, 1.0118, 1.0049, 1.0194, 0.9956, 0.9976, 0.9935, 1.0019, 0.9997, 1.0019, 0.9914, 1.0001, 1.0035, 1.0093, 1.0017, 0.9966, 1.0025, 0.004, 1.0211, 0.0056, 0.9934, 0.9777, 0.9921, 1.0056, 1.0038, 0.9992, 1.0022, 0.999, 1.0056, 0.9843, 0.9818, 1.0093, 0.9862, 1.0158, 0.9978, 0.9967, 1.0042, 1.0044, 1.0156, 0.9781, 1.0066, 0.9935, 1.0055, 0.9782, 1.0001, 0.9929, 0.0047, 1.0151, 0.0095, 0.9909, 1.0162, 0.9947, 1.0048, 1.0058, 0.9827, 0.9933, 0.9958, 0.995, 0.9876, 1.0034, 1.0037, 0.9901, -0.0116, 1.0217, 1.0008, 0.9854, 1.008;"=""0.55""";"=""2.5481""";Турбулентная Мозаичная Пена Кометы
COMET_SHIMMER_17;0.992, 1.0176, 1.023, 0.9969, 0.996, 1.0056, 0.9968, 1.0008, 0.9925, 0.9993, 0.9956, 1.0031, 1.005, 1.0039, 0.9941, 0.9945, 0.0059, 1.0152, 0.9893, 1.0073, 1.0102, 0.9814, 0.999, 0.9935, 0.9965, 0.9929, 1.0115, 0.9953, 0.9957, 1.0067, 0.988, 0.9955, 1.0018, 1.0163, 0.9974, 0.9974, 1.006, 1.0076, 0.9871, 0.9849, 1.0108, 0.9977, 0.9848, 1.0102, 1.001, 1.0018, 0.9915, 1.0184, 1.0087, 0.9786, 1.0066, 0.9971, 0.9976, 1.0, 1.0101, 1.0058, 1.005, 1.0028, 0.9933, 0.9799, 1.0037, 0.9791, 0.9929, 1.0053, 1.0041, 0.9991, 0.9891, 0.9952, 1.0069, 1.0032, 1.0227, 0.9981, -0.0031, 1.0066, 0.9891, 1.011, 0.9963, 0.9871, 0.9957, 0.9972, 0.9984, -0.0162, 1.009, 0.9899, 1.0153, 0.9902, 0.9847, 1.0131, 0.9974, 1.0043, 0.98, 0.9928, 0.9971, 0.9984, 1.0175, -0.0111, 1.0002, 1.0008, 1.0219, 1.0057;"=""0.523""";"=""2.5699""";Турбулентная Мозаичная Пена Кометы
COMET_SHIMMER_18;0.9874, 1.0003, 0.9936, 0.0148, 1.0034, 1.0136, 1.008, 0.9951, 0.9912, 1.0042, 1.009, 0.9909, 0.994, 0.992, 1.0033, 0.996, 0.9974, 1.0002, 1.0098, 1.0032, 1.0016, 1.0025, 1.0033, 1.004, 1.0073, 0.9942, 1.0155, 0.9884, 1.0169, 0.9908, 1.0162, 0.9968, 0.997, 0.993, 0.9971, 0.972, 0.9822, 1.0052, 0.9976, 1.0001, 1.0074, 1.0242, 1.0144, 1.0103, 0.9918, 0.992, 0.9913, 1.0176, 1.0089, 0.9926, 1.0076, 1.0109, 0.9997, 1.015, 0.9971, 0.9887, 1.0016, 0.9897, 1.0011, 1.0079, 0.9953, 0.9838, 0.9935, 1.0026, 0.9915, 1.0112, 0.9999, 1.0136, 0.9989, 1.013, 1.0165, 1.0026, 0.9922, 0.9843, 0.9994, 0.9919, 1.0008, 0.9931, 0.9936, 0.9984, 1.0018, 0.0172, 1.0011, 1.0001, 0.9989, 1.0036, 0.9885, 0.9896, 0.9857, 0.9908, 0.9859, 1.0271, 0.9947, 1.006, 0.9851, -0.0106, 1.0019, 0.9934, 1.0016, 1.0085;"=""0.5704""";"=""2.5777""";Турбулентная Мозаичная Пена Кометы
COMET_SHIMMER_19;0.9924, 1.0086, 0.9933, 0.9867, 0.9974, 1.0081, 1.0079, 0.9738, 1.0015, 0.9882, 0.9943, 1.0047, 0.9911, 0.9966, 1.0125, 0.9973, 0.9922, 0.9987, 0.9899, 1.0031, 1.003, 1.0184, 1.0081, 1.0036, 0.9844, 0.987, 0.9909, 0.9978, 0.9955, 0.9911, 1.0027, 0.9863, 0.9983, 0.9993, 0.9892, 1.0286, 1.0147, 0.9869, 0.9862, 0.999, 0.995, 1.0013, 0.9984, 0.9994, 1.0028, 1.0043, 0.9931, 1.0072, 0.992, 0.9962, 0.9982, 1.0265, 1.0138, 0.9874, 0.9938, 0.9917, 1.0013, 0.9887, 0.9936, 1.0252, 0.9935, 0.9957, 0.9985, 0.9923, 0.9972, 0.9982, 0.9996, 1.0024, 0.9938, 1.0058, 0.9924, 1.0024, 0.9992, 1.0107, 0.0056, 1.0123, 1.0029, 1.0048, 0.9967, 1.0075, 0.9998, -0.0044, 1.004, 0.9895, 1.0146, 0.9977, 1.0043, 0.9957, 0.9779, 0.9828, 1.0063, 0.9972, 1.0011, 1.0069, 1.0161, -0.0008, 1.0021, 1.0084, 0.9864, 0.995;"=""0.565""";"=""2.5649""";Турбулентная Мозаичная Пена Кометы
COMET_SHIMMER_20;0.9845, 0.9956, 0.9886, 0.9988, 1.0077, 0.9835, 1.0139, 1.0126, 1.0036, 1.002, 0.9887, 1.0067, 0.9906, 1.0117, 1.0018, 0.9979, 0.9971, 0.9735, 1.0051, 1.0024, 0.9876, 0.995, 0.9959, 0.9913, 0.9962, 0.9929, 0.9941, 0.9967, 0.9931, 0.9975, 1.009, 0.99, 1.0072, 1.0011, 0.992, 1.0033, 1.012, 1.0223, 0.9979, 1.0048, 0.9993, 0.9977, -0.0138, 1.039, 0.9982, 1.0015, 0.9935, 1.0119, 1.0044, 0.9923, 1.0107, 1.0039, 0.9973, 0.9949, 0.9978, 0.9838, 1.0076, 1.0133, 1.0036, 0.9821, 1.0219, 0.9988, 0.9841, 0.9962, 1.0274, 0.9778, 1.0073, 0.9967, 0.9936, 0.9893, 0.9987, 0.9947, 0.9981, 0.9938, 0.9983, 1.0192, 0.9989, 0.9834, 0.997, 1.0046, 0.9986, -0.0037, 0.9963, 0.9977, 0.9736, 0.994, 1.0042, 1.0094, 0.9918, 1.018, 1.0121, 1.0063, 1.0071, 0.9863, 1.0083, -0.0061, 0.9995, 1.0166, 0.9925, 1.0008;"=""0.4767""";"=""2.5719""";Турбулентная Мозаичная Пена Кометы
COMET_SHIMMER_21;1.0012, 1.0057, 1.0034, 0.996, 0.988, 0.9964, 1.0073, 1.017, 1.0119, 0.9964, 0.9867, -0.0001, 0.9916, 0.9944, 0.9952, 0.9971, 0.9968, 1.0056, 0.9847, 0.9888, 1.0112, 0.989, 0.9955, 1.002, 1.0138, 0.9928, 1.0095, 0.9874, 0.9979, 0.9964, 0.996, 1.0017, 1.0117, 1.0149, 1.011, 1.0014, 1.01, 1.0131, 0.9962, 1.0045, 0.9854, 1.0018, 1.0094, 0.9981, 1.015, 0.9908, 1.0041, 0.9982, 0.9806, 0.9849, 0.9891, 0.9937, 1.0025, 1.0116, 1.0088, 0.9879, 1.002, 1.0092, 0.9838, 1.0015, 0.9994, 1.002, 1.0082, 1.0097, 1.0075, 1.0028, 1.002, 1.0005, 0.986, 1.0029, 1.0008, 0.9866, 0.9789, 1.0016, 0.9932, 0.9863, 1.0111, 1.0026, 1.0085, 0.9954, 0.9988, 0.0067, 0.9876, 1.0183, 0.989, 0.9827, 0.9819, 1.0227, 1.0021, 0.9913, 0.9965, 1.0125, 1.0058, 0.9844, 1.0208, -0.0125, 1.0174, 1.0014, 0.9849, 0.9989;"=""0.5396""";"=""2.5461""";Турбулентная Мозаичная Пена Кометы
COMET_SHIMMER_22;0.9985, 1.0072, 1.0025, 1.0037, 1.0259, 1.0029, 1.0028, 0.9936, 0.9811, 1.019, 1.0006, 0.9994, 0.9963, 0.9902, 1.0065, 1.0081, 0.9934, 0.9944, 1.002, 0.9976, 0.9944, 1.005, 1.0023, 1.0019, 0.9895, 1.0117, 0.9767, 1.0045, 1.007, 1.0066, 0.9921, 0.9983, 0.9988, 1.0047, 0.9958, 0.0033, 1.0108, 0.986, -0.0122, 1.0167, 1.0011, -0.0003, 1.0051, 1.0024, 0.9941, 0.9806, 1.0175, 1.0163, 0.9967, -0.0007, 1.0285, 1.0131, 0.9959, 0.9964, 1.0141, 1.0009, 1.0018, 1.0073, 1.0184, 1.0079, 1.0058, 1.0073, 0.9948, 0.9902, 1.021, 1.0061, 0.9973, 0.9957, 1.0022, 1.0073, 0.9995, 1.0191, 0.9932, 1.0051, 0.994, 0.9925, 0.9944, 1.0069, 1.0217, 0.9922, 0.9962, 0.0148, 0.9988, 1.0009, 1.0006, 0.9955, 1.0059, 0.996, 0.9953, 0.9892, 0.9869, 0.9837, 1.0037, 0.9977, 1.0105, 0.0052, 1.0022, 0.9978, 1.0107, 1.021;"=""0.5583""";"=""2.4875""";Турбулентная Мозаичная Пена Кометы
COMET_SHIMMER_23;1.0019, 1.0027, 1.0063, 0.994, 1.0082, 1.0001, 1.0061, 1.0129, 1.0096, 0.995, 1.0016, 0.9872, 0.9987, 0.9898, 1.0015, 0.9942, 1.0097, 1.0013, 0.9783, 1.0034, 0.9824, 0.9966, 0.9763, 0.998, 1.0105, 1.0177, 0.9893, 0.9957, 1.0037, 1.0027, 1.0145, 1.0115, 1.0051, 1.0142, 0.9973, 1.0034, 1.0108, 1.0028, 1.0001, 0.9828, 1.0121, 1.0027, 1.002, 1.0008, 1.0156, 0.9993, 0.9971, 1.011, 1.004, 1.0044, 0.9962, 0.9883, 1.0053, -0.0147, 0.9843, 0.9793, 1.0075, 1.0135, 0.9911, 1.0008, 1.0004, 0.9982, 0.9919, 1.0075, 0.9903, 1.0056, 1.0001, 1.0139, 0.9854, 1.0105, 1.019, 1.0193, 1.0047, 0.9855, 0.9964, 1.0191, 0.9912, 0.9896, 1.0204, 0.9916, 1.0043, 0.0185, 1.0089, 0.9927, 0.9841, 0.9953, 1.0002, 0.9832, 0.9953, 1.0063, 1.0153, 0.9867, 0.9982, 0.9821, 1.0126, 0.0038, 0.9944, 1.0021, 0.9959, 0.9948;"=""0.5037""";"=""2.5772""";Турбулентная Мозаичная Пена Кометы
COMET_SHIMMER_24;1.0085, 0.9954, 1.0106, 0.999, 1.0089, 1.014, 0.9941, 0.9906, 0.9863, 1.0156, 0.9893, 1.006, 0.9992, 1.0029, 1.002, 0.9996, 1.0036, 0.9972, 1.0057, 0.996, 0.9897, 1.0047, 0.9936, 1.0038, 1.0093, 0.9922, 0.9948, 0.9849, 0.9977, 1.0067, 1.0038, 1.0145, 1.0087, 0.9887, 0.9982, 1.0016, 1.0161, 0.9893, 0.9837, 0.9974, 1.0025, 0.9998, 0.9854, 1.0172, 1.0001, 0.9993, 1.012, 1.0048, 0.9894, 1.007, 0.9971, 1.0044, 0.993, 1.0079, 0.9927, 0.9961, 0.991, 0.9905, 1.0058, 1.0029, 1.0081, 0.9989, 1.0035, 0.9996, 0.9978, 1.0141, 0.9893, 0.9968, 1.0028, 0.989, 1.0043, 1.0035, 1.0014, 0.9942, 0.0079, 1.0043, 1.017, 1.0117, 0.9863, 1.0045, 0.9835, 0.0154, 1.0003, 0.9977, 0.9968, 1.0061, 1.0083, 1.0131, 1.0044, 1.0118, 1.0063, 1.0054, 0.9834, 1.0219, 1.0047, 0.0006, 0.9879, 0.9913, 1.0071, 0.9829;"=""0.5628""";"=""2.5569""";Турбулентная Мозаичная Пена Кометы
COMET_SHIMMER_25;0.9856, 1.0033, 0.9901, 0.9936, 1.0088, 0.9847, 1.0, 1.0145, 1.012, 1.0088, 0.9847, 0.9911, 0.9994, 1.0151, 0.9897, 1.0109, 0.9934, 1.0036, 0.9913, 0.9918, 0.9829, 1.0003, 0.9824, 0.9965, 0.9871, 0.9961, 0.9963, 0.9978, 0.9963, 1.0058, 0.9829, 1.0011, 1.004, 0.9916, 0.9805, 1.005, 0.9841, -0.0117, 0.99, 1.008, 0.9976, 1.0023, 0.9985, 0.9926, 0.9916, 1.0035, 0.9903, 1.0118, 1.0085, 0.9999, 0.9871, 1.0012, 1.0095, 1.0115, 0.9814, 1.0014, 0.9994, 1.0098, 1.0021, 0.9997, 0.9927, 1.0119, 1.0036, 0.9981, 1.0016, 1.0071, 1.0084, 0.0031, 0.9865, 0.9947, 1.0086, 1.0073, 1.014, 1.0039, 0.9871, 0.9887, 0.9952, 0.9898, 0.9891, 0.9955, 1.0065, 0.0061, 0.9805, 1.011, 0.9928, 1.0022, 1.0244, 0.9888, 0.992, 1.008, 1.0098, 0.991, 1.0086, 1.0047, 0.9952, 0.0114, 0.9986, 0.9912, 1.0032, 1.0089;"=""0.4828""";"=""2.5658""";Турбулентная Мозаичная Пена Кометы
COMET_SHIMMER_26;0.9978, 0.9995, 1.014, 1.0141, 1.0014, 0.9897, 1.001, 0.9963, 1.0004, 0.989, 0.9931, 0.9852, 0.9963, 0.9869, 0.9932, 0.9945, 1.0064, 0.9784, 0.9921, 1.0083, 0.9941, 0.9885, 1.0005, 1.0186, 1.0062, 0.988, 0.9898, 0.9886, 0.9983, 1.0006, 1.0021, 0.9962, 0.994, 1.0084, -0.0008, 0.9918, 0.9877, 1.0232, 1.0175, 0.9981, 0.9924, 1.0124, 0.9927, -0.0061, 0.9941, 1.0111, 1.0145, 1.0061, 1.0165, 1.0112, 0.9963, 0.9909, 1.0019, 1.0051, 1.0063, 1.0027, 0.9946, 1.0032, 0.9888, 1.0074, 1.0087, 1.0035, 0.9948, 0.985, 1.0071, 1.014, 1.0009, 0.9857, 1.0018, 1.0079, 1.0105, 0.9982, 1.0085, 1.0025, 0.9946, 0.9922, 1.0023, 0.9914, 0.9963, 0.9874, 0.9878, 0.0121, 1.0, 1.0128, 0.9824, 1.0085, 1.007, 1.0022, 0.9827, 1.0034, 1.0073, 0.9971, 0.9953, 1.0025, 1.0016, 0.0098, 1.0007, 0.9952, 1.0045, 1.0035;"=""0.4552""";"=""2.5674""";Турбулентная Мозаичная Пена Кометы
COMET_SHIMMER_27;0.9962, 0.9972, 0.9959, 1.0049, 1.0059, 0.9924, 0.9909, 0.997, 0.992, 0.99, 0.9972, 0.9892, 0.9957, 1.009, 0.9876, 0.9856, 0.9861, 0.9927, 1.0122, 1.0032, 1.0086, 0.0138, 1.0036, 1.0039, 1.008, 0.9979, 0.9989, 0.9941, 0.9976, 1.0089, 0.98, 0.9872, 0.9818, 0.9965, 0.9994, 0.9854, 1.0033, 1.0159, 1.0178, 0.9992, 0.9921, 0.9977, 1.004, 0.9963, 0.9985, 1.0115, 0.9926, 1.0039, 0.9828, 0.9979, 1.0109, 1.0026, 1.0105, 1.0071, 1.0125, 0.9944, 0.9907, 0.9891, 1.0006, 1.0019, 1.0122, 0.9811, 0.9949, 1.0205, 1.0169, 1.0061, 0.9945, 1.011, 0.9962, 0.9831, 0.9928, 1.0236, 0.9889, 0.9904, 0.9924, 1.0068, 1.0074, 1.0017, 1.0123, 1.0021, 1.0068, -0.0052, 0.992, 0.9934, 1.0031, 1.0021, 1.0053, 1.0117, 1.0071, 0.9908, 0.992, 0.9984, 0.9926, 1.0013, 1.006, 0.0071, 1.0088, 0.0062, 0.9934, 1.0024;"=""0.5447""";"=""2.4958""";Турбулентная Мозаичная Пена Кометы
COMET_SHIMMER_28;0.9881, 0.9964, 1.0098, 1.0071, 1.0064, 0.9973, 0.9987, 1.0029, 1.0091, 0.9819, 1.0248, 0.9963, 0.9999, 1.0048, 1.0088, 0.9948, 1.0113, 1.0041, 0.996, 0.9981, 0.9805, 1.0065, 0.991, 0.9907, 0.9975, 1.0057, 1.0092, 1.0075, 1.0009, 1.0102, 0.9963, 1.0001, 1.0079, 1.0163, 0.9856, 0.9814, 0.9986, 0.9999, 0.9875, 0.998, 1.0005, 1.0297, 0.9976, 1.0118, 1.0013, 0.9867, 0.9794, 0.9928, 1.0037, 0.9857, 0.9918, 0.9948, 0.9934, 1.0031, 1.0037, 0.9947, 0.9899, 1.0032, 0.9969, 0.9879, 0.998, 1.0043, 0.9983, 1.0038, 0.9886, 1.0062, 1.0209, 1.0111, 1.0058, 0.9875, 0.9887, 1.0065, 0.9785, 0.9987, 0.994, 1.0007, 1.0126, 0.9979, 0.9891, 1.0218, 1.0219, -0.0063, 1.001, 0.9901, 1.0025, 0.9991, 1.0131, 1.0163, 0.9869, 1.0021, 1.0101, 1.0049, 0.9831, 0.9978, 0.9957, -0.001, 1.0009, 0.993, 0.9984, 0.9978;"=""0.541""";"=""2.5657""";Турбулентная Мозаичная Пена Кометы
COMET_SHIMMER_29;0.9889, 0.9817, 1.0117, 0.9766, 1.0104, 1.0001, 1.0013, 1.004, 0.9994, 0.9999, 0.9835, 1.0025, 1.01, 1.0022, 1.0052, 0.9924, 1.0028, 1.0086, 1.0033, 0.9943, 0.9934, 0.9847, 0.9837, 0.9971, 0.9995, 0.9954, 0.9949, 0.9933, 1.0055, 0.9995, 1.0096, 0.9952, 1.0016, 1.0125, 1.0152, 1.0051, 0.9996, 0.9916, 0.9947, 0.9893, 0.994, 1.0226, 1.0059, 0.9938, 0.0065, 0.9955, 1.0122, 1.0028, 1.0022, 0.9963, 1.0009, 0.9949, 0.9836, 0.9997, 0.9851, 0.0116, 1.0078, 0.9804, 1.0062, 0.9959, 0.9853, 1.0006, 0.9983, 0.9989, 0.9951, 1.009, 1.0035, 0.9995, 0.9936, 0.9936, 1.0001, 1.0004, 1.0134, 1.0013, 1.0076, 0.9878, 0.9992, 0.9847, 1.0064, 1.0196, 1.0096, -0.0017, 1.0042, 1.0102, 0.9878, 1.0081, 1.0012, 0.9928, 0.9979, 1.001, 0.9881, 0.9784, 1.0155, 1.0148, 0.9911, 0.012, 0.9977, 0.9948, 1.0177, 0.9976;"=""0.4954""";"=""2.5657""";Турбулентная Мозаичная Пена Кометы
COMET_SHIMMER_30;0.9903, 1.0131, 0.9935, 0.9993, 0.9979, 1.0129, 0.9926, 0.986, 1.0013, 0.9918, 1.0078, 0.9913, 1.0205, 1.0188, 0.9848, 0.9957, 0.9967, 0.9965, 0.9999, 0.9998, 1.0261, 0.9885, 0.986, 1.011, 0.9951, 0.9992, 0.9973, 1.008, 0.9892, 0.9965, 0.9975, 1.0012, 1.0109, 1.0003, 0.9979, 0.9996, 0.9995, 1.0098, 1.0152, 0.9922, 0.9997, 0.987, 0.9965, 1.0091, 1.0088, 1.0044, 0.9984, 1.021, 0.9964, 1.0074, 1.0042, 1.0001, 1.0182, 1.0064, 0.9868, 0.9884, 1.0049, 0.9972, 0.9895, 0.9864, 0.9932, -0.011, 1.0081, 1.0159, 0.9938, 0.9906, 0.9945, 0.9958, 0.9995, 0.994, 1.0175, 1.0083, 1.002, 1.0133, 0.9945, 1.0005, 1.0012, 0.9929, 0.979, 0.9833, 0.9952, 0.0113, 1.0219, 1.0056, 1.0043, 1.012, 0.9992, 1.0013, 0.9867, 0.9956, 0.9928, 0.9994, 1.0027, 0.9983, 1.0076, -0.0009, 1.0097, 1.0127, 0.9947, -0.0005;"=""0.5465""";"=""2.5641""";Турбулентная Мозаичная Пена Кометы
COMET_SHIMMER_31;0.9929, 1.0029, 1.0101, 0.9995, 0.9983, 0.9977, 0.9825, 0.9876, 0.9958, 1.0172, 0.9987, 1.0062, 1.0185, 0.9931, 0.9867, 0.9952, 0.9852, 0.9907, 0.9799, 1.0081, 1.0092, 0.9923, 0.9965, 1.003, 0.9913, 1.0022, 1.006, 1.0135, 0.9965, 0.9958, 0.9951, 1.0028, 0.9874, 0.9879, 0.9848, 1.0001, 0.9931, 1.0008, 1.0135, 0.9909, 0.9878, 1.0101, 1.0045, 1.0052, 0.9852, 0.9963, 1.0023, 1.015, 0.9807, 0.9881, 0.9785, 1.0135, 1.0044, 1.0056, 0.9995, 0.9883, 1.0095, 0.9949, 0.9873, 0.9976, 0.9993, 0.9933, -0.0067, 0.9972, 1.0039, 0.9989, 1.0177, 0.9893, 0.9796, 0.9977, 1.0176, 1.0063, 0.9839, 1.0048, 0.985, 0.988, 0.9952, 1.0032, 1.0018, 0.9916, 1.0084, -0.0001, 1.0041, 1.006, 0.9984, 0.9952, 0.9897, 0.9771, 0.9976, 0.9925, 1.0026, 0.9999, 0.9934, 1.0177, 0.9932, -0.0156, 0.9836, 1.0117, 0.9868, 0.988;"=""0.5306""";"=""2.5693""";Турбулентная Мозаичная Пена Кометы
COMET_SHIMMER_32;0.984, 1.0126, 1.0013, 0.0003, 1.0096, 1.016, 0.9875, 1.0054, 0.9877, 0.9896, 1.0076, 1.0, 0.9928, 1.0024, 1.017, 0.9898, 0.9984, 1.0065, 0.993, 0.9899, 0.9947, 1.0076, 1.0169, -0.0145, 1.0047, 0.9951, 1.017, 1.0007, 0.9992, 1.0002, 1.002, 0.9894, 1.0048, 0.9918, 1.0092, 0.9854, 0.9984, 0.9975, 0.9996, 0.9841, 0.9831, 1.0118, 0.9956, 0.9931, 1.0196, 0.9989, 1.0149, 1.0184, 1.0094, 1.0145, 0.9979, 0.9956, 1.0017, 1.0018, 0.9975, 0.9867, 0.9828, 0.9951, 0.9756, 0.9981, 1.0053, 1.0036, 0.9909, 1.0051, 0.9994, 0.9906, 0.9915, 0.9919, 1.0027, 1.0, 0.9836, 1.01, 0.9917, 1.0076, 1.0086, 0.9956, 0.9996, 0.9957, 0.9875, 1.0013, 1.0066, 0.0037, 0.9657, 1.0013, 1.0063, 1.0147, 1.0122, 0.989, 0.9884, 0.9956, 0.988, 0.9809, 1.0168, 1.004, 0.9758, 0.0056, 1.0026, 1.0053, 0.99, 0.9904;"=""0.5338""";"=""2.5751""";Турбулентная Мозаичная Пена Кометы
COMET_SHIMMER_33;1.0028, 1.0001, 1.0133, 1.0016, 1.0101, 0.9912, 1.0045, 1.0111, 0.9852, 0.9877, 0.995, 1.0129, 1.0075, 0.9941, 0.9978, 1.0046, 0.9959, 1.0095, 1.0113, 1.0061, 0.9988, 0.998, 1.0016, 0.9937, 0.9881, 0.9851, 0.9909, 1.0057, 0.9972, 0.0033, 0.9934, 0.9921, 0.9855, 0.9963, 0.9962, 1.0005, 0.997, 1.0105, 1.0004, 0.9797, 1.0031, 0.9947, 0.9903, 0.9807, 0.9953, 1.0017, 1.0053, 1.0129, 1.014, 1.0094, 1.0114, 1.0142, 1.0103, 0.9981, 1.0027, 1.0201, 0.9889, 0.9877, 0.0142, 1.0028, 0.9851, 0.9969, 0.9909, 0.9875, 1.003, 1.0015, 1.0058, 0.9994, 1.0034, 0.9955, 1.0022, 1.0004, 0.995, 0.9977, 1.0049, 0.9967, 0.9988, 1.0095, 1.0009, 1.0147, 1.0026, -0.0047, 1.0004, 1.0047, 0.9839, 0.991, 0.9901, 1.001, 1.0038, 1.002, 0.9998, 1.0038, 1.0001, 0.9989, 0.9989, -0.0092, 1.023, 1.008, 0.9981, 1.0146;"=""0.4436""";"=""2.5626""";Турбулентная Мозаичная Пена Кометы
COMET_SHIMMER_34;0.9997, 1.0087, -0.0134, 1.0007, 0.9841, 1.0038, 0.9992, 1.0174, 1.008, 0.9997, 1.0069, 1.001, 0.0005, 1.0011, 0.9844, 0.9746, 1.0026, 1.0092, 0.9925, 0.9903, 1.0129, 1.008, 0.9977, 1.0174, 0.9854, 1.0018, 0.995, 0.979, 0.9979, 0.9866, 1.0072, 0.9833, 0.9978, 0.9873, 1.0137, 0.9978, 1.0042, 1.0096, 1.0087, 1.0042, 0.9966, 1.0055, 1.0116, 0.9842, 1.0046, 1.0059, 1.0117, 1.0009, 1.0063, 1.0037, 0.9966, 1.0084, 1.0125, 0.9637, 0.0167, 1.0083, 0.9965, 1.003, 0.9998, 0.9981, 0.9982, 0.9832, 0.9865, 1.0128, 0.993, 0.9902, 0.9975, 1.0031, 0.9939, 1.0088, 0.9955, 0.9885, 0.9961, 0.9997, 1.0053, 1.0161, 0.999, 1.0028, 0.9869, 1.0022, 1.0084, 0.0086, 0.9973, 0.9997, 1.0039, 0.9968, 1.0101, 0.9966, 1.014, 1.0101, 1.0004, 0.9951, 1.0069, 0.999, 1.0098, -0.0104, 0.9838, 1.0103, 0.9972, 1.0004;"=""0.5166""";"=""2.5756""";Турбулентная Мозаичная Пена Кометы
COMET_SHIMMER_35;1.0005, 1.0001, 0.9888, 1.0083, 1.0045, 0.994, 0.995, 0.9923, 1.0024, 0.994, 1.0152, 1.0122, 0.9921, 0.9955, 1.0036, 0.9917, 0.9871, 1.0096, 0.9956, 1.0077, 0.9815, 1.0179, 1.0067, 0.9853, 0.9896, 1.0086, 0.9962, 1.018, 0.9928, 0.9887, 0.9958, 0.9967, 0.9986, 0.9824, 0.9946, 0.9898, 0.9931, 0.985, 1.0112, 1.0175, 0.9988, 1.0058, 1.0114, 1.0034, 0.9938, 0.9954, 1.0035, 0.9896, 1.0023, 0.9903, 1.0049, 1.0064, 1.0046, 1.0014, 1.002, 0.9903, 1.0221, 1.0126, 1.0009, 0.9971, 0.9908, 1.0275, 0.9931, 0.9867, 1.0135, 1.0188, 0.9919, 0.9962, 0.9839, 0.9814, 0.9877, 1.0228, 0.9988, 1.0144, 1.0135, 1.0015, 1.0097, 1.0041, 1.0034, 1.0102, 0.986, 0.01, 0.9978, 1.0107, 1.0055, 1.0046, 1.0035, 0.9985, 1.0123, 0.9986, 0.9972, 1.0019, 1.0108, 1.0062, 1.0154, 0.0023, 1.0209, 1.0044, 0.9963, 1.0048;"=""0.5351""";"=""2.5546""";Турбулентная Мозаичная Пена Кометы
